{
"type": "FeatureCollection",
"name": "city_lands",
"crs": { "type": "name", "properties": { "name": "urn:ogc:def:crs:OGC:1.3:CRS84" } },
"xy_coordinate_resolution": 1e-06,
"features": [
{ "type": "Feature", "properties": { "land_id": "102", "land_name": "MARINA GREEN", "category": "Recreation & Park", "department_name": "Recreation and Parks" }, "geometry": { "type": "Polygon", "coordinates": [ [ [ -122.432933, 37.808956 ], [ -122.432219, 37.805372 ], [ -122.432252, 37.805335 ], [ -122.433458, 37.805181 ], [ -122.433877, 37.805246 ], [ -122.435529, 37.806294 ], [ -122.435555, 37.806334 ], [ -122.435643, 37.806773 ], [ -122.448209, 37.805166 ], [ -122.448384, 37.806285 ], [ -122.448639, 37.80613 ], [ -122.448728, 37.806702 ], [ -122.448454, 37.806732 ], [ -122.448471, 37.806839 ], [ -122.448745, 37.806809 ], [ -122.449172, 37.809558 ], [ -122.44913, 37.809588 ], [ -122.436773, 37.811168 ], [ -122.436238, 37.808533 ], [ -122.432933, 37.808956 ] ] ] } },
{ "type": "Feature", "properties": { "land_id": "132", "land_name": "INA COOLBRITH PARK", "category": "Recreation & Park", "department_name": "Recreation and Parks" }, "geometry": { "type": "Polygon", "coordinates": [ [ [ -122.413175, 37.798124 ], [ -122.413647, 37.798065 ], [ -122.413724, 37.798441 ], [ -122.413252, 37.798501 ], [ -122.413175, 37.798124 ] ] ] } },
{ "type": "Feature", "properties": { "land_id": "293", "land_name": "SLOPE PROTECTION AT ROOSEVELT", "category": "Public Works", "department_name": "Public Works" }, "geometry": { "type": "Polygon", "coordinates": [ [ [ -122.444983, 37.762135 ], [ -122.444974, 37.761983 ], [ -122.44512, 37.761974 ], [ -122.444983, 37.762135 ] ] ] } },
{ "type": "Feature", "properties": { "land_id": "825", "land_name": "14th AVE & QUINTARA ST - TERMINAL LOOP", "category": "MTA", "department_name": "Municipal Transportation Agency" }, "geometry": { "type": "Polygon", "coordinates": [ [ [ -122.47092, 37.748763 ], [ -122.47074, 37.748771 ], [ -122.470731, 37.748639 ], [ -122.47092, 37.748631 ], [ -122.47092, 37.748763 ] ] ] } },
{ "type": "Feature", "properties": { "land_id": "611", "land_name": "COURTS BUILDING", "category": "Real Estate", "department_name": "GSA - Real Estate Division" }, "geometry": { "type": "Polygon", "coordinates": [ [ [ -122.419752, 37.780592 ], [ -122.418812, 37.780711 ], [ -122.418746, 37.780386 ], [ -122.419686, 37.780266 ], [ -122.419752, 37.780592 ] ] ] } },
{ "type": "Feature", "properties": { "land_id": "1239", "land_name": "McCoppin Hub Plaza", "category": "Real Estate", "department_name": "GSA - Real Estate Division" }, "geometry": { "type": "Polygon", "coordinates": [ [ [ -122.423, 37.77162 ], [ -122.422675, 37.77164 ], [ -122.422664, 37.771495 ], [ -122.422919, 37.77148 ], [ -122.423, 37.77162 ] ] ] } },
{ "type": "Feature", "properties": { "land_id": "581", "land_name": "FAIRMOUNT PLAZA", "category": "Recreation & Park", "department_name": "Recreation and Parks" }, "geometry": { "type": "Polygon", "coordinates": [ [ [ -122.429265, 37.738063 ], [ -122.429287, 37.738918 ], [ -122.428802, 37.738589 ], [ -122.428796, 37.738368 ], [ -122.429265, 37.738063 ] ] ] } },
{ "type": "Feature", "properties": { "land_id": "114", "land_name": "JEFFERSON SQUARE", "category": "Recreation & Park", "department_name": "Recreation and Parks" }, "geometry": { "type": "Polygon", "coordinates": [ [ [ -122.427109, 37.781233 ], [ -122.42726, 37.781979 ], [ -122.424207, 37.782368 ], [ -122.424056, 37.781622 ], [ -122.427109, 37.781233 ] ] ] } },
{ "type": "Feature", "properties": { "land_id": "575", "land_name": "UNDEDICATED STREET (WINSTON DR)", "category": "Public Works", "department_name": "Public Works" }, "geometry": { "type": "Polygon", "coordinates": [ [ [ -122.481428, 37.727536 ], [ -122.481572, 37.727415 ], [ -122.481724, 37.727324 ], [ -122.481894, 37.727256 ], [ -122.482059, 37.727215 ], [ -122.483285, 37.727152 ], [ -122.483399, 37.727163 ], [ -122.483511, 37.727196 ], [ -122.482069, 37.727269 ], [ -122.481899, 37.727313 ], [ -122.481742, 37.72738 ], [ -122.481602, 37.727467 ], [ -122.481478, 37.727574 ], [ -122.481428, 37.727536 ] ] ] } },
{ "type": "Feature", "properties": { "land_id": "261", "land_name": "GENEVA AVE (REMAINDER AT CAYUGA)", "category": "Public Works", "department_name": "Public Works" }, "geometry": { "type": "Polygon", "coordinates": [ [ [ -122.443705, 37.718779 ], [ -122.443487, 37.718608 ], [ -122.44349, 37.718605 ], [ -122.443705, 37.718779 ] ] ] } },
{ "type": "Feature", "properties": { "land_id": "198", "land_name": "SLOPE PROTECTION-CHAPMAN ST & NEVADA ST", "category": "Public Works", "department_name": "Public Works" }, "geometry": { "type": "Polygon", "coordinates": [ [ [ -122.411655, 37.741609 ], [ -122.411649, 37.741688 ], [ -122.411407, 37.741676 ], [ -122.411413, 37.741596 ], [ -122.411655, 37.741609 ] ] ] } },
{ "type": "Feature", "properties": { "land_id": "92", "land_name": "MOUNTAIN LAKE PARK", "category": "Recreation & Park", "department_name": "Recreation and Parks" }, "geometry": { "type": "MultiPolygon", "coordinates": [ [ [ [ -122.473201, 37.787217 ], [ -122.472568, 37.787341 ], [ -122.472702, 37.786929 ], [ -122.472814, 37.786416 ], [ -122.473142, 37.786401 ], [ -122.473201, 37.787217 ] ] ], [ [ [ -122.466299, 37.786909 ], [ -122.472328, 37.786636 ], [ -122.472314, 37.78644 ], [ -122.472389, 37.78644 ], [ -122.472419, 37.786469 ], [ -122.4723, 37.786969 ], [ -122.472136, 37.787426 ], [ -122.471004, 37.787649 ], [ -122.471004, 37.787234 ], [ -122.466389, 37.788156 ], [ -122.466299, 37.786909 ] ] ] ] } },
{ "type": "Feature", "properties": { "land_id": "83", "land_name": "OPEN SPACE (15TH AVE. & NORIEGA ST.)", "category": "Recreation & Park", "department_name": "Recreation and Parks" }, "geometry": { "type": "Polygon", "coordinates": [ [ [ -122.472357, 37.754821 ], [ -122.472735, 37.755081 ], [ -122.472549, 37.755263 ], [ -122.47257, 37.755289 ], [ -122.472257, 37.755447 ], [ -122.472194, 37.755355 ], [ -122.47216, 37.755251 ], [ -122.472133, 37.755044 ], [ -122.472115, 37.754694 ], [ -122.472128, 37.754667 ], [ -122.472163, 37.754652 ], [ -122.472201, 37.754662 ], [ -122.472357, 37.754821 ] ] ] } },
{ "type": "Feature", "properties": { "land_id": "628", "land_name": "CITY-OWNED PARCEL (1334038)", "category": "Real Estate", "department_name": "GSA - Real Estate Division" }, "geometry": { "type": "Polygon", "coordinates": [ [ [ -122.484259, 37.786653 ], [ -122.484154, 37.786658 ], [ -122.484144, 37.786521 ], [ -122.48425, 37.786516 ], [ -122.484259, 37.786653 ] ] ] } },
{ "type": "Feature", "properties": { "land_id": "354", "land_name": "PARK MERCED SEWAGE PUMP STATION", "category": "PUC/Wastewater", "department_name": "Public Utilities Commission" }, "geometry": { "type": "Polygon", "coordinates": [ [ [ -122.484725, 37.716478 ], [ -122.484718, 37.716267 ], [ -122.484939, 37.716268 ], [ -122.484929, 37.716479 ], [ -122.484725, 37.716478 ] ] ] } },
{ "type": "Feature", "properties": { "land_id": "418", "land_name": "Wells, Ida B. High School", "category": "Unified School District", "department_name": "School District (SFUSD)" }, "geometry": { "type": "Polygon", "coordinates": [ [ [ -122.433449, 37.774686 ], [ -122.434197, 37.774591 ], [ -122.434347, 37.775339 ], [ -122.433596, 37.775434 ], [ -122.433449, 37.774686 ] ] ] } },
{ "type": "Feature", "properties": { "land_id": "107", "land_name": "HAYES VALLEY COMM CTR", "category": "Recreation & Park", "department_name": "Recreation and Parks" }, "geometry": { "type": "Polygon", "coordinates": [ [ [ -122.426957, 37.775945 ], [ -122.427711, 37.775849 ], [ -122.427777, 37.776175 ], [ -122.427023, 37.776272 ], [ -122.426957, 37.775945 ] ] ] } },
{ "type": "Feature", "properties": { "land_id": "257", "land_name": "SEWER R/W (FOR SEWER ACCESS) AT DIAMOND & KERN", "category": "PUC/Wastewater", "department_name": "Public Utilities Commission" }, "geometry": { "type": "Polygon", "coordinates": [ [ [ -122.433591, 37.733831 ], [ -122.43304, 37.733722 ], [ -122.432842, 37.733624 ], [ -122.432748, 37.733475 ], [ -122.432822, 37.733447 ], [ -122.432908, 37.733583 ], [ -122.433053, 37.733655 ], [ -122.43361, 37.733773 ], [ -122.433591, 37.733831 ] ] ] } },
{ "type": "Feature", "properties": { "land_id": "787", "land_name": "4TH ST/CHANNEL ST PARKING SITE", "category": "Public Works", "department_name": "Public Works" }, "geometry": { "type": "Polygon", "coordinates": [ [ [ -122.391665, 37.774693 ], [ -122.392021, 37.774977 ], [ -122.390175, 37.776436 ], [ -122.390124, 37.77591 ], [ -122.391665, 37.774693 ] ] ] } },
{ "type": "Feature", "properties": { "land_id": "78", "land_name": "INTERIOR GREEN BELT", "category": "Recreation & Park", "department_name": "Recreation and Parks" }, "geometry": { "type": "MultiPolygon", "coordinates": [ [ [ [ -122.452265, 37.756961 ], [ -122.452512, 37.756965 ], [ -122.452453, 37.756993 ], [ -122.452388, 37.757002 ], [ -122.452321, 37.75699 ], [ -122.452265, 37.756961 ] ] ], [ [ [ -122.447981, 37.748634 ], [ -122.448131, 37.748369 ], [ -122.448069, 37.748641 ], [ -122.447981, 37.748634 ] ] ], [ [ [ -122.449772, 37.75112 ], [ -122.449661, 37.750949 ], [ -122.44996, 37.75095 ], [ -122.449951, 37.75107 ], [ -122.449772, 37.75112 ] ] ], [ [ [ -122.45565, 37.753364 ], [ -122.455446, 37.753658 ], [ -122.455417, 37.753664 ], [ -122.455247, 37.753628 ], [ -122.455467, 37.753324 ], [ -122.45565, 37.753364 ] ] ], [ [ [ -122.450014, 37.750302 ], [ -122.449984, 37.74979 ], [ -122.450205, 37.749786 ], [ -122.450017, 37.75052 ], [ -122.449969, 37.750809 ], [ -122.449738, 37.750808 ], [ -122.450014, 37.750302 ] ] ], [ [ [ -122.459499, 37.759112 ], [ -122.459752, 37.759665 ], [ -122.459812, 37.759858 ], [ -122.459737, 37.760005 ], [ -122.459529, 37.760067 ], [ -122.459186, 37.760078 ], [ -122.459071, 37.760107 ], [ -122.45901, 37.760203 ], [ -122.459006, 37.760318 ], [ -122.459092, 37.760507 ], [ -122.459098, 37.76063 ], [ -122.45905, 37.76085 ], [ -122.459011, 37.760906 ], [ -122.458946, 37.760946 ], [ -122.458867, 37.760963 ], [ -122.458788, 37.760955 ], [ -122.458723, 37.760926 ], [ -122.458676, 37.760883 ], [ -122.458651, 37.76083 ], [ -122.45865, 37.760773 ], [ -122.458677, 37.760714 ], [ -122.458733, 37.760667 ], [ -122.458812, 37.760639 ], [ -122.458915, 37.760636 ], [ -122.458968, 37.760592 ], [ -122.458971, 37.760553 ], [ -122.458867, 37.760335 ], [ -122.458872, 37.760175 ], [ -122.458975, 37.760016 ], [ -122.459162, 37.759969 ], [ -122.459501, 37.759958 ], [ -122.459632, 37.759919 ], [ -122.459667, 37.75985 ], [ -122.45962, 37.759697 ], [ -122.459337, 37.759068 ], [ -122.459499, 37.759112 ] ] ], [ [ [ -122.446616, 37.750217 ], [ -122.445341, 37.749302 ], [ -122.445423, 37.749208 ], [ -122.445517, 37.749322 ], [ -122.445645, 37.749422 ], [ -122.446747, 37.750046 ], [ -122.446985, 37.750137 ], [ -122.447356, 37.75022 ], [ -122.447228, 37.750565 ], [ -122.447171, 37.750892 ], [ -122.446888, 37.751197 ], [ -122.446723, 37.75149 ], [ -122.446615, 37.75147 ], [ -122.447055, 37.750484 ], [ -122.446868, 37.750434 ], [ -122.446892, 37.75038 ], [ -122.446748, 37.750208 ], [ -122.446616, 37.750217 ] ] ], [ [ [ -122.454069, 37.756093 ], [ -122.454496, 37.755447 ], [ -122.454725, 37.754979 ], [ -122.454777, 37.754777 ], [ -122.454821, 37.75436 ], [ -122.454909, 37.754127 ], [ -122.455135, 37.753761 ], [ -122.455289, 37.753794 ], [ -122.455311, 37.753811 ], [ -122.455312, 37.753836 ], [ -122.455112, 37.754131 ], [ -122.455011, 37.754352 ], [ -122.454966, 37.75454 ], [ -122.454935, 37.754856 ], [ -122.45487, 37.755069 ], [ -122.454624, 37.75553 ], [ -122.45417, 37.756151 ], [ -122.454092, 37.756286 ], [ -122.453995, 37.756558 ], [ -122.453935, 37.756987 ], [ -122.453812, 37.757217 ], [ -122.453767, 37.757034 ], [ -122.453677, 37.756865 ], [ -122.453561, 37.75673 ], [ -122.453429, 37.756659 ], [ -122.453261, 37.756631 ], [ -122.453136, 37.756644 ], [ -122.452718, 37.756846 ], [ -122.452714, 37.75669 ], [ -122.453023, 37.756535 ], [ -122.453212, 37.756496 ], [ -122.453418, 37.756514 ], [ -122.453581, 37.756569 ], [ -122.453725, 37.756666 ], [ -122.45383, 37.756797 ], [ -122.453873, 37.756542 ], [ -122.453958, 37.7563 ], [ -122.454069, 37.756093 ] ] ], [ [ [ -122.452056, 37.756959 ], [ -122.452122, 37.757038 ], [ -122.452219, 37.757095 ], [ -122.452329, 37.757122 ], [ -122.45245, 37.757119 ], [ -122.452563, 37.757082 ], [ -122.453173, 37.75676 ], [ -122.453289, 37.756746 ], [ -122.453379, 37.756786 ], [ -122.453494, 37.756925 ], [ -122.453555, 37.757062 ], [ -122.453576, 37.757205 ], [ -122.453555, 37.757349 ], [ -122.453494, 37.757486 ], [ -122.453467, 37.757525 ], [ -122.453286, 37.757666 ], [ -122.452977, 37.75786 ], [ -122.452645, 37.758038 ], [ -122.452222, 37.758221 ], [ -122.452064, 37.758255 ], [ -122.452031, 37.756961 ], [ -122.452056, 37.756959 ] ] ], [ [ [ -122.452033, 37.761267 ], [ -122.452443, 37.761215 ], [ -122.452265, 37.760334 ], [ -122.452008, 37.760366 ], [ -122.45201, 37.758799 ], [ -122.452878, 37.758811 ], [ -122.452877, 37.759952 ], [ -122.453084, 37.760102 ], [ -122.454155, 37.760117 ], [ -122.454825, 37.759764 ], [ -122.4559, 37.759781 ], [ -122.456011, 37.759814 ], [ -122.455638, 37.760308 ], [ -122.455639, 37.76029 ], [ -122.455193, 37.760585 ], [ -122.455089, 37.76058 ], [ -122.455081, 37.760674 ], [ -122.453801, 37.761726 ], [ -122.453551, 37.761536 ], [ -122.453487, 37.761585 ], [ -122.452481, 37.761403 ], [ -122.452457, 37.761283 ], [ -122.452047, 37.761334 ], [ -122.452033, 37.761267 ] ] ] ] } },
{ "type": "Feature", "properties": { "land_id": "106", "land_name": "GENEVA AVE PEDESTRIAN BRIDGE AT OCEAN AVE", "category": "Other", "department_name": "Mayor" }, "geometry": { "type": "Polygon", "coordinates": [ [ [ -122.451055, 37.722848 ], [ -122.451045, 37.722581 ], [ -122.451462, 37.722749 ], [ -122.4515, 37.722793 ], [ -122.451492, 37.722831 ], [ -122.451465, 37.722848 ], [ -122.451055, 37.722848 ] ] ] } },
{ "type": "Feature", "properties": { "land_id": "73", "land_name": "BUENA VISTA PARK", "category": "Recreation & Park", "department_name": "Recreation and Parks" }, "geometry": { "type": "Polygon", "coordinates": [ [ [ -122.438951, 37.76963 ], [ -122.438449, 37.769104 ], [ -122.438921, 37.76848 ], [ -122.440245, 37.767833 ], [ -122.440719, 37.76702 ], [ -122.442069, 37.766006 ], [ -122.442404, 37.766022 ], [ -122.442698, 37.766099 ], [ -122.442912, 37.766247 ], [ -122.442979, 37.766487 ], [ -122.443447, 37.766778 ], [ -122.443625, 37.767099 ], [ -122.443731, 37.767541 ], [ -122.443259, 37.768843 ], [ -122.442216, 37.76947 ], [ -122.442269, 37.769642 ], [ -122.442355, 37.769733 ], [ -122.442465, 37.769776 ], [ -122.442644, 37.769784 ], [ -122.442747, 37.769807 ], [ -122.442859, 37.76986 ], [ -122.442957, 37.769937 ], [ -122.443037, 37.770031 ], [ -122.443102, 37.770146 ], [ -122.443161, 37.770393 ], [ -122.440623, 37.770718 ], [ -122.439756, 37.770453 ], [ -122.439593, 37.770357 ], [ -122.439429, 37.770047 ], [ -122.43937, 37.769973 ], [ -122.438951, 37.76963 ] ] ] } },
{ "type": "Feature", "properties": { "land_id": "446", "land_name": "RESERVOIR LANDS", "category": "PUC/Water", "department_name": "Public Utilities Commission" }, "geometry": { "type": "Polygon", "coordinates": [ [ [ -122.463677, 37.754129 ], [ -122.463454, 37.754999 ], [ -122.463433, 37.755234 ], [ -122.463522, 37.756572 ], [ -122.463037, 37.756593 ], [ -122.462759, 37.756833 ], [ -122.462152, 37.756867 ], [ -122.461924, 37.756063 ], [ -122.461921, 37.75553 ], [ -122.463677, 37.754129 ] ] ] } },
{ "type": "Feature", "properties": { "land_id": "828", "land_name": "CABLE CAR TERMINAL", "category": "MTA", "department_name": "Municipal Transportation Agency" }, "geometry": { "type": "Polygon", "coordinates": [ [ [ -122.420712, 37.806811 ], [ -122.420704, 37.806765 ], [ -122.420913, 37.806738 ], [ -122.421224, 37.80693 ], [ -122.421195, 37.806966 ], [ -122.421392, 37.807083 ], [ -122.421291, 37.807188 ], [ -122.420903, 37.806951 ], [ -122.42092, 37.806932 ], [ -122.420712, 37.806811 ] ] ] } },
{ "type": "Feature", "properties": { "land_id": "1242", "land_name": "Townsend/4th/King ROW Section", "category": "Public Works", "department_name": "Public Works" }, "geometry": { "type": "Polygon", "coordinates": [ [ [ -122.392737, 37.778687 ], [ -122.394737, 37.777107 ], [ -122.394099, 37.776598 ], [ -122.392099, 37.778177 ], [ -122.392076, 37.778159 ], [ -122.394102, 37.776559 ], [ -122.394773, 37.777095 ], [ -122.392747, 37.778695 ], [ -122.392737, 37.778687 ] ] ] } },
{ "type": "Feature", "properties": { "land_id": "52", "land_name": "TWIN PEAKS RESERVOIR", "category": "PUC/Water", "department_name": "Public Utilities Commission" }, "geometry": { "type": "MultiPolygon", "coordinates": [ [ [ [ -122.445109, 37.756854 ], [ -122.444861, 37.756645 ], [ -122.44502, 37.756666 ], [ -122.445181, 37.756658 ], [ -122.445324, 37.756625 ], [ -122.445529, 37.756548 ], [ -122.445386, 37.756682 ], [ -122.445109, 37.756854 ] ] ], [ [ [ -122.444595, 37.756389 ], [ -122.444457, 37.756234 ], [ -122.444355, 37.756059 ], [ -122.444288, 37.755854 ], [ -122.444275, 37.755673 ], [ -122.444301, 37.755614 ], [ -122.444349, 37.755565 ], [ -122.444509, 37.755493 ], [ -122.444656, 37.755385 ], [ -122.444831, 37.755176 ], [ -122.444925, 37.754942 ], [ -122.444944, 37.754653 ], [ -122.444972, 37.754516 ], [ -122.445015, 37.754399 ], [ -122.445059, 37.75439 ], [ -122.445167, 37.755812 ], [ -122.445215, 37.755922 ], [ -122.445328, 37.756001 ], [ -122.445476, 37.756025 ], [ -122.445546, 37.756014 ], [ -122.445984, 37.755873 ], [ -122.446072, 37.755865 ], [ -122.446164, 37.75588 ], [ -122.446283, 37.755948 ], [ -122.446374, 37.756078 ], [ -122.446456, 37.756159 ], [ -122.44674, 37.756337 ], [ -122.446761, 37.756394 ], [ -122.446732, 37.756434 ], [ -122.446677, 37.756449 ], [ -122.446516, 37.756439 ], [ -122.446041, 37.756371 ], [ -122.44579, 37.756372 ], [ -122.445686, 37.756385 ], [ -122.445246, 37.75653 ], [ -122.44506, 37.756552 ], [ -122.444928, 37.75654 ], [ -122.444801, 37.756507 ], [ -122.444695, 37.756459 ], [ -122.444595, 37.756389 ] ] ], [ [ [ -122.4468, 37.756244 ], [ -122.446361, 37.755857 ], [ -122.44624, 37.75579 ], [ -122.446127, 37.755767 ], [ -122.44601, 37.755772 ], [ -122.445613, 37.755898 ], [ -122.44544, 37.755931 ], [ -122.445364, 37.755906 ], [ -122.445311, 37.755856 ], [ -122.44529, 37.755793 ], [ -122.445305, 37.755731 ], [ -122.44538, 37.755664 ], [ -122.445646, 37.755581 ], [ -122.445822, 37.755547 ], [ -122.446049, 37.755533 ], [ -122.446532, 37.755406 ], [ -122.4467, 37.755394 ], [ -122.446824, 37.755415 ], [ -122.446943, 37.755465 ], [ -122.447499, 37.75586 ], [ -122.447568, 37.755891 ], [ -122.447639, 37.75592 ], [ -122.4477, 37.755926 ], [ -122.44785, 37.755893 ], [ -122.447928, 37.755833 ], [ -122.447985, 37.755751 ], [ -122.44801, 37.755662 ], [ -122.448006, 37.755563 ], [ -122.447755, 37.754825 ], [ -122.4475, 37.754332 ], [ -122.4475, 37.754032 ], [ -122.448236, 37.754122 ], [ -122.448629, 37.754121 ], [ -122.448508, 37.754178 ], [ -122.448389, 37.754256 ], [ -122.448299, 37.754353 ], [ -122.448234, 37.754459 ], [ -122.448197, 37.754569 ], [ -122.448185, 37.754689 ], [ -122.448203, 37.754813 ], [ -122.448249, 37.754926 ], [ -122.448412, 37.755134 ], [ -122.448607, 37.755318 ], [ -122.448795, 37.755459 ], [ -122.449219, 37.75572 ], [ -122.449441, 37.755612 ], [ -122.449486, 37.75582 ], [ -122.449485, 37.756129 ], [ -122.449505, 37.756233 ], [ -122.449564, 37.756364 ], [ -122.449652, 37.756456 ], [ -122.449914, 37.756597 ], [ -122.449978, 37.756682 ], [ -122.447165, 37.756828 ], [ -122.447073, 37.756681 ], [ -122.447029, 37.756516 ], [ -122.4468, 37.756244 ] ] ] ] } },
{ "type": "Feature", "properties": { "land_id": "27", "land_name": "HOLLY PARK", "category": "Recreation & Park", "department_name": "Recreation and Parks" }, "geometry": { "type": "Polygon", "coordinates": [ [ [ -122.419452, 37.736454 ], [ -122.419683, 37.736338 ], [ -122.419933, 37.736266 ], [ -122.420151, 37.736244 ], [ -122.420363, 37.736268 ], [ -122.420571, 37.736344 ], [ -122.420754, 37.736468 ], [ -122.42089, 37.736626 ], [ -122.420963, 37.736792 ], [ -122.420993, 37.737028 ], [ -122.42097, 37.737244 ], [ -122.420918, 37.737412 ], [ -122.420781, 37.737634 ], [ -122.420567, 37.737853 ], [ -122.420371, 37.737992 ], [ -122.420143, 37.738097 ], [ -122.41987, 37.738165 ], [ -122.419722, 37.738173 ], [ -122.419562, 37.738157 ], [ -122.419409, 37.738118 ], [ -122.419269, 37.738056 ], [ -122.419138, 37.73797 ], [ -122.419038, 37.737874 ], [ -122.418964, 37.737765 ], [ -122.418914, 37.737635 ], [ -122.41889, 37.737484 ], [ -122.418889, 37.737331 ], [ -122.418914, 37.73718 ], [ -122.418966, 37.737032 ], [ -122.419057, 37.736859 ], [ -122.419155, 37.736723 ], [ -122.419292, 37.73658 ], [ -122.419452, 37.736454 ] ] ] } },
{ "type": "Feature", "properties": { "land_id": "861", "land_name": "Joseph L. Alioto Performing Arts Piazza (Civic Center Plaza)", "category": "Recreation & Park", "department_name": "Recreation and Parks" }, "geometry": { "type": "Polygon", "coordinates": [ [ [ -122.418351, 37.780095 ], [ -122.418312, 37.780141 ], [ -122.417242, 37.780277 ], [ -122.417116, 37.780222 ], [ -122.416851, 37.778891 ], [ -122.416942, 37.778813 ], [ -122.418016, 37.778676 ], [ -122.418071, 37.778708 ], [ -122.418351, 37.780095 ] ] ] } },
{ "type": "Feature", "properties": { "land_id": "138", "land_name": "TELEGRAPH HILL PARK PARCEL", "category": "Recreation & Park", "department_name": "Recreation and Parks" }, "geometry": { "type": "Polygon", "coordinates": [ [ [ -122.407343, 37.804626 ], [ -122.406873, 37.804685 ], [ -122.406865, 37.804644 ], [ -122.407335, 37.804586 ], [ -122.407343, 37.804626 ] ] ] } },
{ "type": "Feature", "properties": { "land_id": "294", "land_name": "TRAFFIC ISLAND AT CORBETT", "category": "Public Works", "department_name": "Public Works" }, "geometry": { "type": "Polygon", "coordinates": [ [ [ -122.440041, 37.761959 ], [ -122.440055, 37.762103 ], [ -122.439744, 37.762121 ], [ -122.440041, 37.761959 ] ] ] } },
{ "type": "Feature", "properties": { "land_id": "636", "land_name": "ALEMANY BLVD (REMAINDERS - CHESTER, ORIZABA)", "category": "Public Works", "department_name": "Public Works" }, "geometry": { "type": "MultiPolygon", "coordinates": [ [ [ [ -122.453677, 37.711098 ], [ -122.453645, 37.711117 ], [ -122.453643, 37.711115 ], [ -122.453655, 37.711109 ], [ -122.453677, 37.711098 ] ] ], [ [ [ -122.454573, 37.7104 ], [ -122.454564, 37.710417 ], [ -122.454541, 37.710425 ], [ -122.454573, 37.7104 ] ] ], [ [ [ -122.462393, 37.710912 ], [ -122.462168, 37.710843 ], [ -122.462464, 37.710841 ], [ -122.462453, 37.710899 ], [ -122.462393, 37.710912 ] ] ], [ [ [ -122.470501, 37.710134 ], [ -122.470686, 37.710047 ], [ -122.470746, 37.710045 ], [ -122.470803, 37.710062 ], [ -122.470847, 37.710094 ], [ -122.470765, 37.710088 ], [ -122.470502, 37.710225 ], [ -122.470501, 37.710134 ] ] ], [ [ [ -122.470327, 37.710257 ], [ -122.470335, 37.710584 ], [ -122.470249, 37.710584 ], [ -122.470246, 37.710312 ], [ -122.469972, 37.710433 ], [ -122.470284, 37.710246 ], [ -122.470327, 37.710257 ] ] ] ] } },
{ "type": "Feature", "properties": { "land_id": "1244", "land_name": "4th/King ROW Section", "category": "Public Works", "department_name": "Public Works" }, "geometry": { "type": "Polygon", "coordinates": [ [ [ -122.393256, 37.775959 ], [ -122.393275, 37.775944 ], [ -122.393708, 37.776289 ], [ -122.392181, 37.777464 ], [ -122.393669, 37.776289 ], [ -122.393256, 37.775959 ] ] ] } },
{ "type": "Feature", "properties": { "land_id": "1273", "land_name": "OCII Parcel off Commer Ct", "category": "OCII - Former SFRA", "department_name": "Community Investment and Infrastructure" }, "geometry": { "type": "Polygon", "coordinates": [ [ [ -122.384833, 37.732454 ], [ -122.384893, 37.732193 ], [ -122.384747, 37.732155 ], [ -122.384835, 37.7321 ], [ -122.384857, 37.732118 ], [ -122.385159, 37.731933 ], [ -122.385342, 37.732116 ], [ -122.385134, 37.732242 ], [ -122.384955, 37.732214 ], [ -122.384891, 37.732486 ], [ -122.384833, 37.732454 ] ] ] } },
{ "type": "Feature", "properties": { "land_id": "741", "land_name": "ALLYNE PARK", "category": "Recreation & Park", "department_name": "Recreation and Parks" }, "geometry": { "type": "Polygon", "coordinates": [ [ [ -122.427893, 37.797193 ], [ -122.427983, 37.797642 ], [ -122.427307, 37.797728 ], [ -122.427217, 37.797278 ], [ -122.427893, 37.797193 ] ] ] } },
{ "type": "Feature", "properties": { "land_id": "1264", "land_name": "Parcel off Bonifacio St", "category": "Public Works", "department_name": "Public Works" }, "geometry": { "type": "Polygon", "coordinates": [ [ [ -122.399349, 37.782499 ], [ -122.400146, 37.781869 ], [ -122.400158, 37.781879 ], [ -122.399362, 37.782509 ], [ -122.399349, 37.782499 ] ] ] } },
{ "type": "Feature", "properties": { "land_id": "602", "land_name": "BERNAL HEIGHTS PARK", "category": "Recreation & Park", "department_name": "Recreation and Parks" }, "geometry": { "type": "Polygon", "coordinates": [ [ [ -122.415407, 37.744164 ], [ -122.414244, 37.743856 ], [ -122.413904, 37.743731 ], [ -122.413065, 37.743372 ], [ -122.412915, 37.743332 ], [ -122.412757, 37.743327 ], [ -122.412604, 37.743357 ], [ -122.412362, 37.743473 ], [ -122.412012, 37.743611 ], [ -122.411858, 37.743628 ], [ -122.411713, 37.743611 ], [ -122.410231, 37.743091 ], [ -122.410158, 37.743029 ], [ -122.410113, 37.742954 ], [ -122.410098, 37.742867 ], [ -122.410115, 37.742785 ], [ -122.410189, 37.742675 ], [ -122.410307, 37.742573 ], [ -122.410443, 37.742518 ], [ -122.410599, 37.742486 ], [ -122.411686, 37.742428 ], [ -122.412612, 37.7423 ], [ -122.414129, 37.742511 ], [ -122.414338, 37.742517 ], [ -122.414485, 37.742496 ], [ -122.414615, 37.742459 ], [ -122.414789, 37.742381 ], [ -122.414985, 37.742265 ], [ -122.415103, 37.742221 ], [ -122.415884, 37.742173 ], [ -122.416387, 37.742066 ], [ -122.416555, 37.742064 ], [ -122.416704, 37.742094 ], [ -122.416816, 37.742155 ], [ -122.416906, 37.742244 ], [ -122.416975, 37.742366 ], [ -122.416988, 37.74248 ], [ -122.416938, 37.742609 ], [ -122.416708, 37.742786 ], [ -122.416617, 37.742907 ], [ -122.416576, 37.743043 ], [ -122.416591, 37.743255 ], [ -122.416557, 37.743359 ], [ -122.416468, 37.743446 ], [ -122.416101, 37.743628 ], [ -122.415958, 37.743729 ], [ -122.415848, 37.743853 ], [ -122.415751, 37.744057 ], [ -122.415686, 37.744125 ], [ -122.415556, 37.744176 ], [ -122.415407, 37.744164 ] ], [ [ -122.41476, 37.742863 ], [ -122.414771, 37.743272 ], [ -122.415563, 37.74326 ], [ -122.415552, 37.74285 ], [ -122.41476, 37.742863 ] ] ] } },
{ "type": "Feature", "properties": { "land_id": "928", "land_name": "MUNI SUBSTATION - KEITH AND LE CONTE", "category": "MTA", "department_name": "Municipal Transportation Agency" }, "geometry": { "type": "Polygon", "coordinates": [ [ [ -122.398213, 37.719722 ], [ -122.398428, 37.719483 ], [ -122.39873, 37.719654 ], [ -122.398213, 37.719722 ] ] ] } },
{ "type": "Feature", "properties": { "land_id": "761", "land_name": "BROOKS HALL", "category": "Real Estate", "department_name": "GSA - Real Estate Division" }, "geometry": { "type": "Polygon", "coordinates": [ [ [ -122.418351, 37.780095 ], [ -122.418312, 37.780141 ], [ -122.417242, 37.780277 ], [ -122.417116, 37.780222 ], [ -122.416851, 37.778891 ], [ -122.416942, 37.778813 ], [ -122.418016, 37.778676 ], [ -122.418071, 37.778708 ], [ -122.418351, 37.780095 ] ] ] } },
{ "type": "Feature", "properties": { "land_id": "916", "land_name": "GENEVA CARBARN", "category": "Recreation & Park", "department_name": "Recreation and Parks" }, "geometry": { "type": "Polygon", "coordinates": [ [ [ -122.447017, 37.720042 ], [ -122.446594, 37.720544 ], [ -122.446425, 37.720447 ], [ -122.446676, 37.720133 ], [ -122.446819, 37.719913 ], [ -122.446927, 37.71989 ], [ -122.447017, 37.720042 ] ] ] } },
{ "type": "Feature", "properties": { "land_id": "933", "land_name": "MINT PLAZA", "category": "Public Works", "department_name": "Public Works" }, "geometry": { "type": "Polygon", "coordinates": [ [ [ -122.407183, 37.783189 ], [ -122.407731, 37.782756 ], [ -122.407649, 37.782691 ], [ -122.407796, 37.782575 ], [ -122.408011, 37.782745 ], [ -122.407317, 37.783294 ], [ -122.407183, 37.783189 ] ] ] } },
{ "type": "Feature", "properties": { "land_id": "1228", "land_name": "Open Space (29th St & Diamond St)", "category": "Recreation & Park", "department_name": "Recreation and Parks" }, "geometry": { "type": "Polygon", "coordinates": [ [ [ -122.434952, 37.743286 ], [ -122.435439, 37.743257 ], [ -122.435469, 37.743269 ], [ -122.435494, 37.743951 ], [ -122.435194, 37.743969 ], [ -122.435191, 37.743903 ], [ -122.435004, 37.743914 ], [ -122.434952, 37.743286 ] ] ] } },
{ "type": "Feature", "properties": { "land_id": "12", "land_name": "UNDEDICATED ST (3RD ST & LA SALLE AVE)", "category": "Public Works", "department_name": "Public Works" }, "geometry": { "type": "Polygon", "coordinates": [ [ [ -122.38972, 37.736953 ], [ -122.389752, 37.736944 ], [ -122.389771, 37.736934 ], [ -122.389757, 37.736974 ], [ -122.38972, 37.736953 ] ] ] } },
{ "type": "Feature", "properties": { "land_id": "562", "land_name": "UNDEDICATED STREET", "category": "Public Works", "department_name": "Public Works" }, "geometry": { "type": "Polygon", "coordinates": [ [ [ -122.404743, 37.734621 ], [ -122.404724, 37.734415 ], [ -122.404879, 37.734406 ], [ -122.404743, 37.734621 ] ] ] } },
{ "type": "Feature", "properties": { "land_id": "563", "land_name": "CITY-OWNED PARCEL (BAY SHORE BLVD & SILVER)", "category": "Public Works", "department_name": "Public Works" }, "geometry": { "type": "Polygon", "coordinates": [ [ [ -122.404281, 37.732399 ], [ -122.404488, 37.732902 ], [ -122.404241, 37.732401 ], [ -122.404281, 37.732399 ] ] ] } },
{ "type": "Feature", "properties": { "land_id": "565", "land_name": "JOHN MCLAREN PARK PARCEL (LA GRANDE AVE)", "category": "Recreation & Park", "department_name": "Recreation and Parks" }, "geometry": { "type": "Polygon", "coordinates": [ [ [ -122.424348, 37.723515 ], [ -122.424287, 37.723643 ], [ -122.424272, 37.723636 ], [ -122.424333, 37.723508 ], [ -122.424348, 37.723515 ] ] ] } },
{ "type": "Feature", "properties": { "land_id": "748", "land_name": "UNDEDICATED STREET PARCELS", "category": "Public Works", "department_name": "Public Works" }, "geometry": { "type": "MultiPolygon", "coordinates": [ [ [ [ -122.439285, 37.766761 ], [ -122.439281, 37.766761 ], [ -122.439308, 37.766713 ], [ -122.439285, 37.766761 ] ] ], [ [ [ -122.439142, 37.766524 ], [ -122.439226, 37.766549 ], [ -122.439229, 37.766556 ], [ -122.439116, 37.766579 ], [ -122.439142, 37.766524 ] ] ] ] } },
{ "type": "Feature", "properties": { "land_id": "385", "land_name": "El Dorado Elementary School", "category": "Unified School District", "department_name": "School District (SFUSD)" }, "geometry": { "type": "Polygon", "coordinates": [ [ [ -122.407829, 37.719095 ], [ -122.407232, 37.719236 ], [ -122.407248, 37.719275 ], [ -122.407201, 37.719288 ], [ -122.406777, 37.719167 ], [ -122.407321, 37.717914 ], [ -122.408989, 37.718371 ], [ -122.408679, 37.719044 ], [ -122.408715, 37.719132 ], [ -122.408321, 37.719235 ], [ -122.407829, 37.719095 ] ] ] } },
{ "type": "Feature", "properties": { "land_id": "62", "land_name": "GENEVA AVE (REMAINDER) - DPW", "category": "Public Works", "department_name": "Public Works" }, "geometry": { "type": "MultiPolygon", "coordinates": [ [ [ [ -122.450395, 37.722319 ], [ -122.450382, 37.722339 ], [ -122.450135, 37.722239 ], [ -122.450148, 37.722219 ], [ -122.450395, 37.722319 ] ] ], [ [ [ -122.44995, 37.722165 ], [ -122.44969, 37.72206 ], [ -122.449703, 37.72204 ], [ -122.449963, 37.722145 ], [ -122.44995, 37.722165 ] ] ], [ [ [ -122.448546, 37.721574 ], [ -122.44846, 37.722162 ], [ -122.448537, 37.722233 ], [ -122.448394, 37.7226 ], [ -122.448377, 37.7226 ], [ -122.448368, 37.722843 ], [ -122.448285, 37.722843 ], [ -122.448335, 37.722645 ], [ -122.448312, 37.722638 ], [ -122.448424, 37.722214 ], [ -122.448488, 37.721592 ], [ -122.448508, 37.721559 ], [ -122.448546, 37.721574 ] ] ] ] } },
{ "type": "Feature", "properties": { "land_id": "637", "land_name": "ALEMANY BLVD (REMAINDER AT FARAGUT)", "category": "Public Works", "department_name": "Public Works" }, "geometry": { "type": "Polygon", "coordinates": [ [ [ -122.450323, 37.71292 ], [ -122.451514, 37.712159 ], [ -122.451548, 37.712187 ], [ -122.451005, 37.712611 ], [ -122.45062, 37.712881 ], [ -122.450212, 37.713129 ], [ -122.449783, 37.713354 ], [ -122.449673, 37.713406 ], [ -122.449419, 37.713202 ], [ -122.449441, 37.713191 ], [ -122.449616, 37.713331 ], [ -122.450323, 37.71292 ] ] ] } },
{ "type": "Feature", "properties": { "land_id": "655", "land_name": "CITY-OWNED PARCEL (6786008)", "category": "Real Estate", "department_name": "GSA - Real Estate Division" }, "geometry": { "type": "Polygon", "coordinates": [ [ [ -122.429279, 37.731266 ], [ -122.429229, 37.731295 ], [ -122.429223, 37.731282 ], [ -122.429279, 37.731266 ] ] ] } },
{ "type": "Feature", "properties": { "land_id": "215", "land_name": "OPEN SPACE BOSWORTH & ELK STS (SE GLEN PARK)", "category": "Public Works", "department_name": "Public Works" }, "geometry": { "type": "Polygon", "coordinates": [ [ [ -122.440008, 37.73495 ], [ -122.44015, 37.734982 ], [ -122.440032, 37.735241 ], [ -122.439891, 37.735209 ], [ -122.440008, 37.73495 ] ] ] } },
{ "type": "Feature", "properties": { "land_id": "236", "land_name": "UNDEDICATED ST (VERMONT & 23RD ST)", "category": "Public Works", "department_name": "Public Works" }, "geometry": { "type": "Polygon", "coordinates": [ [ [ -122.403992, 37.756754 ], [ -122.404058, 37.756842 ], [ -122.404172, 37.756895 ], [ -122.403896, 37.756912 ], [ -122.403852, 37.756451 ], [ -122.403992, 37.756754 ] ] ] } },
{ "type": "Feature", "properties": { "land_id": "220", "land_name": "SLOPE PROTECTION-ALEMANY BLVD", "category": "Public Works", "department_name": "Public Works" }, "geometry": { "type": "MultiPolygon", "coordinates": [ [ [ [ -122.428726, 37.731141 ], [ -122.428677, 37.731191 ], [ -122.42853, 37.73121 ], [ -122.428529, 37.731198 ], [ -122.428726, 37.731141 ] ] ], [ [ [ -122.426693, 37.73211 ], [ -122.426655, 37.732067 ], [ -122.426671, 37.732015 ], [ -122.426694, 37.731998 ], [ -122.426821, 37.731973 ], [ -122.426693, 37.73211 ] ] ], [ [ [ -122.413696, 37.733004 ], [ -122.413935, 37.732871 ], [ -122.414236, 37.73278 ], [ -122.414278, 37.732826 ], [ -122.412196, 37.733853 ], [ -122.412122, 37.733795 ], [ -122.412337, 37.733638 ], [ -122.412606, 37.733485 ], [ -122.413696, 37.733004 ] ] ], [ [ [ -122.423349, 37.731059 ], [ -122.423872, 37.731026 ], [ -122.423895, 37.73099 ], [ -122.42392, 37.730993 ], [ -122.423937, 37.731174 ], [ -122.422936, 37.731247 ], [ -122.42186, 37.731373 ], [ -122.421915, 37.73126 ], [ -122.421995, 37.731154 ], [ -122.422002, 37.73121 ], [ -122.422651, 37.731126 ], [ -122.423349, 37.731059 ] ] ], [ [ [ -122.426092, 37.731309 ], [ -122.425354, 37.73123 ], [ -122.425347, 37.731132 ], [ -122.424579, 37.731141 ], [ -122.42397, 37.731165 ], [ -122.423955, 37.730997 ], [ -122.42443, 37.731049 ], [ -122.424787, 37.731062 ], [ -122.426068, 37.731003 ], [ -122.426092, 37.731309 ] ] ], [ [ [ -122.426454, 37.730984 ], [ -122.427392, 37.731202 ], [ -122.427821, 37.731261 ], [ -122.428093, 37.731269 ], [ -122.428347, 37.731231 ], [ -122.42835, 37.731264 ], [ -122.427719, 37.7313 ], [ -122.427283, 37.731371 ], [ -122.426902, 37.731398 ], [ -122.426781, 37.7314 ], [ -122.426266, 37.731317 ], [ -122.42624, 37.730995 ], [ -122.426454, 37.730984 ] ] ], [ [ [ -122.423409, 37.731855 ], [ -122.422328, 37.732015 ], [ -122.421819, 37.732122 ], [ -122.42174, 37.732122 ], [ -122.421013, 37.732284 ], [ -122.420961, 37.732185 ], [ -122.421522, 37.732034 ], [ -122.422486, 37.731845 ], [ -122.423387, 37.731695 ], [ -122.423847, 37.73169 ], [ -122.424855, 37.731734 ], [ -122.425696, 37.73179 ], [ -122.425737, 37.731807 ], [ -122.425755, 37.731842 ], [ -122.425217, 37.731819 ], [ -122.42469, 37.731842 ], [ -122.424008, 37.731811 ], [ -122.423664, 37.731818 ], [ -122.423445, 37.731863 ], [ -122.42341, 37.731866 ], [ -122.423409, 37.731855 ] ] ], [ [ [ -122.421281, 37.731506 ], [ -122.420473, 37.731653 ], [ -122.420081, 37.731708 ], [ -122.419641, 37.731741 ], [ -122.419144, 37.731756 ], [ -122.417796, 37.731723 ], [ -122.417806, 37.731624 ], [ -122.417354, 37.731604 ], [ -122.415978, 37.731486 ], [ -122.415767, 37.731486 ], [ -122.415513, 37.731521 ], [ -122.415293, 37.731586 ], [ -122.415052, 37.731703 ], [ -122.414884, 37.73181 ], [ -122.414816, 37.731874 ], [ -122.414547, 37.731945 ], [ -122.41468, 37.731784 ], [ -122.41486, 37.731631 ], [ -122.415068, 37.731509 ], [ -122.415295, 37.73142 ], [ -122.415542, 37.731362 ], [ -122.415819, 37.73134 ], [ -122.416833, 37.73142 ], [ -122.416854, 37.73124 ], [ -122.419126, 37.731423 ], [ -122.4192, 37.731406 ], [ -122.419261, 37.731507 ], [ -122.419352, 37.731584 ], [ -122.419467, 37.731637 ], [ -122.419601, 37.731661 ], [ -122.419858, 37.731652 ], [ -122.420044, 37.731624 ], [ -122.421525, 37.73122 ], [ -122.421571, 37.731219 ], [ -122.421611, 37.731237 ], [ -122.421637, 37.73129 ], [ -122.421596, 37.731403 ], [ -122.421266, 37.731465 ], [ -122.421281, 37.731506 ] ] ] ] } },
{ "type": "Feature", "properties": { "land_id": "235", "land_name": "BAYSHORE BLVD (LOT S-D)", "category": "Public Works", "department_name": "Public Works" }, "geometry": { "type": "Polygon", "coordinates": [ [ [ -122.398639, 37.715637 ], [ -122.398007, 37.715632 ], [ -122.398008, 37.715623 ], [ -122.398368, 37.715615 ], [ -122.398652, 37.715564 ], [ -122.398639, 37.715637 ] ] ] } },
{ "type": "Feature", "properties": { "land_id": "249", "land_name": "CESAR CHAVEZ ST (REMAINDER)", "category": "Public Works", "department_name": "Public Works" }, "geometry": { "type": "Polygon", "coordinates": [ [ [ -122.422882, 37.748107 ], [ -122.422651, 37.748121 ], [ -122.422878, 37.748069 ], [ -122.422882, 37.748107 ] ] ] } },
{ "type": "Feature", "properties": { "land_id": "860", "land_name": "HESTER AVE (REMAINDER)", "category": "Public Works", "department_name": "Public Works" }, "geometry": { "type": "MultiPolygon", "coordinates": [ [ [ [ -122.399504, 37.713233 ], [ -122.399629, 37.713323 ], [ -122.399495, 37.713256 ], [ -122.399504, 37.713233 ] ] ], [ [ [ -122.398566, 37.714793 ], [ -122.398729, 37.714908 ], [ -122.39893, 37.714911 ], [ -122.39882, 37.715169 ], [ -122.398788, 37.715172 ], [ -122.398763, 37.715156 ], [ -122.398566, 37.714793 ] ] ] ] } },
{ "type": "Feature", "properties": { "land_id": "982", "land_name": "SFHA -- Sunnydale", "category": "SFHA", "department_name": "San Francisco Housing Authority" }, "geometry": { "type": "MultiPolygon", "coordinates": [ [ [ [ -122.416698, 37.710633 ], [ -122.416815, 37.710371 ], [ -122.417174, 37.710473 ], [ -122.417212, 37.710387 ], [ -122.417228, 37.710392 ], [ -122.417326, 37.710176 ], [ -122.418101, 37.710394 ], [ -122.417648, 37.711412 ], [ -122.416852, 37.711188 ], [ -122.417058, 37.710731 ], [ -122.416698, 37.710633 ] ] ], [ [ [ -122.419286, 37.710207 ], [ -122.419413, 37.710037 ], [ -122.422391, 37.710874 ], [ -122.422193, 37.711174 ], [ -122.422154, 37.711201 ], [ -122.422103, 37.711209 ], [ -122.421315, 37.711017 ], [ -122.420668, 37.71089 ], [ -122.419825, 37.710757 ], [ -122.419012, 37.71067 ], [ -122.418974, 37.710644 ], [ -122.418957, 37.710607 ], [ -122.418991, 37.710521 ], [ -122.419076, 37.710411 ], [ -122.419286, 37.710207 ] ] ], [ [ [ -122.416157, 37.711834 ], [ -122.4164, 37.711295 ], [ -122.417764, 37.711678 ], [ -122.418384, 37.710287 ], [ -122.4174, 37.71001 ], [ -122.417616, 37.709531 ], [ -122.419229, 37.709985 ], [ -122.419122, 37.710126 ], [ -122.418885, 37.710359 ], [ -122.418806, 37.710472 ], [ -122.418737, 37.710618 ], [ -122.418684, 37.710796 ], [ -122.418649, 37.711046 ], [ -122.418673, 37.711814 ], [ -122.418642, 37.711901 ], [ -122.41859, 37.711977 ], [ -122.418507, 37.712064 ], [ -122.418397, 37.712148 ], [ -122.418293, 37.7122 ], [ -122.418129, 37.712243 ], [ -122.417816, 37.712252 ], [ -122.417609, 37.71223 ], [ -122.417407, 37.712187 ], [ -122.416157, 37.711834 ] ] ], [ [ [ -122.419584, 37.711902 ], [ -122.419316, 37.71192 ], [ -122.419146, 37.711913 ], [ -122.418926, 37.711883 ], [ -122.418875, 37.711848 ], [ -122.418842, 37.71106 ], [ -122.418868, 37.71088 ], [ -122.418929, 37.710822 ], [ -122.41907, 37.710817 ], [ -122.419475, 37.710852 ], [ -122.42059, 37.711017 ], [ -122.421133, 37.711121 ], [ -122.421667, 37.711241 ], [ -122.422054, 37.711344 ], [ -122.422111, 37.711397 ], [ -122.422098, 37.711506 ], [ -122.422051, 37.71166 ], [ -122.421917, 37.71192 ], [ -122.421767, 37.712053 ], [ -122.421662, 37.712104 ], [ -122.421556, 37.712134 ], [ -122.421445, 37.712148 ], [ -122.421322, 37.712143 ], [ -122.419959, 37.711927 ], [ -122.419584, 37.711902 ] ] ], [ [ [ -122.415844, 37.712524 ], [ -122.416053, 37.712055 ], [ -122.417458, 37.712453 ], [ -122.417477, 37.71241 ], [ -122.417646, 37.712406 ], [ -122.418184, 37.712444 ], [ -122.418317, 37.712475 ], [ -122.418599, 37.712606 ], [ -122.418849, 37.712698 ], [ -122.421098, 37.713328 ], [ -122.421627, 37.71355 ], [ -122.422025, 37.713668 ], [ -122.421771, 37.714204 ], [ -122.415844, 37.712524 ] ] ], [ [ [ -122.418505, 37.712333 ], [ -122.418531, 37.712262 ], [ -122.418667, 37.712153 ], [ -122.418776, 37.712035 ], [ -122.418843, 37.712011 ], [ -122.419213, 37.712055 ], [ -122.419565, 37.712039 ], [ -122.419841, 37.712052 ], [ -122.421327, 37.712282 ], [ -122.421485, 37.712283 ], [ -122.421641, 37.712257 ], [ -122.421775, 37.712212 ], [ -122.421896, 37.712147 ], [ -122.421999, 37.712065 ], [ -122.42208, 37.711969 ], [ -122.422215, 37.711703 ], [ -122.422304, 37.711382 ], [ -122.422375, 37.711202 ], [ -122.42257, 37.710906 ], [ -122.423194, 37.711122 ], [ -122.422642, 37.712266 ], [ -122.422081, 37.713538 ], [ -122.421693, 37.713424 ], [ -122.421323, 37.71326 ], [ -122.421129, 37.71319 ], [ -122.418847, 37.71255 ], [ -122.418623, 37.712451 ], [ -122.418529, 37.712379 ], [ -122.418505, 37.712333 ] ] ] ] } },
{ "type": "Feature", "properties": { "land_id": "833", "land_name": "TERMINAL LOOP", "category": "MTA", "department_name": "Municipal Transportation Agency" }, "geometry": { "type": "Polygon", "coordinates": [ [ [ -122.508722, 37.760191 ], [ -122.509001, 37.760008 ], [ -122.509013, 37.760178 ], [ -122.508722, 37.760191 ] ] ] } },
{ "type": "Feature", "properties": { "land_id": "108", "land_name": "ALAMO SQUARE", "category": "Recreation & Park", "department_name": "Recreation and Parks" }, "geometry": { "type": "Polygon", "coordinates": [ [ [ -122.436031, 37.775315 ], [ -122.436371, 37.776993 ], [ -122.433317, 37.777382 ], [ -122.432978, 37.775704 ], [ -122.436031, 37.775315 ] ] ] } },
{ "type": "Feature", "properties": { "land_id": "86", "land_name": "BOSWORTH ST (FUTURE WIDENING)", "category": "Public Works", "department_name": "Public Works" }, "geometry": { "type": "Polygon", "coordinates": [ [ [ -122.439205, 37.734829 ], [ -122.439613, 37.734967 ], [ -122.439672, 37.735026 ], [ -122.439702, 37.735097 ], [ -122.439697, 37.735172 ], [ -122.439224, 37.73504 ], [ -122.438541, 37.734742 ], [ -122.438413, 37.734714 ], [ -122.438474, 37.734529 ], [ -122.438815, 37.734648 ], [ -122.439205, 37.734829 ] ] ] } },
{ "type": "Feature", "properties": { "land_id": "572", "land_name": "TRAFFIC ISLAND (SAN JOSE AVE)", "category": "Public Works", "department_name": "Public Works" }, "geometry": { "type": "Polygon", "coordinates": [ [ [ -122.455933, 37.711339 ], [ -122.455934, 37.711407 ], [ -122.455856, 37.711408 ], [ -122.455895, 37.711373 ], [ -122.455933, 37.711339 ] ] ] } },
{ "type": "Feature", "properties": { "land_id": "675", "land_name": "WILDE AVE RESERVOIR", "category": "PUC/Water", "department_name": "Public Utilities Commission" }, "geometry": { "type": "Polygon", "coordinates": [ [ [ -122.40758, 37.717985 ], [ -122.408118, 37.718132 ], [ -122.407902, 37.718674 ], [ -122.407351, 37.718537 ], [ -122.40758, 37.717985 ] ] ] } },
{ "type": "Feature", "properties": { "land_id": "1310", "land_name": "India Basin Waterfront Project", "category": "Recreation & Park", "department_name": "Recreation and Parks" }, "geometry": { "type": "Polygon", "coordinates": [ [ [ -122.374801, 37.733208 ], [ -122.374621, 37.733106 ], [ -122.375285, 37.73237 ], [ -122.375506, 37.732335 ], [ -122.375713, 37.732106 ], [ -122.375768, 37.732137 ], [ -122.375365, 37.732583 ], [ -122.375998, 37.732943 ], [ -122.375837, 37.733121 ], [ -122.375204, 37.732762 ], [ -122.374801, 37.733208 ] ] ] } },
{ "type": "Feature", "properties": { "land_id": "356", "land_name": "GRIFFITH ST SEWAGE PUMPING STATION", "category": "PUC/Wastewater", "department_name": "Public Utilities Commission" }, "geometry": { "type": "Polygon", "coordinates": [ [ [ -122.387023, 37.71867 ], [ -122.387113, 37.718717 ], [ -122.387057, 37.718785 ], [ -122.386967, 37.718738 ], [ -122.387023, 37.71867 ] ] ] } },
{ "type": "Feature", "properties": { "land_id": "1324", "land_name": "Treat Ave Parcel", "category": "Public Works", "department_name": "Public Works" }, "geometry": { "type": "Polygon", "coordinates": [ [ [ -122.412886, 37.766841 ], [ -122.412807, 37.767105 ], [ -122.412734, 37.76737 ], [ -122.412696, 37.766852 ], [ -122.412886, 37.766841 ] ] ] } },
{ "type": "Feature", "properties": { "land_id": "93", "land_name": "LINCOLN PARK", "category": "Recreation & Park", "department_name": "Recreation and Parks" }, "geometry": { "type": "MultiPolygon", "coordinates": [ [ [ [ -122.509636, 37.780518 ], [ -122.509603, 37.780442 ], [ -122.509572, 37.780057 ], [ -122.509743, 37.780046 ], [ -122.510182, 37.780715 ], [ -122.509626, 37.780727 ], [ -122.509611, 37.780542 ], [ -122.509636, 37.780518 ] ] ], [ [ [ -122.493691, 37.786754 ], [ -122.493326, 37.781743 ], [ -122.501105, 37.781388 ], [ -122.501327, 37.784141 ], [ -122.504141, 37.784013 ], [ -122.505066, 37.785238 ], [ -122.503507, 37.78602 ], [ -122.503347, 37.78648 ], [ -122.502403, 37.787039 ], [ -122.501802, 37.787186 ], [ -122.501156, 37.787006 ], [ -122.50101, 37.78639 ], [ -122.500597, 37.786102 ], [ -122.500164, 37.785961 ], [ -122.499507, 37.786445 ], [ -122.499332, 37.786552 ], [ -122.498953, 37.786581 ], [ -122.498586, 37.786582 ], [ -122.498221, 37.786552 ], [ -122.497864, 37.786473 ], [ -122.497309, 37.786296 ], [ -122.497071, 37.786461 ], [ -122.496774, 37.786462 ], [ -122.495956, 37.786579 ], [ -122.495732, 37.786659 ], [ -122.495136, 37.7867 ], [ -122.494225, 37.786482 ], [ -122.494165, 37.786383 ], [ -122.494051, 37.786534 ], [ -122.493922, 37.786788 ], [ -122.493787, 37.786886 ], [ -122.493691, 37.786754 ] ] ] ] } },
{ "type": "Feature", "properties": { "land_id": "1333", "land_name": "MIssion Bay Kids Park/Dog Park", "category": "Recreation & Park", "department_name": "Recreation and Parks" }, "geometry": { "type": "Polygon", "coordinates": [ [ [ -122.392224, 37.772687 ], [ -122.392152, 37.771932 ], [ -122.393264, 37.771865 ], [ -122.393157, 37.771949 ], [ -122.393743, 37.772417 ], [ -122.393541, 37.772576 ], [ -122.392955, 37.772109 ], [ -122.392224, 37.772687 ] ] ] } },
{ "type": "Feature", "properties": { "land_id": "55", "land_name": "OPEN SPACE (VALENCIA & CUNNINGHAM)", "category": "Recreation & Park", "department_name": "Recreation and Parks" }, "geometry": { "type": "Polygon", "coordinates": [ [ [ -122.421814, 37.75904 ], [ -122.421841, 37.759328 ], [ -122.421496, 37.759348 ], [ -122.421469, 37.759061 ], [ -122.421814, 37.75904 ] ] ] } },
{ "type": "Feature", "properties": { "land_id": "386", "land_name": "FRANCISCO MIDDLE SCHOOL", "category": "Unified School District", "department_name": "School District (SFUSD)" }, "geometry": { "type": "MultiPolygon", "coordinates": [ [ [ [ -122.410519, 37.805282 ], [ -122.41056, 37.805486 ], [ -122.410326, 37.805515 ], [ -122.410285, 37.805312 ], [ -122.410519, 37.805282 ] ] ], [ [ [ -122.410625, 37.805478 ], [ -122.410557, 37.805139 ], [ -122.410963, 37.805088 ], [ -122.411038, 37.805461 ], [ -122.410803, 37.80549 ], [ -122.410796, 37.805456 ], [ -122.410625, 37.805478 ] ] ], [ [ [ -122.410143, 37.804622 ], [ -122.41073, 37.804548 ], [ -122.410655, 37.804175 ], [ -122.411483, 37.80407 ], [ -122.411632, 37.804818 ], [ -122.410218, 37.804995 ], [ -122.410143, 37.804622 ] ] ] ] } },
{ "type": "Feature", "properties": { "land_id": "420", "land_name": "Bessie Smith Nursery & School", "category": "Unified School District", "department_name": "School District (SFUSD)" }, "geometry": { "type": "Polygon", "coordinates": [ [ [ -122.422917, 37.773591 ], [ -122.422983, 37.773916 ], [ -122.422512, 37.773976 ], [ -122.422447, 37.773651 ], [ -122.422917, 37.773591 ] ] ] } },
{ "type": "Feature", "properties": { "land_id": "442", "land_name": "Richmond Neighborhood Center", "category": "Unified School District", "department_name": "School District (SFUSD)" }, "geometry": { "type": "Polygon", "coordinates": [ [ [ -122.489854, 37.774913 ], [ -122.490683, 37.774875 ], [ -122.490713, 37.775286 ], [ -122.489883, 37.775324 ], [ -122.489854, 37.774913 ] ] ] } },
{ "type": "Feature", "properties": { "land_id": "490", "land_name": "Moscone, George Elementary/Las Americas Early Education", "category": "Unified School District", "department_name": "School District (SFUSD)" }, "geometry": { "type": "Polygon", "coordinates": [ [ [ -122.412379, 37.756173 ], [ -122.412801, 37.756146 ], [ -122.41288, 37.756968 ], [ -122.413302, 37.756941 ], [ -122.413335, 37.757282 ], [ -122.412491, 37.757333 ], [ -122.412379, 37.756173 ] ] ] } },
{ "type": "Feature", "properties": { "land_id": "492", "land_name": "Chavez, Cesar Elementary School/Preschool", "category": "Unified School District", "department_name": "School District (SFUSD)" }, "geometry": { "type": "Polygon", "coordinates": [ [ [ -122.414415, 37.754562 ], [ -122.415261, 37.754504 ], [ -122.415337, 37.755293 ], [ -122.414488, 37.75533 ], [ -122.414415, 37.754562 ] ] ] } },
{ "type": "Feature", "properties": { "land_id": "493", "land_name": "Buena Vista/Horace Mann", "category": "Unified School District", "department_name": "School District (SFUSD)" }, "geometry": { "type": "Polygon", "coordinates": [ [ [ -122.420231, 37.752372 ], [ -122.42054, 37.752353 ], [ -122.420662, 37.753624 ], [ -122.419801, 37.753676 ], [ -122.419686, 37.752478 ], [ -122.419893, 37.752466 ], [ -122.41989, 37.752438 ], [ -122.420088, 37.752426 ], [ -122.420091, 37.75245 ], [ -122.420237, 37.75244 ], [ -122.420231, 37.752372 ] ] ] } },
{ "type": "Feature", "properties": { "land_id": "205", "land_name": "PARK BRANCH LIBRARY", "category": "Public Library", "department_name": "Public Library" }, "geometry": { "type": "Polygon", "coordinates": [ [ [ -122.451044, 37.769915 ], [ -122.451129, 37.770335 ], [ -122.450958, 37.770357 ], [ -122.450873, 37.769936 ], [ -122.451044, 37.769915 ] ] ] } },
{ "type": "Feature", "properties": { "land_id": "84", "land_name": "SUNSET PLAYGROUND", "category": "Recreation & Park", "department_name": "Recreation and Parks" }, "geometry": { "type": "Polygon", "coordinates": [ [ [ -122.487203, 37.75575 ], [ -122.487318, 37.757391 ], [ -122.486491, 37.757427 ], [ -122.486376, 37.755787 ], [ -122.487203, 37.75575 ] ] ] } },
{ "type": "Feature", "properties": { "land_id": "1287", "land_name": "500 Turk St", "category": "Other", "department_name": "Mayor" }, "geometry": { "type": "Polygon", "coordinates": [ [ [ -122.418021, 37.782773 ], [ -122.417551, 37.782833 ], [ -122.417476, 37.78246 ], [ -122.417946, 37.7824 ], [ -122.418021, 37.782773 ] ] ] } },
{ "type": "Feature", "properties": { "land_id": "1288", "land_name": "444 Sixth St", "category": "Real Estate", "department_name": "GSA - Real Estate Division" }, "geometry": { "type": "Polygon", "coordinates": [ [ [ -122.403744, 37.776205 ], [ -122.403826, 37.776273 ], [ -122.403421, 37.776596 ], [ -122.403335, 37.776527 ], [ -122.403744, 37.776205 ] ] ] } },
{ "type": "Feature", "properties": { "land_id": "471", "land_name": "McKinley Elementary School", "category": "Unified School District", "department_name": "School District (SFUSD)" }, "geometry": { "type": "Polygon", "coordinates": [ [ [ -122.436802, 37.766537 ], [ -122.436863, 37.767166 ], [ -122.435758, 37.767231 ], [ -122.435699, 37.766603 ], [ -122.436802, 37.766537 ] ] ] } },
{ "type": "Feature", "properties": { "land_id": "100", "land_name": "COW HOLLOW PLAYGROUND", "category": "Recreation & Park", "department_name": "Recreation and Parks" }, "geometry": { "type": "Polygon", "coordinates": [ [ [ -122.444692, 37.797269 ], [ -122.445024, 37.797227 ], [ -122.445043, 37.797397 ], [ -122.444656, 37.797446 ], [ -122.444638, 37.797359 ], [ -122.444709, 37.79735 ], [ -122.444692, 37.797269 ] ] ] } },
{ "type": "Feature", "properties": { "land_id": "1213", "land_name": "490 South Van Ness Ave Housing", "category": "Other", "department_name": "Mayor" }, "geometry": { "type": "Polygon", "coordinates": [ [ [ -122.417969, 37.765264 ], [ -122.418008, 37.765676 ], [ -122.417679, 37.765696 ], [ -122.41764, 37.765284 ], [ -122.417969, 37.765264 ] ] ] } },
{ "type": "Feature", "properties": { "land_id": "130", "land_name": "JOSEPH CONRAD MINI PARK", "category": "Recreation & Park", "department_name": "Recreation and Parks" }, "geometry": { "type": "Polygon", "coordinates": [ [ [ -122.418954, 37.806499 ], [ -122.419279, 37.806722 ], [ -122.419006, 37.806756 ], [ -122.418954, 37.806499 ] ] ] } },
{ "type": "Feature", "properties": { "land_id": "34", "land_name": "FRANKLIN SQUARE", "category": "Recreation & Park", "department_name": "Recreation and Parks" }, "geometry": { "type": "Polygon", "coordinates": [ [ [ -122.408294, 37.764524 ], [ -122.410235, 37.764411 ], [ -122.410338, 37.765505 ], [ -122.408396, 37.765622 ], [ -122.408294, 37.764524 ] ] ] } },
{ "type": "Feature", "properties": { "land_id": "28", "land_name": "OPEN SPACE (COLERIDGE)", "category": "Recreation & Park", "department_name": "Recreation and Parks" }, "geometry": { "type": "Polygon", "coordinates": [ [ [ -122.419387, 37.744403 ], [ -122.419482, 37.744256 ], [ -122.419946, 37.744443 ], [ -122.419851, 37.744589 ], [ -122.419387, 37.744403 ] ] ] } },
{ "type": "Feature", "properties": { "land_id": "29", "land_name": "OPEN SPACE (BOCANA ST)", "category": "Recreation & Park", "department_name": "Recreation and Parks" }, "geometry": { "type": "Polygon", "coordinates": [ [ [ -122.41585, 37.74445 ], [ -122.41555, 37.744913 ], [ -122.415119, 37.744737 ], [ -122.415397, 37.744291 ], [ -122.415625, 37.744376 ], [ -122.415633, 37.744363 ], [ -122.41585, 37.74445 ] ] ] } },
{ "type": "Feature", "properties": { "land_id": "37", "land_name": "JOSE CORONADO PLAYGROUND", "category": "Recreation & Park", "department_name": "Recreation and Parks" }, "geometry": { "type": "Polygon", "coordinates": [ [ [ -122.415151, 37.757766 ], [ -122.414729, 37.7578 ], [ -122.414689, 37.757377 ], [ -122.415531, 37.757326 ], [ -122.415564, 37.757667 ], [ -122.415144, 37.757693 ], [ -122.415151, 37.757766 ] ] ] } },
{ "type": "Feature", "properties": { "land_id": "439", "land_name": "Presidio Middle School", "category": "Unified School District", "department_name": "School District (SFUSD)" }, "geometry": { "type": "Polygon", "coordinates": [ [ [ -122.489982, 37.780023 ], [ -122.490102, 37.781669 ], [ -122.489272, 37.781707 ], [ -122.489152, 37.78006 ], [ -122.489982, 37.780023 ] ] ] } },
{ "type": "Feature", "properties": { "land_id": "662", "land_name": "DISTRICT 5 HEALTH CTR", "category": "Health", "department_name": "Public Health" }, "geometry": { "type": "Polygon", "coordinates": [ [ [ -122.482938, 37.762164 ], [ -122.482965, 37.762574 ], [ -122.482553, 37.762594 ], [ -122.482524, 37.762183 ], [ -122.482938, 37.762164 ] ] ] } },
{ "type": "Feature", "properties": { "land_id": "322", "land_name": "FIRE STATION #22", "category": "Fire", "department_name": "Fire Department" }, "geometry": { "type": "Polygon", "coordinates": [ [ [ -122.473455, 37.763836 ], [ -122.4738, 37.763821 ], [ -122.473813, 37.764013 ], [ -122.473468, 37.764028 ], [ -122.473455, 37.763836 ] ] ] } },
{ "type": "Feature", "properties": { "land_id": "7", "land_name": "JUNIPERO SERRA PLAYGROUND", "category": "Recreation & Park", "department_name": "Recreation and Parks" }, "geometry": { "type": "Polygon", "coordinates": [ [ [ -122.473215, 37.724864 ], [ -122.473215, 37.724803 ], [ -122.474107, 37.724256 ], [ -122.474155, 37.724261 ], [ -122.474261, 37.724864 ], [ -122.474199, 37.725234 ], [ -122.473829, 37.725233 ], [ -122.473499, 37.725269 ], [ -122.473495, 37.724866 ], [ -122.473215, 37.724864 ] ] ] } },
{ "type": "Feature", "properties": { "land_id": "57", "land_name": "ALIOTO MINI PARK", "category": "Recreation & Park", "department_name": "Recreation and Parks" }, "geometry": { "type": "Polygon", "coordinates": [ [ [ -122.418357, 37.759024 ], [ -122.418101, 37.75904 ], [ -122.418077, 37.75878 ], [ -122.418332, 37.758764 ], [ -122.418357, 37.759024 ] ] ] } },
{ "type": "Feature", "properties": { "land_id": "48", "land_name": "FULTON PLAYGROUND", "category": "Recreation & Park", "department_name": "Recreation and Parks" }, "geometry": { "type": "Polygon", "coordinates": [ [ [ -122.486508, 37.773195 ], [ -122.48733, 37.773158 ], [ -122.48736, 37.773569 ], [ -122.486538, 37.773607 ], [ -122.486508, 37.773195 ] ] ] } },
{ "type": "Feature", "properties": { "land_id": "87", "land_name": "ARGONNE PLAYGROUND", "category": "Recreation & Park", "department_name": "Recreation and Parks" }, "geometry": { "type": "Polygon", "coordinates": [ [ [ -122.477274, 37.779228 ], [ -122.478096, 37.779191 ], [ -122.478126, 37.779602 ], [ -122.477303, 37.779639 ], [ -122.477274, 37.779228 ] ] ] } },
{ "type": "Feature", "properties": { "land_id": "39", "land_name": "EUREKA VALLEY PLAYGROUND", "category": "Recreation & Park", "department_name": "Recreation and Parks" }, "geometry": { "type": "Polygon", "coordinates": [ [ [ -122.436994, 37.759862 ], [ -122.436563, 37.759889 ], [ -122.436621, 37.760497 ], [ -122.436188, 37.760524 ], [ -122.436072, 37.759301 ], [ -122.436936, 37.75925 ], [ -122.436994, 37.759862 ] ] ] } },
{ "type": "Feature", "properties": { "land_id": "33", "land_name": "LITTLE HOLLYWOOD PARK", "category": "Recreation & Park", "department_name": "Recreation and Parks" }, "geometry": { "type": "Polygon", "coordinates": [ [ [ -122.397582, 37.710136 ], [ -122.397691, 37.709846 ], [ -122.397807, 37.709874 ], [ -122.397857, 37.709743 ], [ -122.398776, 37.709603 ], [ -122.398493, 37.710353 ], [ -122.397582, 37.710136 ] ] ] } },
{ "type": "Feature", "properties": { "land_id": "192", "land_name": "ELLA HILL HUTCH COMMUNITY CTR", "category": "Real Estate", "department_name": "GSA - Real Estate Division" }, "geometry": { "type": "Polygon", "coordinates": [ [ [ -122.428611, 37.779129 ], [ -122.42988, 37.778968 ], [ -122.43003, 37.779713 ], [ -122.428762, 37.779875 ], [ -122.428611, 37.779129 ] ] ] } },
{ "type": "Feature", "properties": { "land_id": "902", "land_name": "RANDOLPH SUBSTATION EASEMENT", "category": "MTA", "department_name": "Municipal Transportation Agency" }, "geometry": { "type": "Polygon", "coordinates": [ [ [ -122.46952, 37.714364 ], [ -122.469652, 37.714364 ], [ -122.46969, 37.714386 ], [ -122.469698, 37.714645 ], [ -122.469523, 37.714646 ], [ -122.46952, 37.714364 ] ] ] } },
{ "type": "Feature", "properties": { "land_id": "51", "land_name": "MINI PARK (1129 HOWARD)", "category": "Recreation & Park", "department_name": "Recreation and Parks" }, "geometry": { "type": "Polygon", "coordinates": [ [ [ -122.409757, 37.777037 ], [ -122.410067, 37.777279 ], [ -122.409865, 37.777439 ], [ -122.40956, 37.777193 ], [ -122.409757, 37.777037 ] ] ] } },
{ "type": "Feature", "properties": { "land_id": "1308", "land_name": "333 7th St", "category": "Health", "department_name": "Public Health" }, "geometry": { "type": "Polygon", "coordinates": [ [ [ -122.407048, 37.776569 ], [ -122.40723, 37.776422 ], [ -122.407352, 37.77652 ], [ -122.40717, 37.776666 ], [ -122.407048, 37.776569 ] ] ] } },
{ "type": "Feature", "properties": { "land_id": "465", "land_name": "3045 Santiago Admin Building", "category": "Unified School District", "department_name": "School District (SFUSD)" }, "geometry": { "type": "Polygon", "coordinates": [ [ [ -122.499458, 37.743077 ], [ -122.500287, 37.74304 ], [ -122.500336, 37.743728 ], [ -122.499506, 37.743764 ], [ -122.499458, 37.743077 ] ] ] } },
{ "type": "Feature", "properties": { "land_id": "812", "land_name": "RICHMOND POLICE STATION", "category": "Police", "department_name": "Police Department" }, "geometry": { "type": "Polygon", "coordinates": [ [ [ -122.465161, 37.779927 ], [ -122.464834, 37.779942 ], [ -122.464856, 37.780203 ], [ -122.464348, 37.780226 ], [ -122.464319, 37.779814 ], [ -122.46515, 37.779777 ], [ -122.465161, 37.779927 ] ] ] } },
{ "type": "Feature", "properties": { "land_id": "593", "land_name": "BAYVIEW HILL PARK/OPEN SPACE", "category": "Recreation & Park", "department_name": "Recreation and Parks" }, "geometry": { "type": "Polygon", "coordinates": [ [ [ -122.392136, 37.7158 ], [ -122.392319, 37.715678 ], [ -122.392428, 37.715566 ], [ -122.392499, 37.715544 ], [ -122.393052, 37.715646 ], [ -122.393609, 37.715827 ], [ -122.394128, 37.715901 ], [ -122.394192, 37.715924 ], [ -122.394245, 37.715967 ], [ -122.394182, 37.716005 ], [ -122.394192, 37.716079 ], [ -122.394132, 37.716232 ], [ -122.394105, 37.716388 ], [ -122.394112, 37.716491 ], [ -122.394149, 37.7166 ], [ -122.394223, 37.716706 ], [ -122.394529, 37.717013 ], [ -122.394655, 37.717093 ], [ -122.394811, 37.71715 ], [ -122.394943, 37.717172 ], [ -122.395083, 37.717168 ], [ -122.395207, 37.717141 ], [ -122.39533, 37.717088 ], [ -122.395419, 37.717024 ], [ -122.39549, 37.716948 ], [ -122.395665, 37.716632 ], [ -122.395704, 37.716611 ], [ -122.39575, 37.716615 ], [ -122.395656, 37.716715 ], [ -122.395592, 37.716817 ], [ -122.395545, 37.716921 ], [ -122.3955, 37.717104 ], [ -122.395369, 37.717292 ], [ -122.395207, 37.717391 ], [ -122.394611, 37.717623 ], [ -122.394522, 37.717683 ], [ -122.394453, 37.717758 ], [ -122.394396, 37.717897 ], [ -122.394409, 37.718042 ], [ -122.394495, 37.718178 ], [ -122.394624, 37.718264 ], [ -122.394423, 37.718488 ], [ -122.39393, 37.718208 ], [ -122.393971, 37.718164 ], [ -122.393338, 37.717804 ], [ -122.393624, 37.717701 ], [ -122.39329, 37.717386 ], [ -122.393343, 37.717351 ], [ -122.392784, 37.716824 ], [ -122.392012, 37.716574 ], [ -122.39125, 37.716124 ], [ -122.390016, 37.714602 ], [ -122.389458, 37.714074 ], [ -122.389209, 37.714195 ], [ -122.389067, 37.713997 ], [ -122.388921, 37.713747 ], [ -122.388803, 37.713488 ], [ -122.388714, 37.713222 ], [ -122.389056, 37.713263 ], [ -122.389197, 37.713308 ], [ -122.389327, 37.713369 ], [ -122.389455, 37.713455 ], [ -122.389562, 37.713558 ], [ -122.389646, 37.713674 ], [ -122.389732, 37.713845 ], [ -122.389842, 37.713958 ], [ -122.389999, 37.714042 ], [ -122.39032, 37.714127 ], [ -122.390503, 37.714239 ], [ -122.390597, 37.714344 ], [ -122.390824, 37.714732 ], [ -122.391096, 37.715081 ], [ -122.391274, 37.715367 ], [ -122.391492, 37.715614 ], [ -122.39158, 37.715664 ], [ -122.392087, 37.715861 ], [ -122.392136, 37.7158 ] ] ] } },
{ "type": "Feature", "properties": { "land_id": "966", "land_name": "BAY VIEW PARK", "category": "Recreation & Park", "department_name": "Recreation and Parks" }, "geometry": { "type": "MultiPolygon", "coordinates": [ [ [ [ -122.388714, 37.713222 ], [ -122.389382, 37.713026 ], [ -122.38883, 37.712562 ], [ -122.389022, 37.712597 ], [ -122.389391, 37.712702 ], [ -122.38977, 37.712872 ], [ -122.390107, 37.713091 ], [ -122.390452, 37.713408 ], [ -122.390589, 37.713511 ], [ -122.390743, 37.713598 ], [ -122.39116, 37.713767 ], [ -122.391069, 37.713752 ], [ -122.390977, 37.713765 ], [ -122.390898, 37.713805 ], [ -122.390844, 37.713865 ], [ -122.390803, 37.714027 ], [ -122.390793, 37.714177 ], [ -122.39081, 37.714325 ], [ -122.390854, 37.714483 ], [ -122.391001, 37.714742 ], [ -122.391226, 37.715035 ], [ -122.391428, 37.715345 ], [ -122.391585, 37.715524 ], [ -122.39169, 37.715583 ], [ -122.391814, 37.71561 ], [ -122.39191, 37.715607 ], [ -122.392178, 37.715562 ], [ -122.392198, 37.715573 ], [ -122.392179, 37.715623 ], [ -122.392037, 37.715723 ], [ -122.391961, 37.715816 ], [ -122.391559, 37.715655 ], [ -122.391435, 37.715564 ], [ -122.391274, 37.715367 ], [ -122.391077, 37.715055 ], [ -122.390845, 37.714763 ], [ -122.390592, 37.714336 ], [ -122.390487, 37.714225 ], [ -122.39032, 37.714127 ], [ -122.390009, 37.714045 ], [ -122.389849, 37.713964 ], [ -122.389737, 37.713852 ], [ -122.389638, 37.713662 ], [ -122.389562, 37.713558 ], [ -122.389455, 37.713455 ], [ -122.389327, 37.713369 ], [ -122.389197, 37.713308 ], [ -122.389056, 37.713263 ], [ -122.388714, 37.713222 ] ] ], [ [ [ -122.391048, 37.713863 ], [ -122.391098, 37.713866 ], [ -122.391197, 37.7139 ], [ -122.391529, 37.714061 ], [ -122.391745, 37.714134 ], [ -122.392562, 37.714302 ], [ -122.393059, 37.714384 ], [ -122.393391, 37.714493 ], [ -122.393553, 37.714528 ], [ -122.393687, 37.714541 ], [ -122.39429, 37.714508 ], [ -122.394467, 37.714525 ], [ -122.394993, 37.714668 ], [ -122.395441, 37.714752 ], [ -122.395423, 37.714833 ], [ -122.395146, 37.715395 ], [ -122.395056, 37.715393 ], [ -122.394975, 37.715423 ], [ -122.394914, 37.715492 ], [ -122.394892, 37.715609 ], [ -122.394423, 37.715863 ], [ -122.39434, 37.715858 ], [ -122.394167, 37.715788 ], [ -122.39364, 37.71572 ], [ -122.3931, 37.715543 ], [ -122.392533, 37.715437 ], [ -122.39232, 37.71543 ], [ -122.391881, 37.715499 ], [ -122.391785, 37.715494 ], [ -122.391682, 37.715446 ], [ -122.391562, 37.71531 ], [ -122.391347, 37.714982 ], [ -122.391106, 37.714666 ], [ -122.390997, 37.714477 ], [ -122.390941, 37.714277 ], [ -122.390934, 37.714093 ], [ -122.390974, 37.713904 ], [ -122.391048, 37.713863 ] ] ] ] } },
{ "type": "Feature", "properties": { "land_id": "737", "land_name": "PRESIDIO DIVISION", "category": "MTA", "department_name": "Municipal Transportation Agency" }, "geometry": { "type": "Polygon", "coordinates": [ [ [ -122.446351, 37.784321 ], [ -122.446164, 37.783587 ], [ -122.446006, 37.782809 ], [ -122.446942, 37.782691 ], [ -122.447397, 37.784879 ], [ -122.447389, 37.78495 ], [ -122.447347, 37.78501 ], [ -122.447261, 37.785056 ], [ -122.446698, 37.78519 ], [ -122.446625, 37.78519 ], [ -122.446558, 37.785163 ], [ -122.446507, 37.785094 ], [ -122.446351, 37.784321 ] ] ] } },
{ "type": "Feature", "properties": { "land_id": "202", "land_name": "Eureka Valley/Harvey Milk Memorial Library", "category": "Public Library", "department_name": "Public Library" }, "geometry": { "type": "Polygon", "coordinates": [ [ [ -122.431708, 37.763835 ], [ -122.432179, 37.763806 ], [ -122.432215, 37.764183 ], [ -122.431744, 37.764211 ], [ -122.431708, 37.763835 ] ] ] } },
{ "type": "Feature", "properties": { "land_id": "164", "land_name": "SUTTER/STOCKTON GARAGE", "category": "Real Estate", "department_name": "GSA - Real Estate Division" }, "geometry": { "type": "Polygon", "coordinates": [ [ [ -122.406908, 37.789773 ], [ -122.407013, 37.790282 ], [ -122.406072, 37.790402 ], [ -122.406032, 37.790205 ], [ -122.40611, 37.790195 ], [ -122.406065, 37.789975 ], [ -122.405987, 37.789985 ], [ -122.405926, 37.78969 ], [ -122.406826, 37.789576 ], [ -122.406851, 37.789696 ], [ -122.406908, 37.789773 ] ] ] } },
{ "type": "Feature", "properties": { "land_id": "556", "land_name": "MISSION POLICE STATION", "category": "Police", "department_name": "Police Department" }, "geometry": { "type": "Polygon", "coordinates": [ [ [ -122.422554, 37.762302 ], [ -122.42261, 37.762888 ], [ -122.422465, 37.762896 ], [ -122.422491, 37.763161 ], [ -122.421865, 37.763199 ], [ -122.421791, 37.762425 ], [ -122.422419, 37.762387 ], [ -122.422412, 37.76231 ], [ -122.422554, 37.762302 ] ] ] } },
{ "type": "Feature", "properties": { "land_id": "546", "land_name": "ANZA LIBRARY", "category": "Public Library", "department_name": "Public Library" }, "geometry": { "type": "Polygon", "coordinates": [ [ [ -122.497005, 37.778745 ], [ -122.496975, 37.778334 ], [ -122.497384, 37.778315 ], [ -122.497415, 37.778726 ], [ -122.497005, 37.778745 ] ] ] } },
{ "type": "Feature", "properties": { "land_id": "609", "land_name": "Glen Park Elementary School", "category": "Unified School District", "department_name": "School District (SFUSD)" }, "geometry": { "type": "Polygon", "coordinates": [ [ [ -122.435449, 37.732553 ], [ -122.436126, 37.732682 ], [ -122.435813, 37.733678 ], [ -122.435498, 37.733616 ], [ -122.435477, 37.733682 ], [ -122.435118, 37.733611 ], [ -122.435449, 37.732553 ] ] ] } },
{ "type": "Feature", "properties": { "land_id": "71", "land_name": "OPEN SPACE", "category": "Recreation & Park", "department_name": "Recreation and Parks" }, "geometry": { "type": "Polygon", "coordinates": [ [ [ -122.440795, 37.762714 ], [ -122.440326, 37.762742 ], [ -122.440317, 37.762657 ], [ -122.440787, 37.762629 ], [ -122.440795, 37.762714 ] ] ] } },
{ "type": "Feature", "properties": { "land_id": "657", "land_name": "Leadership Charter/San Miguel EES", "category": "Unified School District", "department_name": "School District (SFUSD)" }, "geometry": { "type": "Polygon", "coordinates": [ [ [ -122.444641, 37.721993 ], [ -122.444555, 37.722131 ], [ -122.444431, 37.722083 ], [ -122.444272, 37.722339 ], [ -122.443745, 37.722132 ], [ -122.444365, 37.721137 ], [ -122.445672, 37.721649 ], [ -122.445202, 37.722213 ], [ -122.444641, 37.721993 ] ] ] } },
{ "type": "Feature", "properties": { "land_id": "131", "land_name": "OPEN SPACE (1464-1470 WASHINGTON)", "category": "Recreation & Park", "department_name": "Recreation and Parks" }, "geometry": { "type": "Polygon", "coordinates": [ [ [ -122.41752, 37.794184 ], [ -122.417356, 37.794205 ], [ -122.417281, 37.793835 ], [ -122.417444, 37.793814 ], [ -122.41752, 37.794184 ] ] ] } },
{ "type": "Feature", "properties": { "land_id": "344", "land_name": "FIRE STATION #37", "category": "Fire", "department_name": "Fire Department" }, "geometry": { "type": "Polygon", "coordinates": [ [ [ -122.399433, 37.757362 ], [ -122.399446, 37.757496 ], [ -122.399098, 37.757517 ], [ -122.399085, 37.757383 ], [ -122.399433, 37.757362 ] ] ] } },
{ "type": "Feature", "properties": { "land_id": "158", "land_name": "CLEMENT OFF-STREET PARKING", "category": "Real Estate", "department_name": "GSA - Real Estate Division" }, "geometry": { "type": "Polygon", "coordinates": [ [ [ -122.46745, 37.782011 ], [ -122.467465, 37.782216 ], [ -122.467051, 37.782236 ], [ -122.467036, 37.78203 ], [ -122.46745, 37.782011 ] ] ] } },
{ "type": "Feature", "properties": { "land_id": "175", "land_name": "POLICE ACADEMY", "category": "Police", "department_name": "Police Department" }, "geometry": { "type": "Polygon", "coordinates": [ [ [ -122.442562, 37.744252 ], [ -122.442529, 37.744285 ], [ -122.442294, 37.744306 ], [ -122.442105, 37.744348 ], [ -122.441944, 37.744408 ], [ -122.441798, 37.744487 ], [ -122.441289, 37.744865 ], [ -122.441212, 37.744973 ], [ -122.441175, 37.745126 ], [ -122.441154, 37.74515 ], [ -122.44076, 37.745176 ], [ -122.440838, 37.744637 ], [ -122.440591, 37.744616 ], [ -122.440694, 37.743847 ], [ -122.441844, 37.743517 ], [ -122.441877, 37.743609 ], [ -122.442292, 37.744003 ], [ -122.442624, 37.744061 ], [ -122.442562, 37.744252 ] ] ] } },
{ "type": "Feature", "properties": { "land_id": "177", "land_name": "TARAVAL POLICE STATION", "category": "Police", "department_name": "Police Department" }, "geometry": { "type": "Polygon", "coordinates": [ [ [ -122.481222, 37.743538 ], [ -122.481671, 37.743518 ], [ -122.4817, 37.743929 ], [ -122.481251, 37.743949 ], [ -122.481222, 37.743538 ] ] ] } },
{ "type": "Feature", "properties": { "land_id": "210", "land_name": "CHINATOWN BRANCH LIBRARY", "category": "Public Library", "department_name": "Public Library" }, "geometry": { "type": "Polygon", "coordinates": [ [ [ -122.409965, 37.795349 ], [ -122.409927, 37.795163 ], [ -122.410399, 37.795103 ], [ -122.410437, 37.795289 ], [ -122.409965, 37.795349 ] ] ] } },
{ "type": "Feature", "properties": { "land_id": "193", "land_name": "NORTHERN POLICE STATION", "category": "Police", "department_name": "Police Department" }, "geometry": { "type": "Polygon", "coordinates": [ [ [ -122.433028, 37.779523 ], [ -122.433258, 37.779493 ], [ -122.433334, 37.779866 ], [ -122.433573, 37.779836 ], [ -122.433648, 37.780208 ], [ -122.432239, 37.780388 ], [ -122.432164, 37.780015 ], [ -122.433103, 37.779895 ], [ -122.433028, 37.779523 ] ] ] } },
{ "type": "Feature", "properties": { "land_id": "749", "land_name": "MCCOPPIN SQUARE", "category": "Recreation & Park", "department_name": "Recreation and Parks" }, "geometry": { "type": "Polygon", "coordinates": [ [ [ -122.480936, 37.742929 ], [ -122.481053, 37.744577 ], [ -122.479148, 37.74466 ], [ -122.479054, 37.743303 ], [ -122.479565, 37.743279 ], [ -122.47955, 37.74299 ], [ -122.480936, 37.742929 ] ] ] } },
{ "type": "Feature", "properties": { "land_id": "179", "land_name": "ZFGH Garage", "category": "MTA", "department_name": "Municipal Transportation Agency" }, "geometry": { "type": "Polygon", "coordinates": [ [ [ -122.405202, 37.753161 ], [ -122.405307, 37.754255 ], [ -122.404614, 37.754297 ], [ -122.40451, 37.753201 ], [ -122.405202, 37.753161 ] ] ] } },
{ "type": "Feature", "properties": { "land_id": "200", "land_name": "ANNA E WADEN LIBRARY", "category": "Public Library", "department_name": "Public Library" }, "geometry": { "type": "Polygon", "coordinates": [ [ [ -122.390887, 37.732545 ], [ -122.391088, 37.732321 ], [ -122.391337, 37.732462 ], [ -122.391239, 37.732744 ], [ -122.390887, 37.732545 ] ] ] } },
{ "type": "Feature", "properties": { "land_id": "387", "land_name": "Yick Wo Elementary School", "category": "Unified School District", "department_name": "School District (SFUSD)" }, "geometry": { "type": "Polygon", "coordinates": [ [ [ -122.416654, 37.80151 ], [ -122.416758, 37.801496 ], [ -122.416892, 37.802243 ], [ -122.416423, 37.802303 ], [ -122.416305, 37.801732 ], [ -122.41669, 37.801683 ], [ -122.416654, 37.80151 ] ] ] } },
{ "type": "Feature", "properties": { "land_id": "214", "land_name": "WESTERN ADDITION CULTURAL CTR", "category": "Other", "department_name": "Arts Commission" }, "geometry": { "type": "Polygon", "coordinates": [ [ [ -122.429362, 37.778078 ], [ -122.429438, 37.77845 ], [ -122.428498, 37.77857 ], [ -122.428423, 37.778197 ], [ -122.429362, 37.778078 ] ] ] } },
{ "type": "Feature", "properties": { "land_id": "213", "land_name": "South of Market Cultural Center,SOMArts", "category": "Other", "department_name": "Arts Commission" }, "geometry": { "type": "Polygon", "coordinates": [ [ [ -122.406307, 37.770759 ], [ -122.406977, 37.771294 ], [ -122.40664, 37.77156 ], [ -122.406542, 37.771482 ], [ -122.406207, 37.770838 ], [ -122.406307, 37.770759 ] ] ] } },
{ "type": "Feature", "properties": { "land_id": "645", "land_name": "MUNI METRO RAIL CTR", "category": "MTA", "department_name": "Municipal Transportation Agency" }, "geometry": { "type": "Polygon", "coordinates": [ [ [ -122.447272, 37.721217 ], [ -122.44735, 37.721248 ], [ -122.447374, 37.721345 ], [ -122.447371, 37.721442 ], [ -122.4474, 37.72145 ], [ -122.447303, 37.721934 ], [ -122.447322, 37.721941 ], [ -122.447135, 37.722841 ], [ -122.445115, 37.722838 ], [ -122.445094, 37.722824 ], [ -122.445069, 37.72277 ], [ -122.446659, 37.720863 ], [ -122.447054, 37.72101 ], [ -122.447211, 37.72114 ], [ -122.447272, 37.721217 ] ] ] } },
{ "type": "Feature", "properties": { "land_id": "838", "land_name": "9TH AVE MAINTENANCE/TRANSIT POWER", "category": "MTA", "department_name": "Municipal Transportation Agency" }, "geometry": { "type": "Polygon", "coordinates": [ [ [ -122.466388, 37.761232 ], [ -122.466399, 37.761388 ], [ -122.466247, 37.761395 ], [ -122.466236, 37.761239 ], [ -122.466388, 37.761232 ] ] ] } },
{ "type": "Feature", "properties": { "land_id": "349", "land_name": "FIRE STATION #33", "category": "Fire", "department_name": "Fire Department" }, "geometry": { "type": "Polygon", "coordinates": [ [ [ -122.458896, 37.710797 ], [ -122.458898, 37.710948 ], [ -122.458448, 37.710952 ], [ -122.45845, 37.711089 ], [ -122.458336, 37.71109 ], [ -122.458335, 37.710991 ], [ -122.458241, 37.710991 ], [ -122.458242, 37.711022 ], [ -122.458103, 37.711023 ], [ -122.458101, 37.710803 ], [ -122.458896, 37.710797 ] ] ] } },
{ "type": "Feature", "properties": { "land_id": "501", "land_name": "Webster, Daniel Elementary/Early Education", "category": "Unified School District", "department_name": "School District (SFUSD)" }, "geometry": { "type": "Polygon", "coordinates": [ [ [ -122.395533, 37.760918 ], [ -122.395462, 37.760166 ], [ -122.396155, 37.760124 ], [ -122.396225, 37.760876 ], [ -122.395533, 37.760918 ] ] ] } },
{ "type": "Feature", "properties": { "land_id": "410", "land_name": "Redding Elementary/Early Education", "category": "Unified School District", "department_name": "School District (SFUSD)" }, "geometry": { "type": "MultiPolygon", "coordinates": [ [ [ [ -122.419327, 37.788913 ], [ -122.419706, 37.788864 ], [ -122.419774, 37.789196 ], [ -122.419394, 37.789245 ], [ -122.419327, 37.788913 ] ] ], [ [ [ -122.419631, 37.789634 ], [ -122.418941, 37.789722 ], [ -122.418877, 37.789408 ], [ -122.419567, 37.78932 ], [ -122.419631, 37.789634 ] ] ] ] } },
{ "type": "Feature", "properties": { "land_id": "915", "land_name": "Juvenile Justice Center", "category": "Other", "department_name": "Sheriff" }, "geometry": { "type": "Polygon", "coordinates": [ [ [ -122.453796, 37.746732 ], [ -122.453996, 37.746716 ], [ -122.454125, 37.746763 ], [ -122.454476, 37.74612 ], [ -122.454731, 37.746259 ], [ -122.454122, 37.747876 ], [ -122.451782, 37.747878 ], [ -122.451036, 37.747096 ], [ -122.451012, 37.746176 ], [ -122.45117, 37.746055 ], [ -122.451345, 37.74595 ], [ -122.452052, 37.746017 ], [ -122.452174, 37.745798 ], [ -122.45213, 37.745756 ], [ -122.453045, 37.745759 ], [ -122.453033, 37.74632 ], [ -122.453255, 37.746336 ], [ -122.453393, 37.746452 ], [ -122.45353, 37.746615 ], [ -122.453676, 37.746706 ], [ -122.453796, 37.746732 ] ] ] } },
{ "type": "Feature", "properties": { "land_id": "377", "land_name": "PERFORMING ARTS GARAGE", "category": "MTA", "department_name": "Municipal Transportation Agency" }, "geometry": { "type": "Polygon", "coordinates": [ [ [ -122.423105, 37.778114 ], [ -122.422998, 37.778315 ], [ -122.422015, 37.77844 ], [ -122.42194, 37.778067 ], [ -122.423067, 37.777923 ], [ -122.423105, 37.778114 ] ] ] } },
{ "type": "Feature", "properties": { "land_id": "121", "land_name": "ALTA PLAZA", "category": "Recreation & Park", "department_name": "Recreation and Parks" }, "geometry": { "type": "Polygon", "coordinates": [ [ [ -122.439036, 37.790192 ], [ -122.439355, 37.791767 ], [ -122.436302, 37.792154 ], [ -122.435985, 37.79058 ], [ -122.439036, 37.790192 ] ] ] } },
{ "type": "Feature", "properties": { "land_id": "129", "land_name": "CHINESE RECREATION CENTER", "category": "Recreation & Park", "department_name": "Recreation and Parks" }, "geometry": { "type": "Polygon", "coordinates": [ [ [ -122.412101, 37.793978 ], [ -122.412177, 37.794352 ], [ -122.41147, 37.79444 ], [ -122.411394, 37.794068 ], [ -122.412101, 37.793978 ] ] ] } },
{ "type": "Feature", "properties": { "land_id": "140", "land_name": "PORTOLA OFFSTREET PARKING", "category": "Real Estate", "department_name": "GSA - Real Estate Division" }, "geometry": { "type": "Polygon", "coordinates": [ [ [ -122.404869, 37.729581 ], [ -122.405033, 37.729538 ], [ -122.405144, 37.729807 ], [ -122.40498, 37.729849 ], [ -122.404869, 37.729581 ] ] ] } },
{ "type": "Feature", "properties": { "land_id": "422", "land_name": "JOHN ADAMS COMMUNITY COLLEGE CENTER", "category": "Other", "department_name": "City College" }, "geometry": { "type": "Polygon", "coordinates": [ [ [ -122.447586, 37.773843 ], [ -122.447739, 37.77459 ], [ -122.446438, 37.774756 ], [ -122.446285, 37.774008 ], [ -122.447586, 37.773843 ] ] ] } },
{ "type": "Feature", "properties": { "land_id": "423", "land_name": "Lilienthal, Claire (K-2 Madison Campus)", "category": "Unified School District", "department_name": "School District (SFUSD)" }, "geometry": { "type": "Polygon", "coordinates": [ [ [ -122.457574, 37.786934 ], [ -122.458271, 37.786845 ], [ -122.458342, 37.787191 ], [ -122.458305, 37.787196 ], [ -122.458376, 37.787546 ], [ -122.457907, 37.787606 ], [ -122.457835, 37.787256 ], [ -122.457645, 37.78728 ], [ -122.457574, 37.786934 ] ] ] } },
{ "type": "Feature", "properties": { "land_id": "331", "land_name": "FIRE STATION #16", "category": "Fire", "department_name": "Fire Department" }, "geometry": { "type": "Polygon", "coordinates": [ [ [ -122.436605, 37.79843 ], [ -122.436769, 37.798409 ], [ -122.436835, 37.798734 ], [ -122.436671, 37.798755 ], [ -122.436605, 37.79843 ] ] ] } },
{ "type": "Feature", "properties": { "land_id": "201", "land_name": "POTRERO LIBRARY", "category": "Public Library", "department_name": "Public Library" }, "geometry": { "type": "Polygon", "coordinates": [ [ [ -122.397568, 37.760039 ], [ -122.397741, 37.760029 ], [ -122.39776, 37.760233 ], [ -122.397588, 37.760243 ], [ -122.397568, 37.760039 ] ] ] } },
{ "type": "Feature", "properties": { "land_id": "351", "land_name": "SEA CLIFF #1 SEWAGE PUMP", "category": "PUC/Wastewater", "department_name": "Public Utilities Commission" }, "geometry": { "type": "Polygon", "coordinates": [ [ [ -122.49154, 37.787229 ], [ -122.49165, 37.787275 ], [ -122.491664, 37.787412 ], [ -122.491562, 37.787418 ], [ -122.49154, 37.787229 ] ] ] } },
{ "type": "Feature", "properties": { "land_id": "470", "land_name": "Ulloa Elementary School", "category": "Unified School District", "department_name": "School District (SFUSD)" }, "geometry": { "type": "Polygon", "coordinates": [ [ [ -122.499022, 37.738174 ], [ -122.498984, 37.737632 ], [ -122.498913, 37.737635 ], [ -122.498835, 37.73653 ], [ -122.499826, 37.736486 ], [ -122.499942, 37.738134 ], [ -122.499022, 37.738174 ] ] ] } },
{ "type": "Feature", "properties": { "land_id": "399", "land_name": "Marina Middle School", "category": "Unified School District", "department_name": "School District (SFUSD)" }, "geometry": { "type": "Polygon", "coordinates": [ [ [ -122.434826, 37.802727 ], [ -122.4345, 37.801133 ], [ -122.436136, 37.800925 ], [ -122.436451, 37.802464 ], [ -122.436443, 37.802501 ], [ -122.436395, 37.802527 ], [ -122.434826, 37.802727 ] ] ] } },
{ "type": "Feature", "properties": { "land_id": "400", "land_name": "Tule Elk Park Early Education School", "category": "Unified School District", "department_name": "School District (SFUSD)" }, "geometry": { "type": "Polygon", "coordinates": [ [ [ -122.435298, 37.799121 ], [ -122.435364, 37.799446 ], [ -122.434427, 37.799566 ], [ -122.434361, 37.79924 ], [ -122.435298, 37.799121 ] ] ] } },
{ "type": "Feature", "properties": { "land_id": "402", "land_name": "Sherman Elementary School", "category": "Unified School District", "department_name": "School District (SFUSD)" }, "geometry": { "type": "Polygon", "coordinates": [ [ [ -122.426512, 37.797368 ], [ -122.426663, 37.798116 ], [ -122.425724, 37.798235 ], [ -122.425573, 37.797487 ], [ -122.426512, 37.797368 ] ] ] } },
{ "type": "Feature", "properties": { "land_id": "427", "land_name": "Early Education Administration", "category": "Unified School District", "department_name": "School District (SFUSD)" }, "geometry": { "type": "MultiPolygon", "coordinates": [ [ [ [ -122.452504, 37.783652 ], [ -122.452565, 37.783956 ], [ -122.45253, 37.783958 ], [ -122.452472, 37.783654 ], [ -122.452504, 37.783652 ] ] ], [ [ [ -122.451561, 37.783664 ], [ -122.451451, 37.783118 ], [ -122.452274, 37.783027 ], [ -122.4524, 37.783657 ], [ -122.451561, 37.783664 ] ] ] ] } },
{ "type": "Feature", "properties": { "land_id": "497", "land_name": "Carmichael, Bessie (6-8 Campus)", "category": "Unified School District", "department_name": "School District (SFUSD)" }, "geometry": { "type": "Polygon", "coordinates": [ [ [ -122.400824, 37.780327 ], [ -122.400762, 37.780375 ], [ -122.400945, 37.780521 ], [ -122.400406, 37.780947 ], [ -122.400014, 37.780635 ], [ -122.400616, 37.780161 ], [ -122.400824, 37.780327 ] ] ] } },
{ "type": "Feature", "properties": { "land_id": "498", "land_name": "Downtown High School", "category": "Unified School District", "department_name": "School District (SFUSD)" }, "geometry": { "type": "Polygon", "coordinates": [ [ [ -122.403404, 37.761867 ], [ -122.403318, 37.760974 ], [ -122.404005, 37.760933 ], [ -122.404091, 37.761812 ], [ -122.403404, 37.761867 ] ] ] } },
{ "type": "Feature", "properties": { "land_id": "411", "land_name": "Gateway High School/KIPP SF Bay Academy", "category": "Unified School District", "department_name": "School District (SFUSD)" }, "geometry": { "type": "Polygon", "coordinates": [ [ [ -122.435837, 37.783754 ], [ -122.435698, 37.783007 ], [ -122.437536, 37.782773 ], [ -122.437687, 37.783518 ], [ -122.435837, 37.783754 ] ] ] } },
{ "type": "Feature", "properties": { "land_id": "435", "land_name": "Alamo Elementary School", "category": "Unified School District", "department_name": "School District (SFUSD)" }, "geometry": { "type": "Polygon", "coordinates": [ [ [ -122.482242, 37.782733 ], [ -122.482232, 37.782596 ], [ -122.482647, 37.782576 ], [ -122.482707, 37.783399 ], [ -122.482292, 37.783418 ], [ -122.482282, 37.783281 ], [ -122.481864, 37.7833 ], [ -122.481824, 37.782752 ], [ -122.482242, 37.782733 ] ] ] } },
{ "type": "Feature", "properties": { "land_id": "440", "land_name": "Lafayette Elementary School", "category": "Unified School District", "department_name": "School District (SFUSD)" }, "geometry": { "type": "Polygon", "coordinates": [ [ [ -122.497261, 37.776599 ], [ -122.497322, 37.777475 ], [ -122.496492, 37.777513 ], [ -122.496432, 37.776692 ], [ -122.496854, 37.776673 ], [ -122.49685, 37.776618 ], [ -122.497261, 37.776599 ] ] ] } },
{ "type": "Feature", "properties": { "land_id": "419", "land_name": "Muir, John Elementary/Early Education", "category": "Unified School District", "department_name": "School District (SFUSD)" }, "geometry": { "type": "Polygon", "coordinates": [ [ [ -122.428352, 37.773758 ], [ -122.428286, 37.773433 ], [ -122.428891, 37.773356 ], [ -122.429042, 37.774105 ], [ -122.428481, 37.774176 ], [ -122.428414, 37.773848 ], [ -122.428506, 37.773836 ], [ -122.428487, 37.773741 ], [ -122.428352, 37.773758 ] ] ] } },
{ "type": "Feature", "properties": { "land_id": "421", "land_name": "Lilienthal, Claire (3-8 Winfield Scott Campus)", "category": "Unified School District", "department_name": "School District (SFUSD)" }, "geometry": { "type": "Polygon", "coordinates": [ [ [ -122.44251, 37.803748 ], [ -122.442358, 37.803004 ], [ -122.443291, 37.802885 ], [ -122.443442, 37.80363 ], [ -122.44251, 37.803748 ] ] ] } },
{ "type": "Feature", "properties": { "land_id": "316", "land_name": "FIRE STATION #12", "category": "Fire", "department_name": "Fire Department" }, "geometry": { "type": "Polygon", "coordinates": [ [ [ -122.452453, 37.763341 ], [ -122.452834, 37.763293 ], [ -122.452889, 37.763564 ], [ -122.452508, 37.763613 ], [ -122.452453, 37.763341 ] ] ] } },
{ "type": "Feature", "properties": { "land_id": "751", "land_name": "ORTEGA BRANCH LIBRARY", "category": "Public Library", "department_name": "Public Library" }, "geometry": { "type": "Polygon", "coordinates": [ [ [ -122.497843, 37.751033 ], [ -122.498333, 37.751012 ], [ -122.498347, 37.751294 ], [ -122.497861, 37.751316 ], [ -122.497843, 37.751033 ] ] ] } },
{ "type": "Feature", "properties": { "land_id": "342", "land_name": "FIRE STATION #39", "category": "Fire", "department_name": "Fire Department" }, "geometry": { "type": "Polygon", "coordinates": [ [ [ -122.458214, 37.739467 ], [ -122.458698, 37.739504 ], [ -122.458915, 37.740103 ], [ -122.458605, 37.740233 ], [ -122.458214, 37.739467 ] ] ] } },
{ "type": "Feature", "properties": { "land_id": "343", "land_name": "FIRE STATION #29", "category": "Fire", "department_name": "Fire Department" }, "geometry": { "type": "Polygon", "coordinates": [ [ [ -122.404084, 37.7661 ], [ -122.404494, 37.766076 ], [ -122.404508, 37.766213 ], [ -122.404097, 37.766237 ], [ -122.404084, 37.7661 ] ] ] } },
{ "type": "Feature", "properties": { "land_id": "142", "land_name": "SOUTHERN FWY (REMAINDER) AT THOMAS", "category": "Public Works", "department_name": "Public Works" }, "geometry": { "type": "Polygon", "coordinates": [ [ [ -122.402439, 37.73755 ], [ -122.403008, 37.737198 ], [ -122.402808, 37.737422 ], [ -122.402738, 37.737382 ], [ -122.402538, 37.737606 ], [ -122.402439, 37.73755 ] ] ] } },
{ "type": "Feature", "properties": { "land_id": "284", "land_name": "SUNSET PARKWAY TO SLOAT BLVD", "category": "Public Works", "department_name": "Public Works" }, "geometry": { "type": "MultiPolygon", "coordinates": [ [ [ [ -122.49568, 37.762873 ], [ -122.495653, 37.76293 ], [ -122.495493, 37.763162 ], [ -122.495472, 37.762863 ], [ -122.495664, 37.762855 ], [ -122.49568, 37.762873 ] ] ], [ [ [ -122.49613, 37.763278 ], [ -122.496098, 37.762835 ], [ -122.496301, 37.762826 ], [ -122.496364, 37.763717 ], [ -122.496221, 37.76353 ], [ -122.49613, 37.763278 ] ] ], [ [ [ -122.493503, 37.734749 ], [ -122.493462, 37.734139 ], [ -122.493502, 37.734109 ], [ -122.49374, 37.734098 ], [ -122.493794, 37.734834 ], [ -122.493784, 37.734868 ], [ -122.493711, 37.734867 ], [ -122.493525, 37.73478 ], [ -122.493503, 37.734749 ] ] ], [ [ [ -122.494335, 37.734716 ], [ -122.494319, 37.734748 ], [ -122.494143, 37.734856 ], [ -122.494079, 37.734859 ], [ -122.494065, 37.734844 ], [ -122.493999, 37.734087 ], [ -122.49429, 37.734074 ], [ -122.494335, 37.734716 ] ] ], [ [ [ -122.496164, 37.7636 ], [ -122.496376, 37.763893 ], [ -122.496417, 37.764471 ], [ -122.496129, 37.764484 ], [ -122.496059, 37.763408 ], [ -122.496164, 37.7636 ] ] ], [ [ [ -122.496171, 37.760965 ], [ -122.496286, 37.762607 ], [ -122.496054, 37.762617 ], [ -122.49594, 37.760976 ], [ -122.496171, 37.760965 ] ] ], [ [ [ -122.495574, 37.760992 ], [ -122.495688, 37.762633 ], [ -122.495457, 37.762644 ], [ -122.495342, 37.761002 ], [ -122.495574, 37.760992 ] ] ], [ [ [ -122.49577, 37.763047 ], [ -122.495866, 37.764496 ], [ -122.495587, 37.764508 ], [ -122.495506, 37.763354 ], [ -122.495572, 37.763217 ], [ -122.495671, 37.763077 ], [ -122.495735, 37.763024 ], [ -122.49577, 37.763047 ] ] ], [ [ [ -122.49443, 37.736533 ], [ -122.494192, 37.736544 ], [ -122.494177, 37.736531 ], [ -122.494078, 37.735157 ], [ -122.494096, 37.735128 ], [ -122.494303, 37.73501 ], [ -122.494342, 37.73502 ], [ -122.494359, 37.735048 ], [ -122.494462, 37.736505 ], [ -122.49443, 37.736533 ] ] ], [ [ [ -122.493818, 37.735161 ], [ -122.493919, 37.736554 ], [ -122.493907, 37.736569 ], [ -122.493682, 37.736601 ], [ -122.493649, 37.736589 ], [ -122.493635, 37.736563 ], [ -122.493531, 37.73506 ], [ -122.49356, 37.735038 ], [ -122.4936, 37.735039 ], [ -122.493795, 37.735129 ], [ -122.493818, 37.735161 ] ] ], [ [ [ -122.495487, 37.759124 ], [ -122.495602, 37.76077 ], [ -122.495326, 37.760783 ], [ -122.495211, 37.759136 ], [ -122.495487, 37.759124 ] ] ], [ [ [ -122.495908, 37.757232 ], [ -122.496024, 37.75888 ], [ -122.495748, 37.758892 ], [ -122.495633, 37.757244 ], [ -122.495908, 37.757232 ] ] ], [ [ [ -122.49604, 37.759099 ], [ -122.496155, 37.760746 ], [ -122.495878, 37.760758 ], [ -122.495763, 37.759112 ], [ -122.49604, 37.759099 ] ] ], [ [ [ -122.495227, 37.755394 ], [ -122.495341, 37.757037 ], [ -122.495064, 37.757049 ], [ -122.494949, 37.755406 ], [ -122.495227, 37.755394 ] ] ], [ [ [ -122.495357, 37.757256 ], [ -122.495472, 37.758904 ], [ -122.495195, 37.758917 ], [ -122.49508, 37.757268 ], [ -122.495357, 37.757256 ] ] ], [ [ [ -122.495784, 37.755369 ], [ -122.495899, 37.757012 ], [ -122.495618, 37.757024 ], [ -122.495503, 37.755382 ], [ -122.495784, 37.755369 ] ] ], [ [ [ -122.493923, 37.736734 ], [ -122.494046, 37.738394 ], [ -122.493765, 37.738407 ], [ -122.493651, 37.736806 ], [ -122.493689, 37.73677 ], [ -122.493923, 37.736734 ] ] ], [ [ [ -122.495475, 37.755163 ], [ -122.495364, 37.753564 ], [ -122.495374, 37.753538 ], [ -122.495648, 37.753526 ], [ -122.495762, 37.75515 ], [ -122.495475, 37.755163 ] ] ], [ [ [ -122.494452, 37.744207 ], [ -122.494567, 37.745848 ], [ -122.494283, 37.74586 ], [ -122.494167, 37.74422 ], [ -122.494452, 37.744207 ] ] ], [ [ [ -122.494996, 37.744183 ], [ -122.49511, 37.745824 ], [ -122.494826, 37.745836 ], [ -122.494711, 37.744196 ], [ -122.494996, 37.744183 ] ] ], [ [ [ -122.495237, 37.751648 ], [ -122.495517, 37.751636 ], [ -122.495631, 37.753268 ], [ -122.495356, 37.75328 ], [ -122.495343, 37.753254 ], [ -122.495237, 37.751648 ] ] ], [ [ [ -122.494934, 37.755187 ], [ -122.494821, 37.753562 ], [ -122.495097, 37.75355 ], [ -122.495112, 37.753585 ], [ -122.495223, 37.755174 ], [ -122.494934, 37.755187 ] ] ], [ [ [ -122.495222, 37.751429 ], [ -122.495102, 37.749808 ], [ -122.495107, 37.749789 ], [ -122.495387, 37.749777 ], [ -122.495501, 37.751417 ], [ -122.495222, 37.751429 ] ] ], [ [ [ -122.494866, 37.742316 ], [ -122.494981, 37.743964 ], [ -122.494696, 37.743976 ], [ -122.49458, 37.742329 ], [ -122.494866, 37.742316 ] ] ], [ [ [ -122.494321, 37.74234 ], [ -122.494437, 37.743988 ], [ -122.494152, 37.744 ], [ -122.494036, 37.742353 ], [ -122.494321, 37.74234 ] ] ], [ [ [ -122.494971, 37.75166 ], [ -122.495089, 37.753266 ], [ -122.495079, 37.753292 ], [ -122.494803, 37.753305 ], [ -122.494689, 37.751673 ], [ -122.494971, 37.75166 ] ] ], [ [ [ -122.494061, 37.738614 ], [ -122.494175, 37.740252 ], [ -122.493889, 37.740265 ], [ -122.493773, 37.738626 ], [ -122.494061, 37.738614 ] ] ], [ [ [ -122.494607, 37.738589 ], [ -122.494721, 37.740228 ], [ -122.494434, 37.740241 ], [ -122.49432, 37.738602 ], [ -122.494607, 37.738589 ] ] ], [ [ [ -122.494962, 37.747702 ], [ -122.494842, 37.746074 ], [ -122.494847, 37.746055 ], [ -122.495126, 37.746043 ], [ -122.495241, 37.747689 ], [ -122.494962, 37.747702 ] ] ], [ [ [ -122.494191, 37.740472 ], [ -122.494306, 37.742121 ], [ -122.49402, 37.742134 ], [ -122.493904, 37.740484 ], [ -122.494191, 37.740472 ] ] ], [ [ [ -122.494736, 37.740448 ], [ -122.494851, 37.742097 ], [ -122.494565, 37.74211 ], [ -122.49445, 37.74046 ], [ -122.494736, 37.740448 ] ] ], [ [ [ -122.494841, 37.749801 ], [ -122.49496, 37.751423 ], [ -122.494955, 37.751441 ], [ -122.494674, 37.751453 ], [ -122.49456, 37.749814 ], [ -122.494841, 37.749801 ] ] ], [ [ [ -122.494977, 37.747921 ], [ -122.495257, 37.747909 ], [ -122.495372, 37.749558 ], [ -122.495092, 37.74957 ], [ -122.495084, 37.749552 ], [ -122.494977, 37.747921 ] ] ], [ [ [ -122.494588, 37.746085 ], [ -122.494695, 37.747713 ], [ -122.49441, 37.747726 ], [ -122.494295, 37.74608 ], [ -122.49458, 37.746067 ], [ -122.494588, 37.746085 ] ] ], [ [ [ -122.49471, 37.747933 ], [ -122.494831, 37.749564 ], [ -122.494826, 37.749582 ], [ -122.494541, 37.749594 ], [ -122.494426, 37.747945 ], [ -122.49471, 37.747933 ] ] ], [ [ [ -122.494214, 37.736708 ], [ -122.494446, 37.736698 ], [ -122.494477, 37.73672 ], [ -122.494592, 37.73837 ], [ -122.494304, 37.738383 ], [ -122.494191, 37.736763 ], [ -122.494214, 37.736708 ] ] ] ] } },
{ "type": "Feature", "properties": { "land_id": "3", "land_name": "FIRE STATION #10", "category": "Fire", "department_name": "Fire Department" }, "geometry": { "type": "Polygon", "coordinates": [ [ [ -122.446734, 37.786066 ], [ -122.446703, 37.786061 ], [ -122.446607, 37.785586 ], [ -122.44661, 37.785529 ], [ -122.446637, 37.785476 ], [ -122.446683, 37.785435 ], [ -122.446746, 37.785408 ], [ -122.447298, 37.785277 ], [ -122.447351, 37.785284 ], [ -122.447382, 37.785318 ], [ -122.447374, 37.785359 ], [ -122.446734, 37.786066 ] ] ] } },
{ "type": "Feature", "properties": { "land_id": "348", "land_name": "FIRE STATION #44", "category": "Fire", "department_name": "Fire Department" }, "geometry": { "type": "Polygon", "coordinates": [ [ [ -122.400698, 37.716654 ], [ -122.400304, 37.716757 ], [ -122.40025, 37.716626 ], [ -122.400644, 37.716523 ], [ -122.400698, 37.716654 ] ] ] } },
{ "type": "Feature", "properties": { "land_id": "163", "land_name": "VALLEJO STREET GARAGE", "category": "Real Estate", "department_name": "GSA - Real Estate Division" }, "geometry": { "type": "Polygon", "coordinates": [ [ [ -122.410049, 37.798519 ], [ -122.410126, 37.798892 ], [ -122.409771, 37.798935 ], [ -122.409695, 37.798562 ], [ -122.410049, 37.798519 ] ] ] } },
{ "type": "Feature", "properties": { "land_id": "391", "land_name": "Chin, John Yehall Elementary School", "category": "Unified School District", "department_name": "School District (SFUSD)" }, "geometry": { "type": "Polygon", "coordinates": [ [ [ -122.403597, 37.798754 ], [ -122.402912, 37.79884 ], [ -122.402838, 37.798467 ], [ -122.403523, 37.798381 ], [ -122.403597, 37.798754 ] ] ] } },
{ "type": "Feature", "properties": { "land_id": "15", "land_name": "OPEN SPACE (LAKEVIEW/ASHTON)", "category": "Recreation & Park", "department_name": "Recreation and Parks" }, "geometry": { "type": "MultiPolygon", "coordinates": [ [ [ [ -122.462836, 37.718208 ], [ -122.463009, 37.718207 ], [ -122.46301, 37.718276 ], [ -122.462746, 37.718277 ], [ -122.462743, 37.718003 ], [ -122.462834, 37.718002 ], [ -122.462836, 37.718208 ] ] ], [ [ [ -122.462275, 37.717882 ], [ -122.462534, 37.717881 ], [ -122.462537, 37.718156 ], [ -122.462278, 37.718157 ], [ -122.462275, 37.717882 ] ] ] ] } },
{ "type": "Feature", "properties": { "land_id": "161", "land_name": "Pierce St Parking Garage", "category": "Real Estate", "department_name": "GSA - Real Estate Division" }, "geometry": { "type": "Polygon", "coordinates": [ [ [ -122.4393, 37.799847 ], [ -122.439369, 37.800186 ], [ -122.438992, 37.800234 ], [ -122.438924, 37.799895 ], [ -122.4393, 37.799847 ] ] ] } },
{ "type": "Feature", "properties": { "land_id": "145", "land_name": "INGERSON AVENUE LOTS (14 & 18)", "category": "Real Estate", "department_name": "GSA - Real Estate Division" }, "geometry": { "type": "MultiPolygon", "coordinates": [ [ [ [ -122.390199, 37.717983 ], [ -122.390401, 37.717759 ], [ -122.390471, 37.717799 ], [ -122.39027, 37.718023 ], [ -122.390199, 37.717983 ] ] ], [ [ [ -122.389918, 37.717823 ], [ -122.39012, 37.717599 ], [ -122.39019, 37.717639 ], [ -122.389988, 37.717863 ], [ -122.389918, 37.717823 ] ] ] ] } },
{ "type": "Feature", "properties": { "land_id": "459", "land_name": "Edison Charter K-8", "category": "Unified School District", "department_name": "School District (SFUSD)" }, "geometry": { "type": "Polygon", "coordinates": [ [ [ -122.426422, 37.753991 ], [ -122.426507, 37.754881 ], [ -122.425659, 37.754932 ], [ -122.425574, 37.754042 ], [ -122.425979, 37.754017 ], [ -122.425996, 37.754195 ], [ -122.426047, 37.754192 ], [ -122.42603, 37.754014 ], [ -122.426422, 37.753991 ] ] ] } },
{ "type": "Feature", "properties": { "land_id": "47", "land_name": "KEY AVE (FUTURE EXTN)", "category": "Public Works", "department_name": "Public Works" }, "geometry": { "type": "MultiPolygon", "coordinates": [ [ [ [ -122.395868, 37.716663 ], [ -122.395767, 37.716804 ], [ -122.395686, 37.717113 ], [ -122.395641, 37.717216 ], [ -122.395557, 37.717326 ], [ -122.395407, 37.717454 ], [ -122.395423, 37.717507 ], [ -122.395552, 37.71758 ], [ -122.395393, 37.71776 ], [ -122.395138, 37.717615 ], [ -122.395097, 37.717606 ], [ -122.394705, 37.717787 ], [ -122.394638, 37.717865 ], [ -122.394624, 37.717959 ], [ -122.394668, 37.718045 ], [ -122.394762, 37.718111 ], [ -122.394624, 37.718264 ], [ -122.39459, 37.718249 ], [ -122.394468, 37.718148 ], [ -122.394401, 37.718014 ], [ -122.394402, 37.71787 ], [ -122.394469, 37.717737 ], [ -122.394538, 37.71767 ], [ -122.394621, 37.717618 ], [ -122.395207, 37.717391 ], [ -122.395369, 37.717292 ], [ -122.3955, 37.717104 ], [ -122.395545, 37.716921 ], [ -122.395656, 37.716715 ], [ -122.39575, 37.716615 ], [ -122.395868, 37.716663 ] ] ], [ [ [ -122.396791, 37.715939 ], [ -122.396626, 37.715903 ], [ -122.396609, 37.716055 ], [ -122.396527, 37.716207 ], [ -122.396301, 37.716423 ], [ -122.39622, 37.716474 ], [ -122.396176, 37.716463 ], [ -122.396441, 37.715862 ], [ -122.395271, 37.715604 ], [ -122.395288, 37.715539 ], [ -122.395269, 37.715477 ], [ -122.395218, 37.715425 ], [ -122.395146, 37.715395 ], [ -122.395423, 37.714833 ], [ -122.395847, 37.714903 ], [ -122.39628, 37.715018 ], [ -122.396791, 37.715939 ] ] ] ] } },
{ "type": "Feature", "properties": { "land_id": "272", "land_name": "LUNADO COURT", "category": "Public Works", "department_name": "Public Works" }, "geometry": { "type": "Polygon", "coordinates": [ [ [ -122.470707, 37.725607 ], [ -122.470741, 37.725633 ], [ -122.470732, 37.725684 ], [ -122.470687, 37.725723 ], [ -122.470633, 37.725729 ], [ -122.470609, 37.725702 ], [ -122.470626, 37.725646 ], [ -122.470659, 37.725616 ], [ -122.470707, 37.725607 ] ] ] } },
{ "type": "Feature", "properties": { "land_id": "553", "land_name": "MAIN LIBRARY", "category": "Public Library", "department_name": "Public Library" }, "geometry": { "type": "Polygon", "coordinates": [ [ [ -122.41642, 37.778766 ], [ -122.416546, 37.77939 ], [ -122.415201, 37.779557 ], [ -122.415072, 37.778922 ], [ -122.41642, 37.778766 ] ] ] } },
{ "type": "Feature", "properties": { "land_id": "460", "land_name": "Noriega Early Education School", "category": "Unified School District", "department_name": "School District (SFUSD)" }, "geometry": { "type": "Polygon", "coordinates": [ [ [ -122.503826, 37.75342 ], [ -122.503902, 37.754518 ], [ -122.503487, 37.754537 ], [ -122.503393, 37.753183 ], [ -122.503877, 37.753161 ], [ -122.503895, 37.753417 ], [ -122.503826, 37.75342 ] ] ] } },
{ "type": "Feature", "properties": { "land_id": "462", "land_name": "Stevenson, Robert Louis Elementary School", "category": "Unified School District", "department_name": "School District (SFUSD)" }, "geometry": { "type": "Polygon", "coordinates": [ [ [ -122.493115, 37.748003 ], [ -122.49323, 37.749649 ], [ -122.492397, 37.749686 ], [ -122.492282, 37.74804 ], [ -122.493115, 37.748003 ] ] ] } },
{ "type": "Feature", "properties": { "land_id": "314", "land_name": "FIRE STATION #7/FIRE COLLEGE", "category": "Fire", "department_name": "Fire Department" }, "geometry": { "type": "Polygon", "coordinates": [ [ [ -122.41574, 37.759513 ], [ -122.415821, 37.760352 ], [ -122.414976, 37.760403 ], [ -122.414896, 37.759564 ], [ -122.41574, 37.759513 ] ] ] } },
{ "type": "Feature", "properties": { "land_id": "457", "land_name": "LAKE HONDA TRACT (SE 7TH AVE)", "category": "Unified School District", "department_name": "School District (SFUSD)" }, "geometry": { "type": "Polygon", "coordinates": [ [ [ -122.463538, 37.756791 ], [ -122.463653, 37.758434 ], [ -122.463325, 37.758448 ], [ -122.463198, 37.757863 ], [ -122.462952, 37.75715 ], [ -122.462924, 37.756959 ], [ -122.463096, 37.75681 ], [ -122.463538, 37.756791 ] ] ] } },
{ "type": "Feature", "properties": { "land_id": "333", "land_name": "FIRE CHIEF'S RESIDENCE", "category": "Fire", "department_name": "Fire Department" }, "geometry": { "type": "Polygon", "coordinates": [ [ [ -122.411492, 37.789913 ], [ -122.41167, 37.78989 ], [ -122.411745, 37.790261 ], [ -122.411567, 37.790283 ], [ -122.411492, 37.789913 ] ] ] } },
{ "type": "Feature", "properties": { "land_id": "405", "land_name": "Gateway Middle/S.F. Public Montessori", "category": "Unified School District", "department_name": "School District (SFUSD)" }, "geometry": { "type": "Polygon", "coordinates": [ [ [ -122.434081, 37.792628 ], [ -122.434151, 37.792974 ], [ -122.433117, 37.793106 ], [ -122.433047, 37.792759 ], [ -122.434081, 37.792628 ] ] ] } },
{ "type": "Feature", "properties": { "land_id": "406", "land_name": "ALEMANY COMMUNITY COLLEGE CENTER", "category": "Other", "department_name": "City College" }, "geometry": { "type": "Polygon", "coordinates": [ [ [ -122.419781, 37.783123 ], [ -122.420251, 37.783063 ], [ -122.420317, 37.783388 ], [ -122.419847, 37.783448 ], [ -122.419781, 37.783123 ] ] ] } },
{ "type": "Feature", "properties": { "land_id": "424", "land_name": "Cobb, Dr. William L. Elementary School/Preschool", "category": "Unified School District", "department_name": "School District (SFUSD)" }, "geometry": { "type": "Polygon", "coordinates": [ [ [ -122.439655, 37.787284 ], [ -122.439806, 37.788029 ], [ -122.438864, 37.788149 ], [ -122.438788, 37.787777 ], [ -122.439258, 37.787717 ], [ -122.439183, 37.787344 ], [ -122.439655, 37.787284 ] ] ] } },
{ "type": "Feature", "properties": { "land_id": "782", "land_name": "LRV Station - Forest Hill", "category": "MTA", "department_name": "Municipal Transportation Agency" }, "geometry": { "type": "Polygon", "coordinates": [ [ [ -122.459799, 37.747881 ], [ -122.459741, 37.748106 ], [ -122.459551, 37.74809 ], [ -122.459218, 37.748337 ], [ -122.459164, 37.748169 ], [ -122.458918, 37.74792 ], [ -122.458894, 37.747862 ], [ -122.458892, 37.747797 ], [ -122.458946, 37.747692 ], [ -122.459261, 37.747406 ], [ -122.459799, 37.747881 ] ] ] } },
{ "type": "Feature", "properties": { "land_id": "240", "land_name": "VACANT LAND - FITZGERALD", "category": "Public Works", "department_name": "Public Works" }, "geometry": { "type": "Polygon", "coordinates": [ [ [ -122.371182, 37.710368 ], [ -122.371584, 37.709921 ], [ -122.371724, 37.710001 ], [ -122.371322, 37.710448 ], [ -122.371182, 37.710368 ] ] ] } },
{ "type": "Feature", "properties": { "land_id": "488", "land_name": "Mission High School", "category": "Unified School District", "department_name": "School District (SFUSD)" }, "geometry": { "type": "Polygon", "coordinates": [ [ [ -122.427679, 37.762591 ], [ -122.427678, 37.762578 ], [ -122.426399, 37.762659 ], [ -122.426289, 37.761502 ], [ -122.42822, 37.761386 ], [ -122.428325, 37.762491 ], [ -122.428206, 37.7625 ], [ -122.428208, 37.762534 ], [ -122.427679, 37.762591 ] ] ] } },
{ "type": "Feature", "properties": { "land_id": "499", "land_name": "International Studies Academy", "category": "Unified School District", "department_name": "School District (SFUSD)" }, "geometry": { "type": "Polygon", "coordinates": [ [ [ -122.398633, 37.761257 ], [ -122.401105, 37.761108 ], [ -122.401212, 37.762206 ], [ -122.399555, 37.762306 ], [ -122.398633, 37.761257 ] ] ] } },
{ "type": "Feature", "properties": { "land_id": "529", "land_name": "Hillcrest Elementary School", "category": "Unified School District", "department_name": "School District (SFUSD)" }, "geometry": { "type": "Polygon", "coordinates": [ [ [ -122.419014, 37.72902 ], [ -122.418463, 37.728973 ], [ -122.418035, 37.727937 ], [ -122.418833, 37.727729 ], [ -122.41935, 37.72898 ], [ -122.419014, 37.72902 ] ] ] } },
{ "type": "Feature", "properties": { "land_id": "920", "land_name": "Life Learning Academy Charter School", "category": "Unified School District", "department_name": "School District (SFUSD)" }, "geometry": { "type": "Polygon", "coordinates": [ [ [ -122.369765, 37.825228 ], [ -122.369012, 37.825531 ], [ -122.368549, 37.824874 ], [ -122.369341, 37.82455 ], [ -122.369765, 37.825228 ] ] ] } },
{ "type": "Feature", "properties": { "land_id": "428", "land_name": "Wallenberg, Raoul High School", "category": "Unified School District", "department_name": "School District (SFUSD)" }, "geometry": { "type": "Polygon", "coordinates": [ [ [ -122.446403, 37.780079 ], [ -122.446365, 37.779708 ], [ -122.447067, 37.779618 ], [ -122.447199, 37.780262 ], [ -122.446407, 37.780363 ], [ -122.446554, 37.781085 ], [ -122.445741, 37.78118 ], [ -122.445713, 37.781154 ], [ -122.445579, 37.780709 ], [ -122.445546, 37.780213 ], [ -122.445595, 37.780183 ], [ -122.446403, 37.780079 ] ] ] } },
{ "type": "Feature", "properties": { "land_id": "429", "land_name": "New Traditions Elementary School", "category": "Unified School District", "department_name": "School District (SFUSD)" }, "geometry": { "type": "Polygon", "coordinates": [ [ [ -122.450534, 37.773468 ], [ -122.450687, 37.774216 ], [ -122.45, 37.774303 ], [ -122.449847, 37.773555 ], [ -122.450534, 37.773468 ] ] ] } },
{ "type": "Feature", "properties": { "land_id": "430", "land_name": "FLORENCE MARTIN CHILD CARE CENTER (closed)", "category": "Unified School District", "department_name": "School District (SFUSD)" }, "geometry": { "type": "Polygon", "coordinates": [ [ [ -122.439395, 37.771449 ], [ -122.439865, 37.771388 ], [ -122.43988, 37.771463 ], [ -122.439965, 37.771452 ], [ -122.440026, 37.77175 ], [ -122.439471, 37.771822 ], [ -122.439395, 37.771449 ] ] ] } },
{ "type": "Feature", "properties": { "land_id": "624", "land_name": "RESERVOIR LANDS (GLEN PARK)", "category": "PUC/Hetch Hetchy", "department_name": "Public Utilities Commission" }, "geometry": { "type": "MultiPolygon", "coordinates": [ [ [ [ -122.445883, 37.741041 ], [ -122.446039, 37.741034 ], [ -122.44604, 37.741067 ], [ -122.446008, 37.741088 ], [ -122.445969, 37.74109 ], [ -122.445883, 37.741041 ] ] ], [ [ [ -122.448794, 37.742613 ], [ -122.449143, 37.742694 ], [ -122.449464, 37.742828 ], [ -122.449409, 37.742898 ], [ -122.449252, 37.742823 ], [ -122.449051, 37.742754 ], [ -122.448842, 37.742705 ], [ -122.448628, 37.742674 ], [ -122.448626, 37.74259 ], [ -122.448794, 37.742613 ] ] ], [ [ [ -122.450908, 37.744377 ], [ -122.451111, 37.744619 ], [ -122.451646, 37.745245 ], [ -122.451576, 37.745272 ], [ -122.451517, 37.745248 ], [ -122.450749, 37.74432 ], [ -122.450748, 37.744187 ], [ -122.450833, 37.744293 ], [ -122.450827, 37.744241 ], [ -122.450908, 37.744377 ] ] ], [ [ [ -122.443972, 37.739604 ], [ -122.444432, 37.739963 ], [ -122.444557, 37.740167 ], [ -122.44413, 37.740206 ], [ -122.444023, 37.740116 ], [ -122.443972, 37.739604 ] ] ], [ [ [ -122.443516, 37.739874 ], [ -122.443029, 37.739771 ], [ -122.442912, 37.73973 ], [ -122.442805, 37.739674 ], [ -122.442707, 37.739598 ], [ -122.443699, 37.739544 ], [ -122.443735, 37.73995 ], [ -122.443516, 37.739874 ] ] ], [ [ [ -122.44241, 37.73539 ], [ -122.443311, 37.735369 ], [ -122.443326, 37.735561 ], [ -122.443135, 37.735584 ], [ -122.442414, 37.735783 ], [ -122.44241, 37.73539 ] ] ], [ [ [ -122.444756, 37.740768 ], [ -122.444606, 37.740691 ], [ -122.444459, 37.740584 ], [ -122.444348, 37.740473 ], [ -122.444246, 37.740334 ], [ -122.444636, 37.740298 ], [ -122.444804, 37.740573 ], [ -122.444897, 37.740614 ], [ -122.44511, 37.740671 ], [ -122.445767, 37.740761 ], [ -122.446059, 37.740844 ], [ -122.445352, 37.740894 ], [ -122.44498, 37.740837 ], [ -122.444756, 37.740768 ] ] ], [ [ [ -122.442421, 37.736317 ], [ -122.442417, 37.735957 ], [ -122.443193, 37.735742 ], [ -122.443342, 37.735726 ], [ -122.443403, 37.736215 ], [ -122.442421, 37.736317 ] ] ], [ [ [ -122.442437, 37.737146 ], [ -122.442423, 37.736415 ], [ -122.443415, 37.736313 ], [ -122.443438, 37.736501 ], [ -122.442613, 37.737 ], [ -122.442437, 37.737146 ] ] ], [ [ [ -122.447642, 37.742496 ], [ -122.448418, 37.742566 ], [ -122.44842, 37.742649 ], [ -122.44704, 37.742517 ], [ -122.446728, 37.74242 ], [ -122.446458, 37.742261 ], [ -122.446341, 37.742127 ], [ -122.446273, 37.741968 ], [ -122.446213, 37.741487 ], [ -122.446165, 37.741351 ], [ -122.446086, 37.741207 ], [ -122.446099, 37.74117 ], [ -122.446171, 37.741112 ], [ -122.446238, 37.741078 ], [ -122.44632, 37.741058 ], [ -122.446477, 37.741243 ], [ -122.446541, 37.741365 ], [ -122.44658, 37.741486 ], [ -122.446598, 37.741627 ], [ -122.44659, 37.741755 ], [ -122.446621, 37.741855 ], [ -122.446713, 37.742021 ], [ -122.446853, 37.74217 ], [ -122.44698, 37.742261 ], [ -122.447138, 37.74234 ], [ -122.447306, 37.742351 ], [ -122.447314, 37.742285 ], [ -122.447685, 37.742317 ], [ -122.447642, 37.742496 ] ] ], [ [ [ -122.443435, 37.738295 ], [ -122.443387, 37.738872 ], [ -122.443424, 37.73897 ], [ -122.443476, 37.739041 ], [ -122.443556, 37.73911 ], [ -122.443668, 37.739171 ], [ -122.443684, 37.739379 ], [ -122.442586, 37.73944 ], [ -122.442555, 37.739345 ], [ -122.442551, 37.739242 ], [ -122.442671, 37.738682 ], [ -122.442693, 37.738448 ], [ -122.442644, 37.738157 ], [ -122.442465, 37.737667 ], [ -122.442461, 37.737558 ], [ -122.442484, 37.737445 ], [ -122.442558, 37.7373 ], [ -122.442686, 37.737168 ], [ -122.443461, 37.736694 ], [ -122.443584, 37.738098 ], [ -122.44349, 37.738187 ], [ -122.443435, 37.738295 ] ] ] ] } },
{ "type": "Feature", "properties": { "land_id": "432", "land_name": "Grattan Elementary/Early Education", "category": "Unified School District", "department_name": "School District (SFUSD)" }, "geometry": { "type": "Polygon", "coordinates": [ [ [ -122.450055, 37.763885 ], [ -122.449918, 37.763207 ], [ -122.450785, 37.763097 ], [ -122.450923, 37.763774 ], [ -122.450055, 37.763885 ] ] ] } },
{ "type": "Feature", "properties": { "land_id": "221", "land_name": "FORMER SEA WALL #17", "category": "Port", "department_name": "Port" }, "geometry": { "type": "Polygon", "coordinates": [ [ [ -122.389558, 37.791037 ], [ -122.389285, 37.790526 ], [ -122.389743, 37.790891 ], [ -122.389558, 37.791037 ] ] ] } },
{ "type": "Feature", "properties": { "land_id": "80", "land_name": "JOHN P. MURPHY PLAYGROUND", "category": "Recreation & Park", "department_name": "Recreation and Parks" }, "geometry": { "type": "Polygon", "coordinates": [ [ [ -122.464524, 37.752118 ], [ -122.464863, 37.751377 ], [ -122.465307, 37.751358 ], [ -122.465362, 37.752132 ], [ -122.464528, 37.752171 ], [ -122.464524, 37.752118 ] ] ] } },
{ "type": "Feature", "properties": { "land_id": "472", "land_name": "Clarendon Elementary School", "category": "Unified School District", "department_name": "School District (SFUSD)" }, "geometry": { "type": "Polygon", "coordinates": [ [ [ -122.455433, 37.754221 ], [ -122.455477, 37.754195 ], [ -122.455919, 37.753562 ], [ -122.456022, 37.753389 ], [ -122.456103, 37.753201 ], [ -122.456154, 37.753184 ], [ -122.456274, 37.75299 ], [ -122.457216, 37.753413 ], [ -122.456836, 37.753613 ], [ -122.456193, 37.754527 ], [ -122.455433, 37.754221 ] ] ] } },
{ "type": "Feature", "properties": { "land_id": "473", "land_name": "HARVEY MILK CIVIL RIGHTS ACADEMY", "category": "Unified School District", "department_name": "School District (SFUSD)" }, "geometry": { "type": "Polygon", "coordinates": [ [ [ -122.436653, 37.75872 ], [ -122.436663, 37.758816 ], [ -122.436894, 37.758802 ], [ -122.43692, 37.759075 ], [ -122.436055, 37.759126 ], [ -122.43602, 37.758758 ], [ -122.436653, 37.75872 ] ] ] } },
{ "type": "Feature", "properties": { "land_id": "365", "land_name": "HEALTH CENTER 4 (AIR RIGHTS OVER BROADWAY TUNNEL)", "category": "Health", "department_name": "Public Health" }, "geometry": { "type": "Polygon", "coordinates": [ [ [ -122.411753, 37.797049 ], [ -122.411794, 37.797252 ], [ -122.411282, 37.797317 ], [ -122.411241, 37.797114 ], [ -122.411753, 37.797049 ] ] ] } },
{ "type": "Feature", "properties": { "land_id": "527", "land_name": "GLEN PARK", "category": "Recreation & Park", "department_name": "Recreation and Parks" }, "geometry": { "type": "Polygon", "coordinates": [ [ [ -122.43975, 37.740363 ], [ -122.439815, 37.740311 ], [ -122.43986, 37.740247 ], [ -122.43988, 37.740176 ], [ -122.439874, 37.7401 ], [ -122.440156, 37.740087 ], [ -122.440058, 37.738806 ], [ -122.439703, 37.73883 ], [ -122.439687, 37.73878 ], [ -122.439903, 37.738722 ], [ -122.439997, 37.73867 ], [ -122.440084, 37.738597 ], [ -122.44021, 37.738416 ], [ -122.440292, 37.738186 ], [ -122.440285, 37.738054 ], [ -122.440237, 37.737922 ], [ -122.439996, 37.737639 ], [ -122.439906, 37.73747 ], [ -122.439874, 37.737286 ], [ -122.439902, 37.737061 ], [ -122.439763, 37.737059 ], [ -122.439792, 37.735786 ], [ -122.439827, 37.735453 ], [ -122.439891, 37.735209 ], [ -122.440032, 37.735241 ], [ -122.44015, 37.734982 ], [ -122.440636, 37.735102 ], [ -122.440675, 37.73514 ], [ -122.441016, 37.735671 ], [ -122.441338, 37.735902 ], [ -122.441815, 37.736049 ], [ -122.441822, 37.736132 ], [ -122.441799, 37.736218 ], [ -122.441581, 37.736508 ], [ -122.441506, 37.736669 ], [ -122.441449, 37.736849 ], [ -122.441616, 37.736869 ], [ -122.441314, 37.738515 ], [ -122.441117, 37.738844 ], [ -122.441646, 37.740466 ], [ -122.44268, 37.740443 ], [ -122.44255, 37.739706 ], [ -122.442697, 37.739816 ], [ -122.442866, 37.739897 ], [ -122.443476, 37.740038 ], [ -122.443763, 37.740158 ], [ -122.443983, 37.740324 ], [ -122.444195, 37.740587 ], [ -122.444314, 37.740703 ], [ -122.444452, 37.740804 ], [ -122.444626, 37.740899 ], [ -122.444926, 37.740996 ], [ -122.445571, 37.741089 ], [ -122.44568, 37.741128 ], [ -122.445795, 37.741197 ], [ -122.445919, 37.741317 ], [ -122.445992, 37.741459 ], [ -122.446016, 37.741548 ], [ -122.446064, 37.741977 ], [ -122.446137, 37.742169 ], [ -122.44621, 37.742275 ], [ -122.446309, 37.742376 ], [ -122.446554, 37.742529 ], [ -122.446786, 37.742624 ], [ -122.44706, 37.74269 ], [ -122.448425, 37.742816 ], [ -122.448428, 37.742938 ], [ -122.448636, 37.742955 ], [ -122.448633, 37.742842 ], [ -122.448792, 37.742865 ], [ -122.44908, 37.742941 ], [ -122.449311, 37.743046 ], [ -122.446705, 37.743202 ], [ -122.446194, 37.74395 ], [ -122.446366, 37.744712 ], [ -122.447082, 37.745611 ], [ -122.447145, 37.745748 ], [ -122.446772, 37.745431 ], [ -122.446102, 37.744562 ], [ -122.445912, 37.743659 ], [ -122.445464, 37.743392 ], [ -122.444053, 37.742909 ], [ -122.443529, 37.743058 ], [ -122.442572, 37.74365 ], [ -122.442282, 37.743995 ], [ -122.441877, 37.743609 ], [ -122.441475, 37.742469 ], [ -122.440716, 37.741972 ], [ -122.440957, 37.741497 ], [ -122.440651, 37.741172 ], [ -122.439921, 37.740787 ], [ -122.440076, 37.740348 ], [ -122.43975, 37.740363 ] ] ] } },
{ "type": "Feature", "properties": { "land_id": "463", "land_name": "Hoover, Herbert Middle School", "category": "Unified School District", "department_name": "School District (SFUSD)" }, "geometry": { "type": "Polygon", "coordinates": [ [ [ -122.467583, 37.744891 ], [ -122.468842, 37.744836 ], [ -122.468861, 37.74511 ], [ -122.469163, 37.745096 ], [ -122.469405, 37.745086 ], [ -122.469386, 37.744812 ], [ -122.470217, 37.744775 ], [ -122.470271, 37.745543 ], [ -122.469856, 37.745561 ], [ -122.469899, 37.746178 ], [ -122.470314, 37.74616 ], [ -122.470348, 37.746645 ], [ -122.469657, 37.746675 ], [ -122.469618, 37.746111 ], [ -122.468897, 37.746143 ], [ -122.468033, 37.746084 ], [ -122.467955, 37.74614 ], [ -122.467927, 37.745788 ], [ -122.467698, 37.745796 ], [ -122.467587, 37.745769 ], [ -122.4675, 37.7457 ], [ -122.46743, 37.745557 ], [ -122.467322, 37.745505 ], [ -122.467444, 37.745219 ], [ -122.467467, 37.745212 ], [ -122.467604, 37.745057 ], [ -122.467523, 37.744928 ], [ -122.467568, 37.744925 ], [ -122.467583, 37.744891 ] ] ] } },
{ "type": "Feature", "properties": { "land_id": "469", "land_name": "Feinstein, Dianne Elementary School", "category": "Unified School District", "department_name": "School District (SFUSD)" }, "geometry": { "type": "Polygon", "coordinates": [ [ [ -122.480987, 37.740215 ], [ -122.480915, 37.739193 ], [ -122.481746, 37.739157 ], [ -122.481817, 37.740178 ], [ -122.480987, 37.740215 ] ] ] } },
{ "type": "Feature", "properties": { "land_id": "629", "land_name": "SUNSET DAY TREATMENT CENTER", "category": "Health", "department_name": "Public Health" }, "geometry": { "type": "Polygon", "coordinates": [ [ [ -122.499258, 37.749626 ], [ -122.499673, 37.749607 ], [ -122.499701, 37.750019 ], [ -122.499287, 37.750037 ], [ -122.499258, 37.749626 ] ] ] } },
{ "type": "Feature", "properties": { "land_id": "823", "land_name": "STORAGE & MAINTENANCE DIVISION", "category": "MTA", "department_name": "Municipal Transportation Agency" }, "geometry": { "type": "Polygon", "coordinates": [ [ [ -122.413883, 37.765511 ], [ -122.415176, 37.765433 ], [ -122.415312, 37.766858 ], [ -122.413417, 37.766972 ], [ -122.413325, 37.766013 ], [ -122.413509, 37.765902 ], [ -122.413607, 37.765804 ], [ -122.41382, 37.765653 ], [ -122.413883, 37.765511 ] ] ] } },
{ "type": "Feature", "properties": { "land_id": "278", "land_name": "BUREAU OF LIGHT, HEAT & POWER", "category": "PUC/Hetch Hetchy", "department_name": "Public Utilities Commission" }, "geometry": { "type": "Polygon", "coordinates": [ [ [ -122.413073, 37.766366 ], [ -122.413101, 37.766664 ], [ -122.412936, 37.766673 ], [ -122.413005, 37.766409 ], [ -122.413073, 37.766366 ] ] ] } },
{ "type": "Feature", "properties": { "land_id": "848", "land_name": "JUDAH SUBSTATION", "category": "MTA", "department_name": "Municipal Transportation Agency" }, "geometry": { "type": "Polygon", "coordinates": [ [ [ -122.491168, 37.761186 ], [ -122.491254, 37.761182 ], [ -122.491273, 37.761454 ], [ -122.491187, 37.761458 ], [ -122.491168, 37.761186 ] ] ] } },
{ "type": "Feature", "properties": { "land_id": "834", "land_name": "MAINTENANCE FACILITY", "category": "MTA", "department_name": "Municipal Transportation Agency" }, "geometry": { "type": "Polygon", "coordinates": [ [ [ -122.393834, 37.756326 ], [ -122.393947, 37.75751 ], [ -122.393269, 37.757551 ], [ -122.393154, 37.756331 ], [ -122.393767, 37.756301 ], [ -122.393793, 37.756329 ], [ -122.393834, 37.756326 ] ] ] } },
{ "type": "Feature", "properties": { "land_id": "837", "land_name": "LA PLAYA/CABRILLO TERMINAL LOOP", "category": "MTA", "department_name": "Municipal Transportation Agency" }, "geometry": { "type": "Polygon", "coordinates": [ [ [ -122.509531, 37.773833 ], [ -122.509499, 37.773394 ], [ -122.509923, 37.773375 ], [ -122.509955, 37.773814 ], [ -122.509531, 37.773833 ] ] ] } },
{ "type": "Feature", "properties": { "land_id": "839", "land_name": "MARINA SUBSTATION F", "category": "MTA", "department_name": "Municipal Transportation Agency" }, "geometry": { "type": "Polygon", "coordinates": [ [ [ -122.432812, 37.803828 ], [ -122.432947, 37.803818 ], [ -122.432985, 37.804007 ], [ -122.432797, 37.804032 ], [ -122.432766, 37.80388 ], [ -122.432821, 37.803873 ], [ -122.432812, 37.803828 ] ] ] } },
{ "type": "Feature", "properties": { "land_id": "836", "land_name": "Scott Maintenance Facility/Garage", "category": "MTA", "department_name": "Municipal Transportation Agency" }, "geometry": { "type": "Polygon", "coordinates": [ [ [ -122.412586, 37.767974 ], [ -122.412752, 37.767305 ], [ -122.41316, 37.76728 ], [ -122.413216, 37.767868 ], [ -122.412787, 37.767886 ], [ -122.412794, 37.767962 ], [ -122.412586, 37.767974 ] ] ] } },
{ "type": "Feature", "properties": { "land_id": "827", "land_name": "FILLMORE SUB-STATION", "category": "MTA", "department_name": "Municipal Transportation Agency" }, "geometry": { "type": "Polygon", "coordinates": [ [ [ -122.433455, 37.786396 ], [ -122.434138, 37.786309 ], [ -122.434166, 37.78645 ], [ -122.433825, 37.786493 ], [ -122.433806, 37.7864 ], [ -122.433464, 37.786443 ], [ -122.433455, 37.786396 ] ] ] } },
{ "type": "Feature", "properties": { "land_id": "819", "land_name": "BERNAL HTS SUBSTATION", "category": "MTA", "department_name": "Municipal Transportation Agency" }, "geometry": { "type": "Polygon", "coordinates": [ [ [ -122.416182, 37.738132 ], [ -122.416189, 37.738064 ], [ -122.416434, 37.738077 ], [ -122.416428, 37.738146 ], [ -122.416182, 37.738132 ] ] ] } },
{ "type": "Feature", "properties": { "land_id": "824", "land_name": "Downtown Substation", "category": "MTA", "department_name": "Municipal Transportation Agency" }, "geometry": { "type": "Polygon", "coordinates": [ [ [ -122.399877, 37.789167 ], [ -122.399902, 37.789147 ], [ -122.399749, 37.789026 ], [ -122.399803, 37.788983 ], [ -122.399956, 37.789105 ], [ -122.399978, 37.789087 ], [ -122.400173, 37.789243 ], [ -122.400073, 37.789322 ], [ -122.399877, 37.789167 ] ] ] } },
{ "type": "Feature", "properties": { "land_id": "85", "land_name": "CABRILLO PLAYGROUND", "category": "Recreation & Park", "department_name": "Recreation and Parks" }, "geometry": { "type": "Polygon", "coordinates": [ [ [ -122.498288, 37.772661 ], [ -122.499115, 37.772623 ], [ -122.499145, 37.773034 ], [ -122.498731, 37.773053 ], [ -122.498736, 37.773122 ], [ -122.498323, 37.773141 ], [ -122.498288, 37.772661 ] ] ] } },
{ "type": "Feature", "properties": { "land_id": "318", "land_name": "FIRE STATION #40", "category": "Fire", "department_name": "Fire Department" }, "geometry": { "type": "Polygon", "coordinates": [ [ [ -122.475059, 37.747551 ], [ -122.47547, 37.747533 ], [ -122.47548, 37.74767 ], [ -122.475068, 37.747688 ], [ -122.475059, 37.747551 ] ] ] } },
{ "type": "Feature", "properties": { "land_id": "475", "land_name": "Rooftop (5-8 Mayeda Campus)", "category": "Unified School District", "department_name": "School District (SFUSD)" }, "geometry": { "type": "Polygon", "coordinates": [ [ [ -122.444602, 37.757243 ], [ -122.444742, 37.7573 ], [ -122.444895, 37.757332 ], [ -122.444662, 37.757788 ], [ -122.444587, 37.757762 ], [ -122.444525, 37.757719 ], [ -122.444252, 37.757389 ], [ -122.444078, 37.757256 ], [ -122.44429, 37.757029 ], [ -122.444602, 37.757243 ] ] ] } },
{ "type": "Feature", "properties": { "land_id": "476", "land_name": "Alvarado Elementary School", "category": "Unified School District", "department_name": "School District (SFUSD)" }, "geometry": { "type": "Polygon", "coordinates": [ [ [ -122.437656, 37.753298 ], [ -122.438582, 37.753243 ], [ -122.438668, 37.754146 ], [ -122.438088, 37.754181 ], [ -122.438064, 37.753925 ], [ -122.437719, 37.753945 ], [ -122.437656, 37.753298 ] ] ] } },
{ "type": "Feature", "properties": { "land_id": "483", "land_name": "Sunnyside Elementary School", "category": "Unified School District", "department_name": "School District (SFUSD)" }, "geometry": { "type": "Polygon", "coordinates": [ [ [ -122.447715, 37.730599 ], [ -122.447713, 37.730289 ], [ -122.4478, 37.730289 ], [ -122.447798, 37.72998 ], [ -122.448753, 37.729976 ], [ -122.448757, 37.730594 ], [ -122.447715, 37.730599 ] ] ] } },
{ "type": "Feature", "properties": { "land_id": "911", "land_name": "ELECTRICAL SUBSTATION", "category": "MTA", "department_name": "Municipal Transportation Agency" }, "geometry": { "type": "Polygon", "coordinates": [ [ [ -122.390757, 37.740789 ], [ -122.390636, 37.740932 ], [ -122.390501, 37.740856 ], [ -122.390631, 37.740712 ], [ -122.390757, 37.740789 ] ] ] } },
{ "type": "Feature", "properties": { "land_id": "485", "land_name": "DHS Offices (Leased to DHS by SFUSD))", "category": "Unified School District", "department_name": "School District (SFUSD)" }, "geometry": { "type": "Polygon", "coordinates": [ [ [ -122.412237, 37.770981 ], [ -122.412664, 37.771322 ], [ -122.412445, 37.771495 ], [ -122.412394, 37.771455 ], [ -122.412321, 37.771513 ], [ -122.412341, 37.771529 ], [ -122.412141, 37.771687 ], [ -122.411744, 37.77137 ], [ -122.412237, 37.770981 ] ] ] } },
{ "type": "Feature", "properties": { "land_id": "561", "land_name": "VICTORIA MANALO DRAVES PARK", "category": "Recreation & Park", "department_name": "Recreation and Parks" }, "geometry": { "type": "Polygon", "coordinates": [ [ [ -122.405532, 37.776281 ], [ -122.406869, 37.777353 ], [ -122.406381, 37.777739 ], [ -122.405041, 37.776667 ], [ -122.405532, 37.776281 ] ] ] } },
{ "type": "Feature", "properties": { "land_id": "320", "land_name": "FIRE STATION #31", "category": "Fire", "department_name": "Fire Department" }, "geometry": { "type": "Polygon", "coordinates": [ [ [ -122.470761, 37.779795 ], [ -122.471588, 37.779761 ], [ -122.471598, 37.779898 ], [ -122.470771, 37.779935 ], [ -122.470761, 37.779795 ] ] ] } },
{ "type": "Feature", "properties": { "land_id": "508", "land_name": "Starr King Elementary/Preschool", "category": "Unified School District", "department_name": "School District (SFUSD)" }, "geometry": { "type": "Polygon", "coordinates": [ [ [ -122.398738, 37.753749 ], [ -122.398657, 37.752895 ], [ -122.399341, 37.752851 ], [ -122.399441, 37.753822 ], [ -122.399313, 37.753816 ], [ -122.398961, 37.753749 ], [ -122.398738, 37.753749 ] ] ] } },
{ "type": "Feature", "properties": { "land_id": "906", "land_name": "GLEN PARK SUBSTATION", "category": "MTA", "department_name": "Municipal Transportation Agency" }, "geometry": { "type": "Polygon", "coordinates": [ [ [ -122.424006, 37.7396 ], [ -122.423949, 37.739827 ], [ -122.423767, 37.739838 ], [ -122.423936, 37.739576 ], [ -122.424006, 37.7396 ] ] ] } },
{ "type": "Feature", "properties": { "land_id": "61", "land_name": "UNDEDICATED ALLEY", "category": "Other", "department_name": "Mayor" }, "geometry": { "type": "Polygon", "coordinates": [ [ [ -122.478312, 37.758007 ], [ -122.478381, 37.758004 ], [ -122.478401, 37.758284 ], [ -122.478366, 37.758285 ], [ -122.478365, 37.758258 ], [ -122.47833, 37.758259 ], [ -122.478312, 37.758007 ] ] ] } },
{ "type": "Feature", "properties": { "land_id": "321", "land_name": "FIRE STATION #18", "category": "Fire", "department_name": "Fire Department" }, "geometry": { "type": "Polygon", "coordinates": [ [ [ -122.490349, 37.751167 ], [ -122.490325, 37.750824 ], [ -122.490739, 37.750806 ], [ -122.490763, 37.751148 ], [ -122.490349, 37.751167 ] ] ] } },
{ "type": "Feature", "properties": { "land_id": "327", "land_name": "FIRE STATION #36", "category": "Fire", "department_name": "Fire Department" }, "geometry": { "type": "Polygon", "coordinates": [ [ [ -122.421273, 37.774756 ], [ -122.421339, 37.775085 ], [ -122.421153, 37.775109 ], [ -122.421083, 37.77478 ], [ -122.421273, 37.774756 ] ] ] } },
{ "type": "Feature", "properties": { "land_id": "329", "land_name": "FIRE STATION #38", "category": "Fire", "department_name": "Fire Department" }, "geometry": { "type": "Polygon", "coordinates": [ [ [ -122.4297, 37.789551 ], [ -122.429986, 37.789515 ], [ -122.430061, 37.789887 ], [ -122.429775, 37.789923 ], [ -122.4297, 37.789551 ] ] ] } },
{ "type": "Feature", "properties": { "land_id": "744", "land_name": "Ortega, Jose Elementary School", "category": "Unified School District", "department_name": "School District (SFUSD)" }, "geometry": { "type": "Polygon", "coordinates": [ [ [ -122.467568, 37.716181 ], [ -122.467584, 37.717554 ], [ -122.467236, 37.717556 ], [ -122.467232, 37.71722 ], [ -122.466124, 37.717228 ], [ -122.466127, 37.717564 ], [ -122.465782, 37.717566 ], [ -122.465766, 37.716193 ], [ -122.467568, 37.716181 ] ] ] } },
{ "type": "Feature", "properties": { "land_id": "771", "land_name": "Sheridan Elementary School/Preschool", "category": "Unified School District", "department_name": "School District (SFUSD)" }, "geometry": { "type": "Polygon", "coordinates": [ [ [ -122.460119, 37.714819 ], [ -122.459149, 37.714825 ], [ -122.45914, 37.714133 ], [ -122.46011, 37.714127 ], [ -122.460119, 37.714819 ] ] ] } },
{ "type": "Feature", "properties": { "land_id": "308", "land_name": "FIRE STATION #43", "category": "Fire", "department_name": "Fire Department" }, "geometry": { "type": "Polygon", "coordinates": [ [ [ -122.431917, 37.716303 ], [ -122.431739, 37.716538 ], [ -122.43144, 37.716395 ], [ -122.431618, 37.716159 ], [ -122.431917, 37.716303 ] ] ] } },
{ "type": "Feature", "properties": { "land_id": "311", "land_name": "FIRE DEPT HQTRS/SALT WATER PUMPING STATION #1", "category": "Fire", "department_name": "Fire Department" }, "geometry": { "type": "Polygon", "coordinates": [ [ [ -122.390973, 37.780801 ], [ -122.390732, 37.780609 ], [ -122.391124, 37.780298 ], [ -122.391364, 37.780491 ], [ -122.390973, 37.780801 ] ] ] } },
{ "type": "Feature", "properties": { "land_id": "312", "land_name": "FIRE STATION #8", "category": "Fire", "department_name": "Fire Department" }, "geometry": { "type": "Polygon", "coordinates": [ [ [ -122.396662, 37.777112 ], [ -122.396955, 37.777345 ], [ -122.396758, 37.7775 ], [ -122.396465, 37.777266 ], [ -122.396662, 37.777112 ] ] ] } },
{ "type": "Feature", "properties": { "land_id": "780", "land_name": "Visitacion Valley Middle School", "category": "Unified School District", "department_name": "School District (SFUSD)" }, "geometry": { "type": "Polygon", "coordinates": [ [ [ -122.410552, 37.716352 ], [ -122.411359, 37.71448 ], [ -122.413115, 37.714956 ], [ -122.41284, 37.715595 ], [ -122.412857, 37.715615 ], [ -122.412924, 37.715671 ], [ -122.413009, 37.71571 ], [ -122.414045, 37.715992 ], [ -122.414051, 37.716192 ], [ -122.413664, 37.716304 ], [ -122.413179, 37.716312 ], [ -122.413183, 37.716455 ], [ -122.412443, 37.716685 ], [ -122.412192, 37.716797 ], [ -122.410552, 37.716352 ] ] ] } },
{ "type": "Feature", "properties": { "land_id": "165", "land_name": "Wholesale Produce Market", "category": "Real Estate", "department_name": "GSA - Real Estate Division" }, "geometry": { "type": "MultiPolygon", "coordinates": [ [ [ [ -122.395581, 37.741459 ], [ -122.39567, 37.741362 ], [ -122.39573, 37.741394 ], [ -122.395676, 37.741455 ], [ -122.395581, 37.741459 ] ] ], [ [ [ -122.398495, 37.743734 ], [ -122.398929, 37.74325 ], [ -122.39899, 37.743284 ], [ -122.398555, 37.743768 ], [ -122.398495, 37.743734 ] ] ], [ [ [ -122.397001, 37.74277 ], [ -122.397283, 37.742454 ], [ -122.397385, 37.742512 ], [ -122.397103, 37.742828 ], [ -122.397001, 37.74277 ] ] ], [ [ [ -122.396277, 37.743496 ], [ -122.396543, 37.743198 ], [ -122.396662, 37.743265 ], [ -122.396396, 37.743563 ], [ -122.396277, 37.743496 ] ] ], [ [ [ -122.398607, 37.743817 ], [ -122.399043, 37.743314 ], [ -122.399212, 37.743408 ], [ -122.398776, 37.743895 ], [ -122.398732, 37.743899 ], [ -122.398622, 37.743838 ], [ -122.398607, 37.743817 ] ] ], [ [ [ -122.394518, 37.742111 ], [ -122.394553, 37.741852 ], [ -122.394803, 37.741994 ], [ -122.394788, 37.741951 ], [ -122.394898, 37.742019 ], [ -122.394982, 37.742107 ], [ -122.394975, 37.74214 ], [ -122.394651, 37.742505 ], [ -122.394477, 37.742405 ], [ -122.394505, 37.742202 ], [ -122.394456, 37.742172 ], [ -122.394518, 37.742111 ] ] ], [ [ [ -122.398224, 37.74402 ], [ -122.398427, 37.744091 ], [ -122.398501, 37.744159 ], [ -122.398509, 37.744191 ], [ -122.398012, 37.744754 ], [ -122.397718, 37.744587 ], [ -122.398224, 37.74402 ] ] ], [ [ [ -122.398539, 37.743508 ], [ -122.397296, 37.742806 ], [ -122.397246, 37.742862 ], [ -122.397221, 37.742847 ], [ -122.397193, 37.742879 ], [ -122.397142, 37.74285 ], [ -122.397424, 37.742534 ], [ -122.398743, 37.74328 ], [ -122.398573, 37.74347 ], [ -122.398598, 37.743485 ], [ -122.398514, 37.743579 ], [ -122.398488, 37.743564 ], [ -122.398539, 37.743508 ] ] ], [ [ [ -122.397779, 37.744352 ], [ -122.396468, 37.743605 ], [ -122.39675, 37.74329 ], [ -122.396801, 37.743318 ], [ -122.396773, 37.74335 ], [ -122.396812, 37.743372 ], [ -122.396762, 37.743428 ], [ -122.397985, 37.744121 ], [ -122.398035, 37.744065 ], [ -122.39806, 37.744079 ], [ -122.397976, 37.744174 ], [ -122.397951, 37.744159 ], [ -122.397779, 37.744352 ] ] ], [ [ [ -122.396204, 37.743454 ], [ -122.394695, 37.742597 ], [ -122.394876, 37.742393 ], [ -122.394851, 37.742378 ], [ -122.394935, 37.742284 ], [ -122.39496, 37.742299 ], [ -122.39491, 37.742355 ], [ -122.396335, 37.743166 ], [ -122.396373, 37.743122 ], [ -122.396407, 37.743142 ], [ -122.39642, 37.743127 ], [ -122.39647, 37.743156 ], [ -122.396204, 37.743454 ] ] ], [ [ [ -122.395323, 37.742071 ], [ -122.398317, 37.743754 ], [ -122.39833, 37.743782 ], [ -122.398295, 37.743835 ], [ -122.398242, 37.74388 ], [ -122.398204, 37.743879 ], [ -122.395231, 37.742201 ], [ -122.395222, 37.742166 ], [ -122.395257, 37.742117 ], [ -122.395323, 37.742071 ] ] ], [ [ [ -122.396973, 37.742622 ], [ -122.396118, 37.742136 ], [ -122.396097, 37.742159 ], [ -122.39607, 37.742143 ], [ -122.396049, 37.742166 ], [ -122.395491, 37.741848 ], [ -122.395365, 37.741989 ], [ -122.395254, 37.741926 ], [ -122.395222, 37.741955 ], [ -122.395182, 37.741948 ], [ -122.395175, 37.741916 ], [ -122.395543, 37.741502 ], [ -122.395606, 37.741499 ], [ -122.397244, 37.742432 ], [ -122.396962, 37.742749 ], [ -122.396911, 37.742719 ], [ -122.39694, 37.742688 ], [ -122.396922, 37.742678 ], [ -122.396973, 37.742622 ] ] ], [ [ [ -122.398908, 37.744053 ], [ -122.399516, 37.743372 ], [ -122.400429, 37.743892 ], [ -122.399823, 37.744571 ], [ -122.398908, 37.744053 ] ] ], [ [ [ -122.394655, 37.740958 ], [ -122.394733, 37.740367 ], [ -122.39476, 37.740393 ], [ -122.39482, 37.739967 ], [ -122.396038, 37.740663 ], [ -122.395018, 37.741775 ], [ -122.394973, 37.741797 ], [ -122.394918, 37.741789 ], [ -122.39455, 37.741581 ], [ -122.394591, 37.741537 ], [ -122.394684, 37.740975 ], [ -122.394655, 37.740958 ] ] ] ] } },
{ "type": "Feature", "properties": { "land_id": "323", "land_name": "FIRE STATION #14", "category": "Fire", "department_name": "Fire Department" }, "geometry": { "type": "Polygon", "coordinates": [ [ [ -122.486269, 37.778916 ], [ -122.48628, 37.779067 ], [ -122.485859, 37.779086 ], [ -122.485848, 37.778935 ], [ -122.486269, 37.778916 ] ] ] } },
{ "type": "Feature", "properties": { "land_id": "324", "land_name": "FIRE STATION #34", "category": "Fire", "department_name": "Fire Department" }, "geometry": { "type": "Polygon", "coordinates": [ [ [ -122.502836, 37.779401 ], [ -122.502844, 37.779513 ], [ -122.502215, 37.779458 ], [ -122.502215, 37.77943 ], [ -122.502836, 37.779401 ] ] ] } },
{ "type": "Feature", "properties": { "land_id": "325", "land_name": "ENGINE 21 (INACTIVE)", "category": "Fire", "department_name": "Fire Department" }, "geometry": { "type": "Polygon", "coordinates": [ [ [ -122.438371, 37.773111 ], [ -122.438446, 37.77348 ], [ -122.438361, 37.773491 ], [ -122.438286, 37.773122 ], [ -122.438371, 37.773111 ] ] ] } },
{ "type": "Feature", "properties": { "land_id": "326", "land_name": "FIRE STATION #21", "category": "Fire", "department_name": "Fire Department" }, "geometry": { "type": "Polygon", "coordinates": [ [ [ -122.440149, 37.775173 ], [ -122.440352, 37.775147 ], [ -122.440428, 37.77552 ], [ -122.440225, 37.775546 ], [ -122.440149, 37.775173 ] ] ] } },
{ "type": "Feature", "properties": { "land_id": "654", "land_name": "Denman Middle School/Leadership Charter High", "category": "Unified School District", "department_name": "School District (SFUSD)" }, "geometry": { "type": "Polygon", "coordinates": [ [ [ -122.443173, 37.720664 ], [ -122.44363, 37.720848 ], [ -122.443508, 37.721045 ], [ -122.443991, 37.721235 ], [ -122.444114, 37.721038 ], [ -122.444365, 37.721137 ], [ -122.443745, 37.722132 ], [ -122.442086, 37.721476 ], [ -122.442725, 37.720441 ], [ -122.442741, 37.720375 ], [ -122.44272, 37.720307 ], [ -122.442847, 37.720443 ], [ -122.443009, 37.720569 ], [ -122.443173, 37.720664 ] ] ] } },
{ "type": "Feature", "properties": { "land_id": "389", "land_name": "SFUSD -- 940 Filbert St", "category": "Unified School District", "department_name": "School District (SFUSD)" }, "geometry": { "type": "Polygon", "coordinates": [ [ [ -122.414642, 37.80081 ], [ -122.415358, 37.800718 ], [ -122.415424, 37.801043 ], [ -122.414811, 37.801122 ], [ -122.414815, 37.801142 ], [ -122.414507, 37.801181 ], [ -122.41447, 37.800999 ], [ -122.414675, 37.800973 ], [ -122.414642, 37.80081 ] ] ] } },
{ "type": "Feature", "properties": { "land_id": "531", "land_name": "Monroe Elementary/Excelsior Monroe Early Education", "category": "Unified School District", "department_name": "School District (SFUSD)" }, "geometry": { "type": "Polygon", "coordinates": [ [ [ -122.429878, 37.72567 ], [ -122.430502, 37.724845 ], [ -122.431095, 37.725127 ], [ -122.430471, 37.725953 ], [ -122.429878, 37.72567 ] ] ] } },
{ "type": "Feature", "properties": { "land_id": "228", "land_name": "SLOPE PROTECTION-BAY SHORE BLVD", "category": "Public Works", "department_name": "Public Works" }, "geometry": { "type": "MultiPolygon", "coordinates": [ [ [ [ -122.404307, 37.745444 ], [ -122.404247, 37.745438 ], [ -122.404298, 37.745231 ], [ -122.404282, 37.745323 ], [ -122.404307, 37.745444 ] ] ], [ [ [ -122.406626, 37.738178 ], [ -122.406716, 37.73818 ], [ -122.40678, 37.738231 ], [ -122.406804, 37.738354 ], [ -122.406744, 37.73841 ], [ -122.406727, 37.738265 ], [ -122.406653, 37.738215 ], [ -122.406555, 37.738198 ], [ -122.406626, 37.738178 ] ] ] ] } },
{ "type": "Feature", "properties": { "land_id": "513", "land_name": "HUNTERS PT COMM. YOUTH FOUNDATION", "category": "Unified School District", "department_name": "School District (SFUSD)" }, "geometry": { "type": "Polygon", "coordinates": [ [ [ -122.380196, 37.73355 ], [ -122.380475, 37.733708 ], [ -122.380538, 37.733818 ], [ -122.380649, 37.73388 ], [ -122.380679, 37.734066 ], [ -122.380451, 37.73432 ], [ -122.380196, 37.734352 ], [ -122.380095, 37.734294 ], [ -122.379905, 37.734313 ], [ -122.379631, 37.734154 ], [ -122.380196, 37.73355 ] ] ] } },
{ "type": "Feature", "properties": { "land_id": "172", "land_name": "BILL GRAHAM AUDITORIUM", "category": "Real Estate", "department_name": "GSA - Real Estate Division" }, "geometry": { "type": "Polygon", "coordinates": [ [ [ -122.417951, 37.77762 ], [ -122.418096, 37.778365 ], [ -122.41668, 37.778546 ], [ -122.416537, 37.777801 ], [ -122.417951, 37.77762 ] ] ] } },
{ "type": "Feature", "properties": { "land_id": "279", "land_name": "PLAZA - CLIPPER & 26TH STS", "category": "Public Works", "department_name": "Public Works" }, "geometry": { "type": "Polygon", "coordinates": [ [ [ -122.442846, 37.748065 ], [ -122.442817, 37.748055 ], [ -122.442818, 37.74803 ], [ -122.443307, 37.747554 ], [ -122.44337, 37.747551 ], [ -122.443386, 37.74797 ], [ -122.442846, 37.748065 ] ] ] } },
{ "type": "Feature", "properties": { "land_id": "608", "land_name": "NORTH BEACH PLAYGROUND", "category": "Recreation & Park", "department_name": "Recreation and Parks" }, "geometry": { "type": "Polygon", "coordinates": [ [ [ -122.411337, 37.802181 ], [ -122.412482, 37.802036 ], [ -122.412995, 37.802393 ], [ -122.413063, 37.80273 ], [ -122.411488, 37.802931 ], [ -122.411337, 37.802181 ] ] ] } },
{ "type": "Feature", "properties": { "land_id": "1269", "land_name": "Hunters Point Shipyard", "category": "OCII - Former SFRA", "department_name": "Community Investment and Infrastructure" }, "geometry": { "type": "Polygon", "coordinates": [ [ [ -122.359025, 37.730518 ], [ -122.358465, 37.73018 ], [ -122.358167, 37.729964 ], [ -122.357887, 37.729733 ], [ -122.357619, 37.729479 ], [ -122.35738, 37.72922 ], [ -122.357163, 37.72895 ], [ -122.356969, 37.728668 ], [ -122.356794, 37.728368 ], [ -122.356649, 37.728069 ], [ -122.356529, 37.727762 ], [ -122.356435, 37.727451 ], [ -122.356366, 37.727134 ], [ -122.356324, 37.726816 ], [ -122.356309, 37.726495 ], [ -122.35632, 37.726164 ], [ -122.356358, 37.725845 ], [ -122.356455, 37.725407 ], [ -122.356601, 37.724977 ], [ -122.357856, 37.72568 ], [ -122.361744, 37.712156 ], [ -122.36375, 37.711724 ], [ -122.381738, 37.722023 ], [ -122.377663, 37.726598 ], [ -122.375177, 37.725779 ], [ -122.374947, 37.725731 ], [ -122.374692, 37.726173 ], [ -122.375886, 37.726593 ], [ -122.376443, 37.72693 ], [ -122.377361, 37.727238 ], [ -122.377872, 37.727382 ], [ -122.378135, 37.727435 ], [ -122.379447, 37.727611 ], [ -122.379521, 37.727653 ], [ -122.379356, 37.727836 ], [ -122.37801, 37.727656 ], [ -122.377013, 37.7274 ], [ -122.37059, 37.725059 ], [ -122.370208, 37.725148 ], [ -122.370482, 37.725887 ], [ -122.369523, 37.72611 ], [ -122.369525, 37.726131 ], [ -122.368247, 37.726394 ], [ -122.368046, 37.726369 ], [ -122.367861, 37.726266 ], [ -122.367126, 37.725716 ], [ -122.366261, 37.725917 ], [ -122.366136, 37.726043 ], [ -122.36595, 37.7261 ], [ -122.365834, 37.726179 ], [ -122.364138, 37.728063 ], [ -122.365341, 37.72873 ], [ -122.366588, 37.728773 ], [ -122.369069, 37.730181 ], [ -122.369297, 37.729929 ], [ -122.370312, 37.729927 ], [ -122.370794, 37.730186 ], [ -122.371141, 37.729803 ], [ -122.371263, 37.729874 ], [ -122.371307, 37.729818 ], [ -122.371512, 37.729938 ], [ -122.371586, 37.729869 ], [ -122.371789, 37.729984 ], [ -122.36558, 37.736861 ], [ -122.360298, 37.731248 ], [ -122.359956, 37.731093 ], [ -122.359638, 37.730925 ], [ -122.359327, 37.730733 ], [ -122.359025, 37.730518 ] ] ] } },
{ "type": "Feature", "properties": { "land_id": "732", "land_name": "YACHT HARBOR", "category": "Port", "department_name": "Port" }, "geometry": { "type": "Polygon", "coordinates": [ [ [ -122.435348, 37.808647 ], [ -122.435726, 37.810511 ], [ -122.434154, 37.810712 ], [ -122.433776, 37.808848 ], [ -122.435348, 37.808647 ] ] ] } },
{ "type": "Feature", "properties": { "land_id": "1280", "land_name": "199 Turk St - Parking Lot", "category": "Real Estate", "department_name": "GSA - Real Estate Division" }, "geometry": { "type": "Polygon", "coordinates": [ [ [ -122.41223, 37.782701 ], [ -122.412276, 37.782925 ], [ -122.41208, 37.78295 ], [ -122.412034, 37.782727 ], [ -122.41223, 37.782701 ] ] ] } },
{ "type": "Feature", "properties": { "land_id": "891", "land_name": "Everett Middle School", "category": "Unified School District", "department_name": "School District (SFUSD)" }, "geometry": { "type": "Polygon", "coordinates": [ [ [ -122.430122, 37.764061 ], [ -122.430015, 37.764068 ], [ -122.430016, 37.764082 ], [ -122.429326, 37.764123 ], [ -122.429348, 37.764356 ], [ -122.428786, 37.76439 ], [ -122.428664, 37.762965 ], [ -122.430007, 37.762884 ], [ -122.430122, 37.764061 ] ] ] } },
{ "type": "Feature", "properties": { "land_id": "63", "land_name": "WEST PORTAL PLAYGROUND", "category": "Recreation & Park", "department_name": "Recreation and Parks" }, "geometry": { "type": "Polygon", "coordinates": [ [ [ -122.464501, 37.742125 ], [ -122.465555, 37.740855 ], [ -122.465784, 37.740969 ], [ -122.465962, 37.741083 ], [ -122.465957, 37.741119 ], [ -122.46493, 37.742358 ], [ -122.464501, 37.742125 ] ] ] } },
{ "type": "Feature", "properties": { "land_id": "388", "land_name": "Garfield Elementary/Early Education", "category": "Unified School District", "department_name": "School District (SFUSD)" }, "geometry": { "type": "Polygon", "coordinates": [ [ [ -122.406956, 37.802542 ], [ -122.406922, 37.802546 ], [ -122.406862, 37.802241 ], [ -122.406776, 37.802252 ], [ -122.406691, 37.802263 ], [ -122.406704, 37.802331 ], [ -122.406534, 37.802353 ], [ -122.406581, 37.802591 ], [ -122.406526, 37.802598 ], [ -122.406414, 37.802411 ], [ -122.406305, 37.801861 ], [ -122.407009, 37.801769 ], [ -122.407082, 37.802142 ], [ -122.407053, 37.802146 ], [ -122.407067, 37.802214 ], [ -122.406896, 37.802236 ], [ -122.406956, 37.802542 ] ] ] } },
{ "type": "Feature", "properties": { "land_id": "393", "land_name": "Spring Valley Elementary/Early Education", "category": "Unified School District", "department_name": "School District (SFUSD)" }, "geometry": { "type": "Polygon", "coordinates": [ [ [ -122.418526, 37.794061 ], [ -122.41845, 37.793688 ], [ -122.419007, 37.793617 ], [ -122.41915, 37.794364 ], [ -122.418687, 37.794421 ], [ -122.418611, 37.79405 ], [ -122.418526, 37.794061 ] ] ] } },
{ "type": "Feature", "properties": { "land_id": "867", "land_name": "PORTOLA DRIVE (REMAINDER)", "category": "Public Works", "department_name": "Public Works" }, "geometry": { "type": "MultiPolygon", "coordinates": [ [ [ [ -122.443934, 37.750805 ], [ -122.443805, 37.751138 ], [ -122.443635, 37.751492 ], [ -122.44349, 37.751393 ], [ -122.443745, 37.751108 ], [ -122.443934, 37.750805 ] ] ], [ [ [ -122.443196, 37.75 ], [ -122.443118, 37.749211 ], [ -122.443325, 37.749192 ], [ -122.443262, 37.74949 ], [ -122.443259, 37.749605 ], [ -122.443196, 37.75 ] ] ] ] } },
{ "type": "Feature", "properties": { "land_id": "231", "land_name": "SLOPE PROTECTION-BAYSHORE BLVD AT DONNER", "category": "Public Works", "department_name": "Public Works" }, "geometry": { "type": "MultiPolygon", "coordinates": [ [ [ [ -122.402309, 37.728024 ], [ -122.402125, 37.727919 ], [ -122.402231, 37.727801 ], [ -122.402309, 37.728024 ] ] ], [ [ [ -122.402887, 37.729901 ], [ -122.402646, 37.729431 ], [ -122.40301, 37.729639 ], [ -122.403051, 37.729716 ], [ -122.402887, 37.729901 ] ] ], [ [ [ -122.401618, 37.726593 ], [ -122.401554, 37.726439 ], [ -122.401731, 37.726254 ], [ -122.401951, 37.726783 ], [ -122.40194, 37.726822 ], [ -122.40191, 37.726835 ], [ -122.401876, 37.72683 ], [ -122.401543, 37.726642 ], [ -122.401602, 37.726638 ], [ -122.401618, 37.726593 ] ] ], [ [ [ -122.401972, 37.727787 ], [ -122.401762, 37.727036 ], [ -122.402076, 37.727213 ], [ -122.402171, 37.727565 ], [ -122.401972, 37.727787 ] ] ], [ [ [ -122.402398, 37.728923 ], [ -122.402101, 37.728176 ], [ -122.402436, 37.728366 ], [ -122.402857, 37.729281 ], [ -122.402358, 37.728997 ], [ -122.402393, 37.728965 ], [ -122.402398, 37.728923 ] ] ] ] } },
{ "type": "Feature", "properties": { "land_id": "940", "land_name": "PARCEL L", "category": "Real Estate", "department_name": "GSA - Real Estate Division" }, "geometry": { "type": "Polygon", "coordinates": [ [ [ -122.423971, 37.776228 ], [ -122.423999, 37.776086 ], [ -122.423961, 37.775896 ], [ -122.424119, 37.775876 ], [ -122.424185, 37.776201 ], [ -122.423971, 37.776228 ] ] ] } },
{ "type": "Feature", "properties": { "land_id": "304", "land_name": "Ralph D. House Community Park", "category": "Recreation & Park", "department_name": "Recreation and Parks" }, "geometry": { "type": "Polygon", "coordinates": [ [ [ -122.39602, 37.717658 ], [ -122.395908, 37.717782 ], [ -122.395682, 37.717654 ], [ -122.395793, 37.71753 ], [ -122.39602, 37.717658 ] ] ] } },
{ "type": "Feature", "properties": { "land_id": "962", "land_name": "NORTH BEACH BRANCH LIBRARY", "category": "Public Library", "department_name": "Public Library" }, "geometry": { "type": "Polygon", "coordinates": [ [ [ -122.413063, 37.80273 ], [ -122.412995, 37.802393 ], [ -122.413416, 37.802685 ], [ -122.413063, 37.80273 ] ] ] } },
{ "type": "Feature", "properties": { "land_id": "292", "land_name": "STAIRWAY (ORD COURT)", "category": "Public Works", "department_name": "Public Works" }, "geometry": { "type": "MultiPolygon", "coordinates": [ [ [ [ -122.439471, 37.76356 ], [ -122.43952, 37.763472 ], [ -122.43954, 37.763476 ], [ -122.439489, 37.763569 ], [ -122.439471, 37.76356 ] ] ], [ [ [ -122.439704, 37.76352 ], [ -122.439699, 37.763503 ], [ -122.4402, 37.763587 ], [ -122.440201, 37.763599 ], [ -122.439704, 37.76352 ] ] ] ] } },
{ "type": "Feature", "properties": { "land_id": "840", "land_name": "VERMONT ST (REMAINDER)", "category": "Other", "department_name": "Mayor" }, "geometry": { "type": "Polygon", "coordinates": [ [ [ -122.403717, 37.757953 ], [ -122.40368, 37.757928 ], [ -122.403714, 37.757928 ], [ -122.403717, 37.757953 ] ] ] } },
{ "type": "Feature", "properties": { "land_id": "319", "land_name": "FIRE STATION #23", "category": "Fire", "department_name": "Fire Department" }, "geometry": { "type": "Polygon", "coordinates": [ [ [ -122.504798, 37.761364 ], [ -122.504804, 37.761447 ], [ -122.50439, 37.761465 ], [ -122.504384, 37.761383 ], [ -122.504798, 37.761364 ] ] ] } },
{ "type": "Feature", "properties": { "land_id": "1253", "land_name": "1028 Howard St Apartments", "category": "Other", "department_name": "Mayor" }, "geometry": { "type": "Polygon", "coordinates": [ [ [ -122.407717, 37.779456 ], [ -122.408093, 37.77916 ], [ -122.408343, 37.77935 ], [ -122.408275, 37.779403 ], [ -122.40825, 37.779384 ], [ -122.407942, 37.779627 ], [ -122.407717, 37.779456 ] ] ] } },
{ "type": "Feature", "properties": { "land_id": "313", "land_name": "FIRE STATION #6", "category": "Fire", "department_name": "Fire Department" }, "geometry": { "type": "Polygon", "coordinates": [ [ [ -122.430584, 37.767196 ], [ -122.430552, 37.766923 ], [ -122.430981, 37.766899 ], [ -122.431007, 37.767168 ], [ -122.430584, 37.767196 ] ] ] } },
{ "type": "Feature", "properties": { "land_id": "98", "land_name": "BUSH ST MINI PARK", "category": "Recreation & Park", "department_name": "Recreation and Parks" }, "geometry": { "type": "Polygon", "coordinates": [ [ [ -122.442596, 37.785379 ], [ -122.442671, 37.785752 ], [ -122.442475, 37.785777 ], [ -122.442399, 37.785404 ], [ -122.442596, 37.785379 ] ] ] } },
{ "type": "Feature", "properties": { "land_id": "170", "land_name": "FIFTH & MISSION GARAGE", "category": "MTA", "department_name": "Municipal Transportation Agency" }, "geometry": { "type": "Polygon", "coordinates": [ [ [ -122.405859, 37.782438 ], [ -122.406248, 37.782749 ], [ -122.404282, 37.784302 ], [ -122.403889, 37.783992 ], [ -122.405859, 37.782438 ] ] ] } },
{ "type": "Feature", "properties": { "land_id": "530", "land_name": "Taylor, E. R. Elementary School/Preschool", "category": "Unified School District", "department_name": "School District (SFUSD)" }, "geometry": { "type": "Polygon", "coordinates": [ [ [ -122.40749, 37.726703 ], [ -122.407921, 37.727747 ], [ -122.407127, 37.727955 ], [ -122.406696, 37.726911 ], [ -122.40749, 37.726703 ] ] ] } },
{ "type": "Feature", "properties": { "land_id": "626", "land_name": "BERNAL HEIGHTS OPEN SPACE", "category": "Recreation & Park", "department_name": "Recreation and Parks" }, "geometry": { "type": "MultiPolygon", "coordinates": [ [ [ [ -122.411832, 37.742293 ], [ -122.411836, 37.742236 ], [ -122.411972, 37.742243 ], [ -122.41197, 37.742272 ], [ -122.411832, 37.742293 ] ] ], [ [ [ -122.41246, 37.742195 ], [ -122.412464, 37.742139 ], [ -122.412601, 37.742145 ], [ -122.412598, 37.742184 ], [ -122.41246, 37.742195 ] ] ], [ [ [ -122.410586, 37.742371 ], [ -122.410591, 37.742315 ], [ -122.410727, 37.742322 ], [ -122.410724, 37.742364 ], [ -122.410586, 37.742371 ] ] ], [ [ [ -122.411218, 37.742339 ], [ -122.411223, 37.742284 ], [ -122.411359, 37.74229 ], [ -122.411356, 37.742332 ], [ -122.411218, 37.742339 ] ] ], [ [ [ -122.413084, 37.742244 ], [ -122.413087, 37.742201 ], [ -122.413223, 37.742208 ], [ -122.413219, 37.742263 ], [ -122.413084, 37.742244 ] ] ], [ [ [ -122.413682, 37.74233 ], [ -122.413686, 37.742287 ], [ -122.413824, 37.742294 ], [ -122.413819, 37.742349 ], [ -122.413682, 37.74233 ] ] ], [ [ [ -122.41648, 37.742061 ], [ -122.416338, 37.742071 ], [ -122.416348, 37.741954 ], [ -122.415887, 37.742056 ], [ -122.41558, 37.742078 ], [ -122.415584, 37.742024 ], [ -122.415722, 37.742031 ], [ -122.415728, 37.741965 ], [ -122.41597, 37.741976 ], [ -122.415975, 37.741908 ], [ -122.41635, 37.741935 ], [ -122.416356, 37.741857 ], [ -122.416805, 37.741879 ], [ -122.416817, 37.741855 ], [ -122.417045, 37.741858 ], [ -122.417214, 37.741927 ], [ -122.41716, 37.742012 ], [ -122.41737, 37.742097 ], [ -122.417287, 37.742225 ], [ -122.417629, 37.742369 ], [ -122.417195, 37.743041 ], [ -122.416669, 37.742827 ], [ -122.416943, 37.742603 ], [ -122.416985, 37.742497 ], [ -122.416982, 37.742388 ], [ -122.416901, 37.742238 ], [ -122.416796, 37.742142 ], [ -122.416672, 37.742084 ], [ -122.41648, 37.742061 ] ] ], [ [ [ -122.415407, 37.744265 ], [ -122.414447, 37.744013 ], [ -122.414458, 37.744162 ], [ -122.41343, 37.744224 ], [ -122.413399, 37.7439 ], [ -122.413307, 37.743815 ], [ -122.413146, 37.743751 ], [ -122.412648, 37.743693 ], [ -122.412444, 37.743612 ], [ -122.412423, 37.743563 ], [ -122.412305, 37.74349 ], [ -122.412563, 37.743371 ], [ -122.41267, 37.743339 ], [ -122.412826, 37.743325 ], [ -122.412982, 37.743345 ], [ -122.413904, 37.743731 ], [ -122.414244, 37.743856 ], [ -122.415407, 37.744164 ], [ -122.415407, 37.744265 ] ] ] ] } },
{ "type": "Feature", "properties": { "land_id": "641", "land_name": "FIRE STATION #5", "category": "Fire", "department_name": "Fire Department" }, "geometry": { "type": "Polygon", "coordinates": [ [ [ -122.430934, 37.780554 ], [ -122.430595, 37.780598 ], [ -122.430519, 37.780225 ], [ -122.430861, 37.780181 ], [ -122.430934, 37.780554 ] ] ] } },
{ "type": "Feature", "properties": { "land_id": "618", "land_name": "PARQUE NINOS UNIDOS", "category": "Recreation & Park", "department_name": "Recreation and Parks" }, "geometry": { "type": "Polygon", "coordinates": [ [ [ -122.4133, 37.754744 ], [ -122.413253, 37.754246 ], [ -122.414094, 37.754195 ], [ -122.414099, 37.754246 ], [ -122.413715, 37.754465 ], [ -122.4133, 37.754744 ] ] ] } },
{ "type": "Feature", "properties": { "land_id": "874", "land_name": "SCHOOL OF THE ARTS/ACADEMY OF ARTS AND SCIENCES", "category": "Unified School District", "department_name": "School District (SFUSD)" }, "geometry": { "type": "Polygon", "coordinates": [ [ [ -122.451316, 37.745305 ], [ -122.451336, 37.74535 ], [ -122.451325, 37.745398 ], [ -122.451197, 37.745514 ], [ -122.451065, 37.745578 ], [ -122.450718, 37.745686 ], [ -122.450237, 37.745799 ], [ -122.44947, 37.745893 ], [ -122.449162, 37.74595 ], [ -122.447431, 37.746375 ], [ -122.447082, 37.745611 ], [ -122.446366, 37.744712 ], [ -122.446194, 37.74395 ], [ -122.446705, 37.743202 ], [ -122.44902, 37.743072 ], [ -122.449282, 37.743203 ], [ -122.449535, 37.743195 ], [ -122.44964, 37.743282 ], [ -122.450045, 37.743771 ], [ -122.449828, 37.743787 ], [ -122.449963, 37.743956 ], [ -122.450193, 37.74395 ], [ -122.451316, 37.745305 ] ] ] } },
{ "type": "Feature", "properties": { "land_id": "595", "land_name": "Excelsior Guadalupe Elementary/Early Education", "category": "Unified School District", "department_name": "School District (SFUSD)" }, "geometry": { "type": "Polygon", "coordinates": [ [ [ -122.43461, 37.709673 ], [ -122.434832, 37.710193 ], [ -122.434502, 37.710293 ], [ -122.434189, 37.710415 ], [ -122.433891, 37.710557 ], [ -122.43361, 37.71072 ], [ -122.433173, 37.710296 ], [ -122.433513, 37.710099 ], [ -122.433863, 37.709932 ], [ -122.434229, 37.70979 ], [ -122.43461, 37.709673 ] ] ] } },
{ "type": "Feature", "properties": { "land_id": "597", "land_name": "Lick, James Middle School", "category": "Unified School District", "department_name": "School District (SFUSD)" }, "geometry": { "type": "Polygon", "coordinates": [ [ [ -122.433718, 37.748992 ], [ -122.433778, 37.749617 ], [ -122.431852, 37.749733 ], [ -122.431792, 37.749109 ], [ -122.433718, 37.748992 ] ] ] } },
{ "type": "Feature", "properties": { "land_id": "598", "land_name": "Mission Education Center Elementary School", "category": "Unified School District", "department_name": "School District (SFUSD)" }, "geometry": { "type": "Polygon", "coordinates": [ [ [ -122.431716, 37.741876 ], [ -122.431777, 37.742496 ], [ -122.431156, 37.742532 ], [ -122.431095, 37.741908 ], [ -122.431716, 37.741876 ] ] ] } },
{ "type": "Feature", "properties": { "land_id": "510", "land_name": "Bryant Early Education/Bryant Elementary", "category": "Unified School District", "department_name": "School District (SFUSD)" }, "geometry": { "type": "Polygon", "coordinates": [ [ [ -122.405008, 37.751157 ], [ -122.405061, 37.751705 ], [ -122.404371, 37.751746 ], [ -122.404319, 37.751199 ], [ -122.405008, 37.751157 ] ] ] } },
{ "type": "Feature", "properties": { "land_id": "859", "land_name": "WALTER HAAS PLAYGROUND", "category": "Recreation & Park", "department_name": "Recreation and Parks" }, "geometry": { "type": "Polygon", "coordinates": [ [ [ -122.435469, 37.740134 ], [ -122.435534, 37.740141 ], [ -122.435588, 37.74017 ], [ -122.435621, 37.740214 ], [ -122.435628, 37.740265 ], [ -122.435449, 37.740588 ], [ -122.435367, 37.740901 ], [ -122.434846, 37.740909 ], [ -122.434151, 37.741168 ], [ -122.43393, 37.74107 ], [ -122.433017, 37.74079 ], [ -122.43317, 37.740473 ], [ -122.433631, 37.740215 ], [ -122.435469, 37.740134 ] ] ] } },
{ "type": "Feature", "properties": { "land_id": "394", "land_name": "Stockton, Commodore Early Education School", "category": "Unified School District", "department_name": "School District (SFUSD)" }, "geometry": { "type": "MultiPolygon", "coordinates": [ [ [ [ -122.408937, 37.795176 ], [ -122.408959, 37.795285 ], [ -122.40875, 37.795311 ], [ -122.408728, 37.795203 ], [ -122.408937, 37.795176 ] ] ], [ [ [ -122.409019, 37.795277 ], [ -122.408944, 37.794909 ], [ -122.409149, 37.794883 ], [ -122.409224, 37.795251 ], [ -122.409019, 37.795277 ] ] ] ] } },
{ "type": "Feature", "properties": { "land_id": "520", "land_name": "Marshall, Thurgood High School", "category": "Unified School District", "department_name": "School District (SFUSD)" }, "geometry": { "type": "MultiPolygon", "coordinates": [ [ [ [ -122.402367, 37.735826 ], [ -122.402004, 37.735622 ], [ -122.402003, 37.735609 ], [ -122.402345, 37.735588 ], [ -122.402367, 37.735826 ] ] ], [ [ [ -122.401347, 37.735477 ], [ -122.401434, 37.735475 ], [ -122.40142, 37.735338 ], [ -122.401506, 37.735337 ], [ -122.401499, 37.735269 ], [ -122.401759, 37.735265 ], [ -122.401801, 37.735668 ], [ -122.401844, 37.735733 ], [ -122.40232, 37.736001 ], [ -122.402728, 37.735979 ], [ -122.402762, 37.736339 ], [ -122.401921, 37.737281 ], [ -122.400434, 37.736425 ], [ -122.401, 37.735804 ], [ -122.400972, 37.735788 ], [ -122.401172, 37.735564 ], [ -122.401275, 37.735623 ], [ -122.401268, 37.735546 ], [ -122.401354, 37.735545 ], [ -122.401347, 37.735477 ] ] ] ] } },
{ "type": "Feature", "properties": { "land_id": "594", "land_name": "FACILITIES MANAGEMENT OFFICES", "category": "Unified School District", "department_name": "School District (SFUSD)" }, "geometry": { "type": "Polygon", "coordinates": [ [ [ -122.388892, 37.734256 ], [ -122.388999, 37.734147 ], [ -122.388984, 37.734105 ], [ -122.389075, 37.734015 ], [ -122.389721, 37.734381 ], [ -122.389322, 37.734835 ], [ -122.388715, 37.734491 ], [ -122.388914, 37.734269 ], [ -122.388892, 37.734256 ] ] ] } },
{ "type": "Feature", "properties": { "land_id": "588", "land_name": "FIRE STATION #15", "category": "Fire", "department_name": "Fire Department" }, "geometry": { "type": "Polygon", "coordinates": [ [ [ -122.452601, 37.723259 ], [ -122.45311, 37.72336 ], [ -122.45311, 37.723616 ], [ -122.453055, 37.723649 ], [ -122.452552, 37.723649 ], [ -122.452541, 37.723516 ], [ -122.45247, 37.723515 ], [ -122.452469, 37.723357 ], [ -122.452512, 37.723288 ], [ -122.452601, 37.723259 ] ] ] } },
{ "type": "Feature", "properties": { "land_id": "648", "land_name": "ALICE MARBLE TENNIS COURTS", "category": "Recreation & Park", "department_name": "Recreation and Parks" }, "geometry": { "type": "Polygon", "coordinates": [ [ [ -122.420971, 37.800968 ], [ -122.421122, 37.801714 ], [ -122.419718, 37.801888 ], [ -122.419563, 37.801142 ], [ -122.420971, 37.800968 ] ] ] } },
{ "type": "Feature", "properties": { "land_id": "876", "land_name": "Rooftop (K-4 Burnett Campus)", "category": "Unified School District", "department_name": "School District (SFUSD)" }, "geometry": { "type": "Polygon", "coordinates": [ [ [ -122.442625, 37.754453 ], [ -122.443089, 37.754051 ], [ -122.443475, 37.754104 ], [ -122.443414, 37.754384 ], [ -122.443862, 37.754447 ], [ -122.443873, 37.754514 ], [ -122.444087, 37.755013 ], [ -122.444123, 37.755189 ], [ -122.443, 37.755428 ], [ -122.442894, 37.755376 ], [ -122.442619, 37.75528 ], [ -122.442521, 37.755216 ], [ -122.442466, 37.755139 ], [ -122.442446, 37.755049 ], [ -122.442493, 37.754666 ], [ -122.442515, 37.754607 ], [ -122.442625, 37.754453 ] ] ] } },
{ "type": "Feature", "properties": { "land_id": "521", "land_name": "Drew, Dr. Charles R. Elementary/Early Education", "category": "Unified School District", "department_name": "School District (SFUSD)" }, "geometry": { "type": "Polygon", "coordinates": [ [ [ -122.393362, 37.732556 ], [ -122.393732, 37.730936 ], [ -122.394413, 37.731032 ], [ -122.394042, 37.732654 ], [ -122.393362, 37.732556 ] ] ] } },
{ "type": "Feature", "properties": { "land_id": "653", "land_name": "Balboa High School", "category": "Unified School District", "department_name": "School District (SFUSD)" }, "geometry": { "type": "Polygon", "coordinates": [ [ [ -122.441626, 37.719897 ], [ -122.442393, 37.71974 ], [ -122.442457, 37.719764 ], [ -122.442592, 37.720107 ], [ -122.442731, 37.720329 ], [ -122.442736, 37.720413 ], [ -122.441383, 37.722616 ], [ -122.4399, 37.722036 ], [ -122.440981, 37.720306 ], [ -122.44108, 37.720191 ], [ -122.44126, 37.720052 ], [ -122.441494, 37.719936 ], [ -122.441626, 37.719897 ] ] ] } },
{ "type": "Feature", "properties": { "land_id": "355", "land_name": "NORTHPOINT SEWAGE TREATMENT PLANT", "category": "PUC/Wastewater", "department_name": "Public Utilities Commission" }, "geometry": { "type": "MultiPolygon", "coordinates": [ [ [ [ -122.408518, 37.805653 ], [ -122.40853, 37.805713 ], [ -122.408675, 37.805694 ], [ -122.408663, 37.805631 ], [ -122.408976, 37.805591 ], [ -122.408978, 37.805604 ], [ -122.4093, 37.805586 ], [ -122.409394, 37.806049 ], [ -122.407204, 37.806325 ], [ -122.407129, 37.805952 ], [ -122.408227, 37.805817 ], [ -122.408202, 37.805692 ], [ -122.408518, 37.805653 ] ] ], [ [ [ -122.40966, 37.806971 ], [ -122.407384, 37.807258 ], [ -122.407244, 37.806511 ], [ -122.409509, 37.806226 ], [ -122.40966, 37.806971 ] ] ] ] } },
{ "type": "Feature", "properties": { "land_id": "79", "land_name": "SUNSET HEIGHTS PARK", "category": "Recreation & Park", "department_name": "Recreation and Parks" }, "geometry": { "type": "Polygon", "coordinates": [ [ [ -122.468611, 37.750642 ], [ -122.468499, 37.750443 ], [ -122.468459, 37.750301 ], [ -122.46845, 37.75017 ], [ -122.468473, 37.749857 ], [ -122.468397, 37.749537 ], [ -122.468412, 37.749455 ], [ -122.468453, 37.74938 ], [ -122.468517, 37.749315 ], [ -122.468593, 37.749269 ], [ -122.468714, 37.74925 ], [ -122.468927, 37.749282 ], [ -122.469073, 37.749333 ], [ -122.469293, 37.749444 ], [ -122.469464, 37.749492 ], [ -122.469616, 37.749508 ], [ -122.46989, 37.749507 ], [ -122.470032, 37.749532 ], [ -122.470221, 37.749618 ], [ -122.470365, 37.749757 ], [ -122.470422, 37.74986 ], [ -122.470448, 37.749962 ], [ -122.470446, 37.750066 ], [ -122.470413, 37.750176 ], [ -122.470213, 37.750446 ], [ -122.470082, 37.750557 ], [ -122.469963, 37.750624 ], [ -122.469841, 37.750667 ], [ -122.469711, 37.750691 ], [ -122.468841, 37.750741 ], [ -122.468754, 37.750728 ], [ -122.468672, 37.750692 ], [ -122.468611, 37.750642 ] ] ] } },
{ "type": "Feature", "properties": { "land_id": "195", "land_name": "MERCED BRANCH LIBRARY", "category": "Public Library", "department_name": "Public Library" }, "geometry": { "type": "Polygon", "coordinates": [ [ [ -122.474665, 37.726754 ], [ -122.474649, 37.726782 ], [ -122.474614, 37.726794 ], [ -122.474384, 37.726785 ], [ -122.474329, 37.72676 ], [ -122.47431, 37.726722 ], [ -122.474294, 37.726395 ], [ -122.474683, 37.726409 ], [ -122.474665, 37.726754 ] ] ] } },
{ "type": "Feature", "properties": { "land_id": "197", "land_name": "NOE VALLEY BRANCH LIBRARY", "category": "Public Library", "department_name": "Public Library" }, "geometry": { "type": "Polygon", "coordinates": [ [ [ -122.434936, 37.750037 ], [ -122.435212, 37.75002 ], [ -122.435242, 37.750332 ], [ -122.434966, 37.750349 ], [ -122.434936, 37.750037 ] ] ] } },
{ "type": "Feature", "properties": { "land_id": "174", "land_name": "EMERGENCY OPERATIONS CENTER", "category": "Other", "department_name": "Emergency Management" }, "geometry": { "type": "Polygon", "coordinates": [ [ [ -122.426227, 37.781154 ], [ -122.425447, 37.781254 ], [ -122.425381, 37.780934 ], [ -122.426163, 37.780842 ], [ -122.426227, 37.781154 ] ] ] } },
{ "type": "Feature", "properties": { "land_id": "199", "land_name": "MISSION BRANCH LIBRARY", "category": "Public Library", "department_name": "Public Library" }, "geometry": { "type": "Polygon", "coordinates": [ [ [ -122.419631, 37.7519 ], [ -122.420035, 37.751876 ], [ -122.420051, 37.752043 ], [ -122.419647, 37.752068 ], [ -122.419631, 37.7519 ] ] ] } },
{ "type": "Feature", "properties": { "land_id": "802", "land_name": "PORT LANDS", "category": "Port", "department_name": "Port" }, "geometry": { "type": "Polygon", "coordinates": [ [ [ -122.384456, 37.716275 ], [ -122.385176, 37.716685 ], [ -122.385228, 37.717396 ], [ -122.384509, 37.716988 ], [ -122.384456, 37.716275 ] ] ] } },
{ "type": "Feature", "properties": { "land_id": "305", "land_name": "FIRE STATION #26", "category": "Fire", "department_name": "Fire Department" }, "geometry": { "type": "Polygon", "coordinates": [ [ [ -122.433631, 37.740215 ], [ -122.43317, 37.740473 ], [ -122.43316, 37.740121 ], [ -122.43341, 37.74012 ], [ -122.433543, 37.740198 ], [ -122.433631, 37.740215 ] ] ] } },
{ "type": "Feature", "properties": { "land_id": "307", "land_name": "FIRE STATION #11", "category": "Fire", "department_name": "Fire Department" }, "geometry": { "type": "Polygon", "coordinates": [ [ [ -122.426646, 37.748616 ], [ -122.426677, 37.748927 ], [ -122.426325, 37.748948 ], [ -122.426294, 37.748637 ], [ -122.426646, 37.748616 ] ] ] } },
{ "type": "Feature", "properties": { "land_id": "792", "land_name": "SE WATER POLLUTION CONTROL PLANT", "category": "PUC/Wastewater", "department_name": "Public Utilities Commission" }, "geometry": { "type": "MultiPolygon", "coordinates": [ [ [ [ -122.394263, 37.739798 ], [ -122.39417, 37.740408 ], [ -122.394037, 37.74129 ], [ -122.39329, 37.740866 ], [ -122.394263, 37.739798 ] ] ], [ [ [ -122.392012, 37.745139 ], [ -122.391607, 37.745594 ], [ -122.389929, 37.744636 ], [ -122.390337, 37.744186 ], [ -122.392012, 37.745139 ] ] ], [ [ [ -122.39463, 37.737168 ], [ -122.394385, 37.738918 ], [ -122.394402, 37.738928 ], [ -122.394367, 37.73918 ], [ -122.394197, 37.739469 ], [ -122.394258, 37.739503 ], [ -122.393109, 37.740764 ], [ -122.391437, 37.739817 ], [ -122.394093, 37.736864 ], [ -122.39463, 37.737168 ] ] ], [ [ [ -122.393773, 37.743164 ], [ -122.393719, 37.743528 ], [ -122.393455, 37.743825 ], [ -122.393275, 37.743723 ], [ -122.392172, 37.74496 ], [ -122.388626, 37.742943 ], [ -122.390501, 37.740856 ], [ -122.390636, 37.740932 ], [ -122.390757, 37.740789 ], [ -122.390631, 37.740712 ], [ -122.391276, 37.739995 ], [ -122.393157, 37.741061 ], [ -122.392139, 37.742241 ], [ -122.393773, 37.743164 ] ] ] ] } },
{ "type": "Feature", "properties": { "land_id": "217", "land_name": "CLIPPER ST BUFFER STRIP", "category": "Public Works", "department_name": "Public Works" }, "geometry": { "type": "MultiPolygon", "coordinates": [ [ [ [ -122.44051, 37.748753 ], [ -122.440511, 37.748766 ], [ -122.440407, 37.748769 ], [ -122.440406, 37.748756 ], [ -122.44051, 37.748753 ] ] ], [ [ [ -122.43839, 37.748765 ], [ -122.439331, 37.748767 ], [ -122.439333, 37.748786 ], [ -122.438362, 37.748784 ], [ -122.43839, 37.748765 ] ] ], [ [ [ -122.441376, 37.748729 ], [ -122.441017, 37.748753 ], [ -122.440943, 37.748755 ], [ -122.440941, 37.748741 ], [ -122.441429, 37.74871 ], [ -122.441633, 37.74867 ], [ -122.441963, 37.74858 ], [ -122.442383, 37.748385 ], [ -122.442417, 37.748385 ], [ -122.442442, 37.748404 ], [ -122.442445, 37.748417 ], [ -122.442422, 37.748395 ], [ -122.442385, 37.748395 ], [ -122.442156, 37.748512 ], [ -122.441903, 37.748616 ], [ -122.441638, 37.748686 ], [ -122.441376, 37.748729 ] ] ] ] } },
{ "type": "Feature", "properties": { "land_id": "518", "land_name": "Harte, Bret Elementary/Early Education", "category": "Unified School District", "department_name": "School District (SFUSD)" }, "geometry": { "type": "Polygon", "coordinates": [ [ [ -122.389918, 37.717823 ], [ -122.39027, 37.718023 ], [ -122.390069, 37.718246 ], [ -122.389984, 37.718198 ], [ -122.389824, 37.718377 ], [ -122.389841, 37.718387 ], [ -122.38964, 37.71861 ], [ -122.389358, 37.71845 ], [ -122.389157, 37.718674 ], [ -122.388127, 37.718089 ], [ -122.389092, 37.717016 ], [ -122.39012, 37.717599 ], [ -122.389918, 37.717823 ] ] ] } },
{ "type": "Feature", "properties": { "land_id": "251", "land_name": "MISSION FREEWAY & BERNAL CUT", "category": "Public Works", "department_name": "Public Works" }, "geometry": { "type": "Polygon", "coordinates": [ [ [ -122.424414, 37.739936 ], [ -122.424435, 37.740236 ], [ -122.424259, 37.740246 ], [ -122.424364, 37.739939 ], [ -122.424414, 37.739936 ] ] ] } },
{ "type": "Feature", "properties": { "land_id": "212", "land_name": "Bayview Opera House, Ruth Williams Memorial Theater", "category": "Other", "department_name": "Arts Commission" }, "geometry": { "type": "Polygon", "coordinates": [ [ [ -122.390174, 37.734637 ], [ -122.390497, 37.73482 ], [ -122.390299, 37.735389 ], [ -122.389768, 37.735088 ], [ -122.390174, 37.734637 ] ] ] } },
{ "type": "Feature", "properties": { "land_id": "207", "land_name": "GOLDEN GATE VALLEY BRANCH LIBRARY", "category": "Public Library", "department_name": "Public Library" }, "geometry": { "type": "Polygon", "coordinates": [ [ [ -122.429223, 37.796694 ], [ -122.42925, 37.79683 ], [ -122.428824, 37.796884 ], [ -122.428797, 37.796748 ], [ -122.429223, 37.796694 ] ] ] } },
{ "type": "Feature", "properties": { "land_id": "1261", "land_name": "Westbrook Garage", "category": "Other", "department_name": "Mayor" }, "geometry": { "type": "Polygon", "coordinates": [ [ [ -122.408196, 37.777504 ], [ -122.408393, 37.777349 ], [ -122.408815, 37.777685 ], [ -122.408591, 37.777862 ], [ -122.408517, 37.777804 ], [ -122.408333, 37.777949 ], [ -122.408091, 37.777756 ], [ -122.408103, 37.777746 ], [ -122.40807, 37.77772 ], [ -122.40827, 37.777562 ], [ -122.408196, 37.777504 ] ] ] } },
{ "type": "Feature", "properties": { "land_id": "519", "land_name": "Willie L. Brown Jr. Middle School", "category": "Unified School District", "department_name": "School District (SFUSD)" }, "geometry": { "type": "Polygon", "coordinates": [ [ [ -122.400434, 37.736425 ], [ -122.401921, 37.737281 ], [ -122.401575, 37.737668 ], [ -122.40066, 37.73715 ], [ -122.40046, 37.737374 ], [ -122.39878, 37.736422 ], [ -122.399756, 37.735953 ], [ -122.400063, 37.736129 ], [ -122.400215, 37.735962 ], [ -122.400635, 37.736204 ], [ -122.400434, 37.736425 ] ] ] } },
{ "type": "Feature", "properties": { "land_id": "264", "land_name": "SEWER RIGHT-OF-WAY AT DE LONG", "category": "PUC/Wastewater", "department_name": "Public Utilities Commission" }, "geometry": { "type": "Polygon", "coordinates": [ [ [ -122.460078, 37.709743 ], [ -122.460086, 37.710201 ], [ -122.459999, 37.710174 ], [ -122.459992, 37.709743 ], [ -122.460078, 37.709743 ] ] ] } },
{ "type": "Feature", "properties": { "land_id": "884", "land_name": "APTOS MIDDLE SCHOOL", "category": "Unified School District", "department_name": "School District (SFUSD)" }, "geometry": { "type": "Polygon", "coordinates": [ [ [ -122.465214, 37.72953 ], [ -122.465463, 37.729059 ], [ -122.46656, 37.729463 ], [ -122.466384, 37.72978 ], [ -122.466207, 37.73021 ], [ -122.466182, 37.730233 ], [ -122.466146, 37.730236 ], [ -122.465027, 37.730013 ], [ -122.465214, 37.72953 ] ] ] } },
{ "type": "Feature", "properties": { "land_id": "888", "land_name": "Washington, George High School", "category": "Unified School District", "department_name": "School District (SFUSD)" }, "geometry": { "type": "Polygon", "coordinates": [ [ [ -122.490199, 37.779664 ], [ -122.489944, 37.776162 ], [ -122.491308, 37.7761 ], [ -122.491325, 37.776335 ], [ -122.491448, 37.77633 ], [ -122.491441, 37.776297 ], [ -122.491662, 37.776286 ], [ -122.491664, 37.776373 ], [ -122.491868, 37.776365 ], [ -122.492101, 37.779578 ], [ -122.490199, 37.779664 ] ] ] } },
{ "type": "Feature", "properties": { "land_id": "890", "land_name": "Sanchez Elementary School/Preschool", "category": "Unified School District", "department_name": "School District (SFUSD)" }, "geometry": { "type": "Polygon", "coordinates": [ [ [ -122.430706, 37.764026 ], [ -122.430122, 37.764061 ], [ -122.430007, 37.762884 ], [ -122.430593, 37.762848 ], [ -122.430706, 37.764026 ] ] ] } },
{ "type": "Feature", "properties": { "land_id": "632", "land_name": "CARL LARSEN PARK", "category": "Recreation & Park", "department_name": "Recreation and Parks" }, "geometry": { "type": "MultiPolygon", "coordinates": [ [ [ [ -122.476386, 37.739392 ], [ -122.476502, 37.741035 ], [ -122.475676, 37.741072 ], [ -122.475561, 37.739429 ], [ -122.476386, 37.739392 ] ] ], [ [ [ -122.476255, 37.737523 ], [ -122.476371, 37.739173 ], [ -122.475546, 37.739209 ], [ -122.475432, 37.737559 ], [ -122.476255, 37.737523 ] ] ] ] } },
{ "type": "Feature", "properties": { "land_id": "985", "land_name": "SFHA -- 227 Bay", "category": "SFHA", "department_name": "San Francisco Housing Authority" }, "geometry": { "type": "Polygon", "coordinates": [ [ [ -122.411107, 37.805452 ], [ -122.41141, 37.805414 ], [ -122.411484, 37.805783 ], [ -122.411182, 37.805821 ], [ -122.411107, 37.805452 ] ] ] } },
{ "type": "Feature", "properties": { "land_id": "101", "land_name": "PALACE PARK", "category": "Recreation & Park", "department_name": "Recreation and Parks" }, "geometry": { "type": "Polygon", "coordinates": [ [ [ -122.447887, 37.801359 ], [ -122.448221, 37.801395 ], [ -122.448568, 37.801482 ], [ -122.448891, 37.801615 ], [ -122.44918, 37.801791 ], [ -122.449426, 37.802004 ], [ -122.449621, 37.802247 ], [ -122.449761, 37.802514 ], [ -122.44984, 37.802796 ], [ -122.449856, 37.803084 ], [ -122.449808, 37.803371 ], [ -122.449699, 37.803646 ], [ -122.449531, 37.803902 ], [ -122.44931, 37.804131 ], [ -122.449041, 37.804327 ], [ -122.448735, 37.804482 ], [ -122.448398, 37.804592 ], [ -122.448301, 37.803968 ], [ -122.447195, 37.804109 ], [ -122.446742, 37.801866 ], [ -122.447941, 37.801713 ], [ -122.447887, 37.801359 ] ] ] } },
{ "type": "Feature", "properties": { "land_id": "371", "land_name": "CROCKER AMAZON PLAYGROUND", "category": "Recreation & Park", "department_name": "Recreation and Parks" }, "geometry": { "type": "Polygon", "coordinates": [ [ [ -122.426557, 37.711655 ], [ -122.427469, 37.711926 ], [ -122.427577, 37.71168 ], [ -122.428553, 37.712116 ], [ -122.429291, 37.712377 ], [ -122.433545, 37.713254 ], [ -122.43274, 37.71437 ], [ -122.432698, 37.714355 ], [ -122.431079, 37.716499 ], [ -122.427021, 37.715616 ], [ -122.427253, 37.714892 ], [ -122.425305, 37.714391 ], [ -122.426557, 37.711655 ] ] ] } },
{ "type": "Feature", "properties": { "land_id": "523", "land_name": "Flynn, Leonard Elementary/Early Education", "category": "Unified School District", "department_name": "School District (SFUSD)" }, "geometry": { "type": "Polygon", "coordinates": [ [ [ -122.412315, 37.747318 ], [ -122.412394, 37.748141 ], [ -122.411614, 37.748157 ], [ -122.411537, 37.747365 ], [ -122.412315, 37.747318 ] ] ] } },
{ "type": "Feature", "properties": { "land_id": "89", "land_name": "ROCHAMBEAU PLAYGROUND", "category": "Recreation & Park", "department_name": "Recreation and Parks" }, "geometry": { "type": "Polygon", "coordinates": [ [ [ -122.484114, 37.784652 ], [ -122.484944, 37.784615 ], [ -122.484974, 37.785025 ], [ -122.484144, 37.785063 ], [ -122.484114, 37.784652 ] ] ] } },
{ "type": "Feature", "properties": { "land_id": "524", "land_name": "Revere, Paul School/Preschool", "category": "Unified School District", "department_name": "School District (SFUSD)" }, "geometry": { "type": "MultiPolygon", "coordinates": [ [ [ [ -122.412315, 37.736925 ], [ -122.41237, 37.736308 ], [ -122.412851, 37.736335 ], [ -122.412796, 37.736952 ], [ -122.412315, 37.736925 ] ] ], [ [ [ -122.412833, 37.738077 ], [ -122.412919, 37.737124 ], [ -122.413402, 37.737151 ], [ -122.413316, 37.738104 ], [ -122.412833, 37.738077 ] ] ] ] } },
{ "type": "Feature", "properties": { "land_id": "90", "land_name": "RICHMOND PLAYGROUND", "category": "Recreation & Park", "department_name": "Recreation and Parks" }, "geometry": { "type": "Polygon", "coordinates": [ [ [ -122.477683, 37.784943 ], [ -122.478511, 37.784906 ], [ -122.47854, 37.785317 ], [ -122.477713, 37.785355 ], [ -122.477683, 37.784943 ] ] ] } },
{ "type": "Feature", "properties": { "land_id": "522", "land_name": "DUNCAN & CASTRO OPEN SPACE", "category": "Recreation & Park", "department_name": "Recreation and Parks" }, "geometry": { "type": "Polygon", "coordinates": [ [ [ -122.433416, 37.745798 ], [ -122.433455, 37.74621 ], [ -122.433135, 37.746229 ], [ -122.433128, 37.746161 ], [ -122.433042, 37.746166 ], [ -122.433035, 37.746098 ], [ -122.433122, 37.746092 ], [ -122.433095, 37.745817 ], [ -122.433416, 37.745798 ] ] ] } },
{ "type": "Feature", "properties": { "land_id": "122", "land_name": "HELEN WILLS PLAYGROUND", "category": "Recreation & Park", "department_name": "Recreation and Parks" }, "geometry": { "type": "Polygon", "coordinates": [ [ [ -122.420142, 37.795662 ], [ -122.421084, 37.795542 ], [ -122.421158, 37.795908 ], [ -122.42098, 37.79593 ], [ -122.420206, 37.795976 ], [ -122.420142, 37.795662 ] ] ] } },
{ "type": "Feature", "properties": { "land_id": "606", "land_name": "MARVIEW NORTHEAST EXTENSION", "category": "Public Works", "department_name": "Public Works" }, "geometry": { "type": "Polygon", "coordinates": [ [ [ -122.450194, 37.756671 ], [ -122.449978, 37.756682 ], [ -122.449914, 37.756597 ], [ -122.449652, 37.756456 ], [ -122.449564, 37.756364 ], [ -122.449505, 37.756233 ], [ -122.449485, 37.756129 ], [ -122.449483, 37.755951 ], [ -122.449485, 37.755947 ], [ -122.449599, 37.755942 ], [ -122.449598, 37.756137 ], [ -122.44965, 37.756285 ], [ -122.449733, 37.756384 ], [ -122.450194, 37.756671 ] ] ] } },
{ "type": "Feature", "properties": { "land_id": "577", "land_name": "JULIUS KAHN PLAYGROUND", "category": "Recreation & Park", "department_name": "Recreation and Parks" }, "geometry": { "type": "Polygon", "coordinates": [ [ [ -122.451944, 37.791039 ], [ -122.455705, 37.790295 ], [ -122.455982, 37.791544 ], [ -122.453399, 37.792217 ], [ -122.452889, 37.792065 ], [ -122.452098, 37.792189 ], [ -122.451944, 37.791039 ] ] ] } },
{ "type": "Feature", "properties": { "land_id": "359", "land_name": "DPH Central Office", "category": "Health", "department_name": "Public Health" }, "geometry": { "type": "Polygon", "coordinates": [ [ [ -122.418972, 37.777921 ], [ -122.419037, 37.778245 ], [ -122.418331, 37.778335 ], [ -122.418268, 37.778011 ], [ -122.418972, 37.777921 ] ] ] } },
{ "type": "Feature", "properties": { "land_id": "376", "land_name": "PORTSMOUTH SQ. PARKING GARAGE", "category": "Recreation & Park", "department_name": "Recreation and Parks" }, "geometry": { "type": "Polygon", "coordinates": [ [ [ -122.405628, 37.794417 ], [ -122.405771, 37.795165 ], [ -122.405073, 37.795253 ], [ -122.40493, 37.794506 ], [ -122.405628, 37.794417 ] ] ] } },
{ "type": "Feature", "properties": { "land_id": "1327", "land_name": "Vidal Drive Median Strips", "category": "Public Works", "department_name": "Public Works" }, "geometry": { "type": "MultiPolygon", "coordinates": [ [ [ [ -122.484778, 37.718409 ], [ -122.484789, 37.718412 ], [ -122.484779, 37.718488 ], [ -122.484769, 37.718482 ], [ -122.484778, 37.718409 ] ] ], [ [ [ -122.484172, 37.721245 ], [ -122.483187, 37.721214 ], [ -122.483075, 37.721232 ], [ -122.48307, 37.7212 ], [ -122.484208, 37.721235 ], [ -122.484172, 37.721245 ] ] ], [ [ [ -122.484699, 37.721017 ], [ -122.484748, 37.721021 ], [ -122.484752, 37.721045 ], [ -122.484611, 37.721177 ], [ -122.484483, 37.721232 ], [ -122.484364, 37.721242 ], [ -122.484371, 37.721213 ], [ -122.48462, 37.721128 ], [ -122.484672, 37.721078 ], [ -122.484699, 37.721017 ] ] ], [ [ [ -122.484777, 37.718616 ], [ -122.484804, 37.720811 ], [ -122.484802, 37.720901 ], [ -122.484781, 37.720915 ], [ -122.48476, 37.720898 ], [ -122.484783, 37.720791 ], [ -122.484777, 37.718616 ] ] ] ] } },
{ "type": "Feature", "properties": { "land_id": "505", "land_name": "ISLAIS CREEK LOTS (AT PUTNAM)", "category": "PUC/Water", "department_name": "Public Utilities Commission" }, "geometry": { "type": "Polygon", "coordinates": [ [ [ -122.411485, 37.734966 ], [ -122.411425, 37.735633 ], [ -122.411184, 37.735619 ], [ -122.411266, 37.734694 ], [ -122.41175, 37.734718 ], [ -122.411739, 37.734839 ], [ -122.411485, 37.734966 ] ] ] } },
{ "type": "Feature", "properties": { "land_id": "437", "land_name": "Sutro Elementary/Early Education", "category": "Unified School District", "department_name": "School District (SFUSD)" }, "geometry": { "type": "Polygon", "coordinates": [ [ [ -122.47102, 37.783382 ], [ -122.471848, 37.783345 ], [ -122.471883, 37.783825 ], [ -122.471055, 37.783862 ], [ -122.47102, 37.783382 ] ] ] } },
{ "type": "Feature", "properties": { "land_id": "162", "land_name": "ELLIS O''FARRELL GARAGE", "category": "Real Estate", "department_name": "GSA - Real Estate Division" }, "geometry": { "type": "Polygon", "coordinates": [ [ [ -122.406965, 37.786464 ], [ -122.406816, 37.785718 ], [ -122.407286, 37.785659 ], [ -122.407361, 37.786032 ], [ -122.407258, 37.786045 ], [ -122.407333, 37.786417 ], [ -122.406965, 37.786464 ] ] ] } },
{ "type": "Feature", "properties": { "land_id": "280", "land_name": "BROADWAY TUNNEL REMAINDER", "category": "Public Works", "department_name": "Public Works" }, "geometry": { "type": "MultiPolygon", "coordinates": [ [ [ [ -122.417161, 37.796273 ], [ -122.417367, 37.796252 ], [ -122.417162, 37.796279 ], [ -122.417161, 37.796273 ] ] ], [ [ [ -122.419646, 37.796041 ], [ -122.419641, 37.796013 ], [ -122.419964, 37.795973 ], [ -122.41997, 37.796001 ], [ -122.419646, 37.796041 ] ] ], [ [ [ -122.418299, 37.7961 ], [ -122.418305, 37.796133 ], [ -122.418006, 37.796171 ], [ -122.418, 37.796138 ], [ -122.418299, 37.7961 ] ] ], [ [ [ -122.412653, 37.796907 ], [ -122.412661, 37.796945 ], [ -122.411992, 37.797027 ], [ -122.411984, 37.796989 ], [ -122.412653, 37.796907 ] ] ] ] } },
{ "type": "Feature", "properties": { "land_id": "644", "land_name": "CITY-OWNED PARCEL (3059010A)", "category": "Real Estate", "department_name": "GSA - Real Estate Division" }, "geometry": { "type": "Polygon", "coordinates": [ [ [ -122.442379, 37.7346 ], [ -122.442378, 37.734565 ], [ -122.442403, 37.734577 ], [ -122.442403, 37.734599 ], [ -122.442379, 37.7346 ] ] ] } },
{ "type": "Feature", "properties": { "land_id": "229", "land_name": "CESAR CHAVEZ ST WIDENING", "category": "Public Works", "department_name": "Public Works" }, "geometry": { "type": "Polygon", "coordinates": [ [ [ -122.405642, 37.748872 ], [ -122.405263, 37.748709 ], [ -122.405128, 37.748455 ], [ -122.405709, 37.748276 ], [ -122.405756, 37.748366 ], [ -122.405852, 37.748334 ], [ -122.405834, 37.748301 ], [ -122.40593, 37.748269 ], [ -122.406206, 37.748789 ], [ -122.405743, 37.748883 ], [ -122.405642, 37.748872 ] ] ] } },
{ "type": "Feature", "properties": { "land_id": "646", "land_name": "UNDEDICATED STREET", "category": "Real Estate", "department_name": "GSA - Real Estate Division" }, "geometry": { "type": "Polygon", "coordinates": [ [ [ -122.403893, 37.736626 ], [ -122.403886, 37.736558 ], [ -122.404025, 37.736549 ], [ -122.403893, 37.736626 ] ] ] } },
{ "type": "Feature", "properties": { "land_id": "603", "land_name": "Fairmount Elementary School/Preschool", "category": "Unified School District", "department_name": "School District (SFUSD)" }, "geometry": { "type": "Polygon", "coordinates": [ [ [ -122.424454, 37.740371 ], [ -122.424414, 37.739936 ], [ -122.425497, 37.739869 ], [ -122.425603, 37.740924 ], [ -122.425186, 37.740949 ], [ -122.425186, 37.740979 ], [ -122.424642, 37.741048 ], [ -122.424537, 37.74074 ], [ -122.424454, 37.740371 ] ] ] } },
{ "type": "Feature", "properties": { "land_id": "224", "land_name": "MINI PARK", "category": "Public Works", "department_name": "Public Works" }, "geometry": { "type": "Polygon", "coordinates": [ [ [ -122.418514, 37.743573 ], [ -122.41842, 37.743719 ], [ -122.417991, 37.743545 ], [ -122.418084, 37.743399 ], [ -122.418514, 37.743573 ] ] ] } },
{ "type": "Feature", "properties": { "land_id": "515", "land_name": "REIS TRACT LOTS - TUCKER", "category": "PUC/Water", "department_name": "Public Utilities Commission" }, "geometry": { "type": "MultiPolygon", "coordinates": [ [ [ [ -122.406235, 37.715352 ], [ -122.406393, 37.715395 ], [ -122.406281, 37.715655 ], [ -122.406526, 37.715722 ], [ -122.406415, 37.715984 ], [ -122.406088, 37.715895 ], [ -122.4062, 37.715633 ], [ -122.406123, 37.715611 ], [ -122.406235, 37.715352 ] ] ], [ [ [ -122.406645, 37.716512 ], [ -122.406891, 37.716578 ], [ -122.40678, 37.716838 ], [ -122.406453, 37.716749 ], [ -122.406564, 37.716489 ], [ -122.406318, 37.716422 ], [ -122.40643, 37.716162 ], [ -122.406757, 37.716251 ], [ -122.406645, 37.716512 ] ] ], [ [ [ -122.405922, 37.714804 ], [ -122.406167, 37.714871 ], [ -122.406055, 37.715131 ], [ -122.405728, 37.715042 ], [ -122.40584, 37.714782 ], [ -122.405491, 37.714664 ], [ -122.405643, 37.714417 ], [ -122.405821, 37.714487 ], [ -122.406033, 37.714544 ], [ -122.405922, 37.714804 ] ] ] ] } },
{ "type": "Feature", "properties": { "land_id": "269", "land_name": "98 BANBURY DR PARCEL", "category": "Public Works", "department_name": "Public Works" }, "geometry": { "type": "Polygon", "coordinates": [ [ [ -122.474616, 37.719699 ], [ -122.474668, 37.719702 ], [ -122.474713, 37.719744 ], [ -122.474681, 37.719766 ], [ -122.474616, 37.719699 ] ] ] } },
{ "type": "Feature", "properties": { "land_id": "640", "land_name": "MINI PARK (FILLMORE STREET)", "category": "Recreation & Park", "department_name": "Recreation and Parks" }, "geometry": { "type": "Polygon", "coordinates": [ [ [ -122.431596, 37.780088 ], [ -122.431929, 37.780045 ], [ -122.431977, 37.780282 ], [ -122.431631, 37.780327 ], [ -122.431596, 37.780088 ] ] ] } },
{ "type": "Feature", "properties": { "land_id": "886", "land_name": "Longfellow Elementary School", "category": "Unified School District", "department_name": "School District (SFUSD)" }, "geometry": { "type": "Polygon", "coordinates": [ [ [ -122.447344, 37.709909 ], [ -122.447481, 37.710163 ], [ -122.447325, 37.710216 ], [ -122.447478, 37.710499 ], [ -122.44622, 37.71093 ], [ -122.44593, 37.710394 ], [ -122.447344, 37.709909 ] ] ] } },
{ "type": "Feature", "properties": { "land_id": "536", "land_name": "Jordan High School/City Arts and Tech", "category": "Unified School District", "department_name": "School District (SFUSD)" }, "geometry": { "type": "Polygon", "coordinates": [ [ [ -122.426044, 37.718441 ], [ -122.42611, 37.718484 ], [ -122.426152, 37.71854 ], [ -122.426169, 37.718604 ], [ -122.426159, 37.718668 ], [ -122.425755, 37.719216 ], [ -122.425409, 37.720115 ], [ -122.424899, 37.719963 ], [ -122.423804, 37.719762 ], [ -122.423706, 37.719705 ], [ -122.42362, 37.7196 ], [ -122.423578, 37.719473 ], [ -122.423578, 37.719396 ], [ -122.423623, 37.71925 ], [ -122.42364, 37.719104 ], [ -122.423637, 37.718935 ], [ -122.423601, 37.718783 ], [ -122.423524, 37.718625 ], [ -122.42326, 37.718238 ], [ -122.423128, 37.718095 ], [ -122.42458, 37.71718 ], [ -122.424826, 37.717276 ], [ -122.425023, 37.717409 ], [ -122.425116, 37.717502 ], [ -122.425365, 37.717931 ], [ -122.425482, 37.718074 ], [ -122.425677, 37.718227 ], [ -122.426047, 37.718416 ], [ -122.426044, 37.718441 ] ] ] } },
{ "type": "Feature", "properties": { "land_id": "335", "land_name": "JONES ST TANK & TANK HOUSE", "category": "PUC/Water", "department_name": "Public Utilities Commission" }, "geometry": { "type": "Polygon", "coordinates": [ [ [ -122.414904, 37.79259 ], [ -122.415143, 37.79256 ], [ -122.415181, 37.792745 ], [ -122.414942, 37.792776 ], [ -122.414947, 37.792803 ], [ -122.414921, 37.792806 ], [ -122.41493, 37.79285 ], [ -122.414528, 37.792902 ], [ -122.414512, 37.792827 ], [ -122.414941, 37.792772 ], [ -122.414904, 37.79259 ] ] ] } },
{ "type": "Feature", "properties": { "land_id": "250", "land_name": "SEWER RIGHT-OF-WAY", "category": "PUC/Wastewater", "department_name": "Public Utilities Commission" }, "geometry": { "type": "Polygon", "coordinates": [ [ [ -122.424312, 37.740848 ], [ -122.424565, 37.740832 ], [ -122.424573, 37.740859 ], [ -122.424314, 37.740875 ], [ -122.424312, 37.740848 ] ] ] } },
{ "type": "Feature", "properties": { "land_id": "507", "land_name": "ISLAIS CREEK LOTS (AT BOYLSTON)", "category": "PUC/Water", "department_name": "Public Utilities Commission" }, "geometry": { "type": "MultiPolygon", "coordinates": [ [ [ [ -122.410894, 37.733309 ], [ -122.411162, 37.733616 ], [ -122.411091, 37.733656 ], [ -122.410823, 37.733348 ], [ -122.410894, 37.733309 ] ] ], [ [ [ -122.410875, 37.733183 ], [ -122.41064, 37.732924 ], [ -122.410607, 37.732855 ], [ -122.411074, 37.732712 ], [ -122.411144, 37.732923 ], [ -122.411066, 37.73297 ], [ -122.411146, 37.733033 ], [ -122.410875, 37.733183 ] ] ] ] } },
{ "type": "Feature", "properties": { "land_id": "1224", "land_name": "101 Hyde St", "category": "Real Estate", "department_name": "GSA - Real Estate Division" }, "geometry": { "type": "Polygon", "coordinates": [ [ [ -122.416153, 37.781879 ], [ -122.415683, 37.781939 ], [ -122.415641, 37.781727 ], [ -122.416111, 37.781669 ], [ -122.416153, 37.781879 ] ] ] } },
{ "type": "Feature", "properties": { "land_id": "113", "land_name": "BUCHANAN STREET MALL", "category": "Recreation & Park", "department_name": "Recreation and Parks" }, "geometry": { "type": "MultiPolygon", "coordinates": [ [ [ [ -122.428988, 37.780994 ], [ -122.429073, 37.781414 ], [ -122.428838, 37.781444 ], [ -122.428753, 37.781024 ], [ -122.428988, 37.780994 ] ] ], [ [ [ -122.428293, 37.777555 ], [ -122.428385, 37.778011 ], [ -122.42815, 37.778041 ], [ -122.428058, 37.777585 ], [ -122.428293, 37.777555 ] ] ], [ [ [ -122.4288, 37.780061 ], [ -122.428951, 37.780807 ], [ -122.428716, 37.780837 ], [ -122.428565, 37.780091 ], [ -122.4288, 37.780061 ] ] ], [ [ [ -122.428423, 37.778197 ], [ -122.428574, 37.778943 ], [ -122.428339, 37.778973 ], [ -122.428188, 37.778227 ], [ -122.428423, 37.778197 ] ] ], [ [ [ -122.428376, 37.779159 ], [ -122.428611, 37.779129 ], [ -122.428762, 37.779875 ], [ -122.428527, 37.779905 ], [ -122.428376, 37.779159 ] ] ] ] } },
{ "type": "Feature", "properties": { "land_id": "481", "land_name": "APTOS PLAYGROUND", "category": "Recreation & Park", "department_name": "Recreation and Parks" }, "geometry": { "type": "Polygon", "coordinates": [ [ [ -122.46656, 37.729463 ], [ -122.465463, 37.729059 ], [ -122.46574, 37.728648 ], [ -122.466113, 37.728189 ], [ -122.466455, 37.727843 ], [ -122.466836, 37.727527 ], [ -122.467244, 37.727911 ], [ -122.467416, 37.728117 ], [ -122.467551, 37.728311 ], [ -122.46726, 37.728583 ], [ -122.466985, 37.728876 ], [ -122.466778, 37.729137 ], [ -122.46656, 37.729463 ] ] ] } },
{ "type": "Feature", "properties": { "land_id": "821", "land_name": "POTRERO DIV TROLLEY BUS YARD", "category": "MTA", "department_name": "Municipal Transportation Agency" }, "geometry": { "type": "Polygon", "coordinates": [ [ [ -122.410113, 37.763128 ], [ -122.410217, 37.76423 ], [ -122.408553, 37.764325 ], [ -122.408451, 37.763226 ], [ -122.410113, 37.763128 ] ] ] } },
{ "type": "Feature", "properties": { "land_id": "296", "land_name": "SLOPE PROTECTION AT PORTOLA", "category": "Public Works", "department_name": "Public Works" }, "geometry": { "type": "MultiPolygon", "coordinates": [ [ [ [ -122.45961, 37.740709 ], [ -122.459588, 37.740649 ], [ -122.459615, 37.740608 ], [ -122.459648, 37.740593 ], [ -122.460794, 37.740473 ], [ -122.460826, 37.740586 ], [ -122.460993, 37.740537 ], [ -122.460994, 37.74056 ], [ -122.460767, 37.740628 ], [ -122.460335, 37.740708 ], [ -122.459881, 37.740728 ], [ -122.45961, 37.740709 ] ] ], [ [ [ -122.463099, 37.74041 ], [ -122.462391, 37.740449 ], [ -122.461131, 37.74052 ], [ -122.461133, 37.74046 ], [ -122.461171, 37.740434 ], [ -122.463081, 37.740195 ], [ -122.463099, 37.74041 ] ] ], [ [ [ -122.458666, 37.740789 ], [ -122.457391, 37.741487 ], [ -122.456939, 37.741704 ], [ -122.456612, 37.741836 ], [ -122.456524, 37.741735 ], [ -122.456534, 37.7417 ], [ -122.45747, 37.741189 ], [ -122.457771, 37.741043 ], [ -122.458083, 37.740915 ], [ -122.458499, 37.740778 ], [ -122.458868, 37.740694 ], [ -122.459184, 37.740647 ], [ -122.459388, 37.740652 ], [ -122.459401, 37.740667 ], [ -122.459177, 37.740659 ], [ -122.458949, 37.740691 ], [ -122.458666, 37.740789 ] ] ] ] } },
{ "type": "Feature", "properties": { "land_id": "118", "land_name": "JAPANESE PEACE PLAZA AND PAGODA", "category": "Recreation & Park", "department_name": "Recreation and Parks" }, "geometry": { "type": "Polygon", "coordinates": [ [ [ -122.429424, 37.78498 ], [ -122.429971, 37.784911 ], [ -122.430077, 37.785439 ], [ -122.429531, 37.785507 ], [ -122.429424, 37.78498 ] ] ] } },
{ "type": "Feature", "properties": { "land_id": "243", "land_name": "BAY SHORE BLVD (REMAINDER)", "category": "Public Works", "department_name": "Public Works" }, "geometry": { "type": "MultiPolygon", "coordinates": [ [ [ [ -122.404914, 37.7337 ], [ -122.404718, 37.733388 ], [ -122.404565, 37.733114 ], [ -122.404604, 37.73313 ], [ -122.404914, 37.7337 ] ] ], [ [ [ -122.401554, 37.726439 ], [ -122.401101, 37.724739 ], [ -122.401731, 37.726254 ], [ -122.401554, 37.726439 ] ] ], [ [ [ -122.40332, 37.730754 ], [ -122.40356, 37.730688 ], [ -122.40361, 37.730773 ], [ -122.404168, 37.732125 ], [ -122.404187, 37.7323 ], [ -122.403794, 37.731567 ], [ -122.403721, 37.731389 ], [ -122.40332, 37.730754 ] ] ] ] } },
{ "type": "Feature", "properties": { "land_id": "799", "land_name": "Former Police Station Site", "category": "Police", "department_name": "Police Department" }, "geometry": { "type": "Polygon", "coordinates": [ [ [ -122.388957, 37.759964 ], [ -122.388994, 37.760374 ], [ -122.388719, 37.760391 ], [ -122.388681, 37.75998 ], [ -122.388957, 37.759964 ] ] ] } },
{ "type": "Feature", "properties": { "land_id": "756", "land_name": "Bureau of Fire Investigation", "category": "Fire", "department_name": "Fire Department" }, "geometry": { "type": "Polygon", "coordinates": [ [ [ -122.389225, 37.772108 ], [ -122.389413, 37.772097 ], [ -122.389441, 37.772391 ], [ -122.389251, 37.772402 ], [ -122.389225, 37.772108 ] ] ] } },
{ "type": "Feature", "properties": { "land_id": "783", "land_name": "PORT LANDS", "category": "Port", "department_name": "Port" }, "geometry": { "type": "Polygon", "coordinates": [ [ [ -122.376102, 37.739613 ], [ -122.376845, 37.740035 ], [ -122.37666, 37.740241 ], [ -122.381837, 37.74318 ], [ -122.382663, 37.743753 ], [ -122.383122, 37.744039 ], [ -122.387023, 37.746254 ], [ -122.387049, 37.746511 ], [ -122.386546, 37.74654 ], [ -122.386569, 37.74674 ], [ -122.38707, 37.746723 ], [ -122.38709, 37.746922 ], [ -122.376646, 37.747542 ], [ -122.369203, 37.740045 ], [ -122.376102, 37.739613 ] ] ] } },
{ "type": "Feature", "properties": { "land_id": "361", "land_name": "SAN FRANCISCO CITY CLINIC", "category": "Health", "department_name": "Public Health" }, "geometry": { "type": "Polygon", "coordinates": [ [ [ -122.407208, 37.775753 ], [ -122.40733, 37.77585 ], [ -122.407122, 37.776015 ], [ -122.407, 37.775917 ], [ -122.407208, 37.775753 ] ] ] } },
{ "type": "Feature", "properties": { "land_id": "360", "land_name": "Curry Senior Center", "category": "Health", "department_name": "Public Health" }, "geometry": { "type": "Polygon", "coordinates": [ [ [ -122.414569, 37.782394 ], [ -122.414616, 37.782631 ], [ -122.414446, 37.782653 ], [ -122.414398, 37.782416 ], [ -122.414569, 37.782394 ] ] ] } },
{ "type": "Feature", "properties": { "land_id": "65", "land_name": "OPEN SPACE (NW ULLOA & KENSINGTON)", "category": "Recreation & Park", "department_name": "Recreation and Parks" }, "geometry": { "type": "Polygon", "coordinates": [ [ [ -122.460263, 37.741656 ], [ -122.460605, 37.742022 ], [ -122.460209, 37.74225 ], [ -122.459989, 37.742139 ], [ -122.459954, 37.742171 ], [ -122.459567, 37.741986 ], [ -122.459385, 37.741801 ], [ -122.459305, 37.741805 ], [ -122.459321, 37.741738 ], [ -122.459299, 37.741672 ], [ -122.459333, 37.741398 ], [ -122.459605, 37.741414 ], [ -122.45972, 37.741473 ], [ -122.45971, 37.74151 ], [ -122.459811, 37.741627 ], [ -122.459729, 37.74168 ], [ -122.460082, 37.741862 ], [ -122.460263, 37.741656 ] ] ] } },
{ "type": "Feature", "properties": { "land_id": "287", "land_name": "Mahler, Theresa S. Early Education School", "category": "Unified School District", "department_name": "School District (SFUSD)" }, "geometry": { "type": "Polygon", "coordinates": [ [ [ -122.428236, 37.754953 ], [ -122.428302, 37.755573 ], [ -122.427951, 37.755594 ], [ -122.427892, 37.754974 ], [ -122.428236, 37.754953 ] ] ] } },
{ "type": "Feature", "properties": { "land_id": "875", "land_name": "Giannini, A. P. Middle School", "category": "Unified School District", "department_name": "School District (SFUSD)" }, "geometry": { "type": "Polygon", "coordinates": [ [ [ -122.495595, 37.749282 ], [ -122.49748, 37.749199 ], [ -122.497629, 37.751326 ], [ -122.495743, 37.75141 ], [ -122.495595, 37.749282 ] ] ] } },
{ "type": "Feature", "properties": { "land_id": "448", "land_name": "Argonne Early Education School", "category": "Unified School District", "department_name": "School District (SFUSD)" }, "geometry": { "type": "Polygon", "coordinates": [ [ [ -122.473601, 37.773784 ], [ -122.474483, 37.773744 ], [ -122.474513, 37.774155 ], [ -122.473631, 37.774195 ], [ -122.473601, 37.773784 ] ] ] } },
{ "type": "Feature", "properties": { "land_id": "605", "land_name": "SUMMIT RESERVOIR WATER FACILITIES", "category": "PUC/Water", "department_name": "Public Utilities Commission" }, "geometry": { "type": "Polygon", "coordinates": [ [ [ -122.451222, 37.754861 ], [ -122.451361, 37.754833 ], [ -122.451479, 37.75484 ], [ -122.451551, 37.754808 ], [ -122.451576, 37.754762 ], [ -122.451639, 37.754422 ], [ -122.452063, 37.754428 ], [ -122.452078, 37.755177 ], [ -122.452434, 37.75546 ], [ -122.452038, 37.756575 ], [ -122.450194, 37.756671 ], [ -122.449733, 37.756384 ], [ -122.44965, 37.756285 ], [ -122.449598, 37.756137 ], [ -122.449599, 37.755942 ], [ -122.449898, 37.755863 ], [ -122.450156, 37.755731 ], [ -122.450269, 37.755648 ], [ -122.450795, 37.75511 ], [ -122.451014, 37.754954 ], [ -122.451222, 37.754861 ] ] ] } },
{ "type": "Feature", "properties": { "land_id": "362", "land_name": "DISTRICT 1 HEALTH CTR", "category": "Health", "department_name": "Public Health" }, "geometry": { "type": "Polygon", "coordinates": [ [ [ -122.431635, 37.763081 ], [ -122.431607, 37.762788 ], [ -122.432079, 37.762759 ], [ -122.432113, 37.763121 ], [ -122.431876, 37.763135 ], [ -122.43187, 37.763067 ], [ -122.431635, 37.763081 ] ] ] } },
{ "type": "Feature", "properties": { "land_id": "412", "land_name": "Parks, Rosa Elementary/Weill, Raphael Early Education", "category": "Unified School District", "department_name": "School District (SFUSD)" }, "geometry": { "type": "Polygon", "coordinates": [ [ [ -122.42889, 37.782393 ], [ -122.429262, 37.782346 ], [ -122.429252, 37.782299 ], [ -122.429786, 37.782231 ], [ -122.429862, 37.782603 ], [ -122.429806, 37.78261 ], [ -122.429844, 37.782797 ], [ -122.42998, 37.782779 ], [ -122.43015, 37.783618 ], [ -122.429164, 37.783744 ], [ -122.428994, 37.782905 ], [ -122.428933, 37.782913 ], [ -122.428963, 37.782869 ], [ -122.42897, 37.782821 ], [ -122.428951, 37.782769 ], [ -122.428905, 37.782725 ], [ -122.428956, 37.782719 ], [ -122.42889, 37.782393 ] ] ] } },
{ "type": "Feature", "properties": { "land_id": "366", "land_name": "POTRERO HILL HEALTH CTR", "category": "Health", "department_name": "Public Health" }, "geometry": { "type": "Polygon", "coordinates": [ [ [ -122.398946, 37.753748 ], [ -122.399313, 37.753816 ], [ -122.399441, 37.753822 ], [ -122.399465, 37.754065 ], [ -122.398768, 37.754064 ], [ -122.398738, 37.753749 ], [ -122.398946, 37.753748 ] ] ] } },
{ "type": "Feature", "properties": { "land_id": "408", "land_name": "PORT LANDS", "category": "Port", "department_name": "Port" }, "geometry": { "type": "Polygon", "coordinates": [ [ [ -122.395042, 37.795754 ], [ -122.395089, 37.795986 ], [ -122.394831, 37.795781 ], [ -122.395042, 37.795754 ] ] ] } },
{ "type": "Feature", "properties": { "land_id": "336", "land_name": "FIRE STATION #13", "category": "Fire", "department_name": "Fire Department" }, "geometry": { "type": "Polygon", "coordinates": [ [ [ -122.401223, 37.795675 ], [ -122.401169, 37.7954 ], [ -122.401478, 37.795362 ], [ -122.401531, 37.795636 ], [ -122.401223, 37.795675 ] ] ] } },
{ "type": "Feature", "properties": { "land_id": "900", "land_name": "King, Dr. Martin Luther, Jr. Middle School", "category": "Unified School District", "department_name": "School District (SFUSD)" }, "geometry": { "type": "Polygon", "coordinates": [ [ [ -122.406585, 37.727171 ], [ -122.40693, 37.728006 ], [ -122.405156, 37.728471 ], [ -122.404725, 37.727427 ], [ -122.406138, 37.727057 ], [ -122.406224, 37.727266 ], [ -122.406585, 37.727171 ] ] ] } },
{ "type": "Feature", "properties": { "land_id": "347", "land_name": "FIRE STATION #42", "category": "Fire", "department_name": "Fire Department" }, "geometry": { "type": "Polygon", "coordinates": [ [ [ -122.405334, 37.731548 ], [ -122.40573, 37.731444 ], [ -122.405784, 37.731575 ], [ -122.405388, 37.731678 ], [ -122.405334, 37.731548 ] ] ] } },
{ "type": "Feature", "properties": { "land_id": "634", "land_name": "ADAM ROGERS PARK", "category": "Recreation & Park", "department_name": "Recreation and Parks" }, "geometry": { "type": "MultiPolygon", "coordinates": [ [ [ [ -122.385107, 37.731161 ], [ -122.385307, 37.730937 ], [ -122.385378, 37.730978 ], [ -122.385177, 37.731201 ], [ -122.385107, 37.731161 ] ] ], [ [ [ -122.383191, 37.731406 ], [ -122.383284, 37.731261 ], [ -122.383286, 37.731104 ], [ -122.383194, 37.730869 ], [ -122.38332, 37.730739 ], [ -122.38338, 37.730759 ], [ -122.38344, 37.73074 ], [ -122.38352, 37.730679 ], [ -122.383536, 37.730624 ], [ -122.383513, 37.73058 ], [ -122.383445, 37.730535 ], [ -122.383369, 37.730546 ], [ -122.383328, 37.730535 ], [ -122.383039, 37.730325 ], [ -122.38325, 37.730445 ], [ -122.38331, 37.730378 ], [ -122.38338, 37.730417 ], [ -122.38352, 37.730261 ], [ -122.384713, 37.730938 ], [ -122.384433, 37.731243 ], [ -122.384384, 37.731346 ], [ -122.384225, 37.731446 ], [ -122.384245, 37.731456 ], [ -122.384168, 37.731513 ], [ -122.384117, 37.731519 ], [ -122.384064, 37.731464 ], [ -122.38409, 37.731453 ], [ -122.383963, 37.731312 ], [ -122.383645, 37.731502 ], [ -122.383838, 37.731703 ], [ -122.38371, 37.731777 ], [ -122.383412, 37.731469 ], [ -122.383191, 37.731406 ] ] ] ] } },
{ "type": "Feature", "properties": { "land_id": "364", "land_name": "DISTRICT 3 HEALTH CTR", "category": "Health", "department_name": "Public Health" }, "geometry": { "type": "Polygon", "coordinates": [ [ [ -122.406765, 37.732392 ], [ -122.4062, 37.732564 ], [ -122.406107, 37.732372 ], [ -122.406672, 37.732199 ], [ -122.406765, 37.732392 ] ] ] } },
{ "type": "Feature", "properties": { "land_id": "1272", "land_name": "OCII Parcel off Garlington Ct", "category": "OCII - Former SFRA", "department_name": "Community Investment and Infrastructure" }, "geometry": { "type": "Polygon", "coordinates": [ [ [ -122.38439, 37.732083 ], [ -122.384411, 37.732172 ], [ -122.384399, 37.732265 ], [ -122.384143, 37.732225 ], [ -122.384175, 37.732163 ], [ -122.384208, 37.732197 ], [ -122.38439, 37.732083 ] ] ] } },
{ "type": "Feature", "properties": { "land_id": "973", "land_name": "Sue Bierman Park", "category": "Recreation & Park", "department_name": "Recreation and Parks" }, "geometry": { "type": "MultiPolygon", "coordinates": [ [ [ [ -122.397292, 37.795996 ], [ -122.397288, 37.795979 ], [ -122.397032, 37.796011 ], [ -122.396931, 37.795514 ], [ -122.397871, 37.795394 ], [ -122.398023, 37.796146 ], [ -122.397553, 37.796206 ], [ -122.397527, 37.796073 ], [ -122.397292, 37.795996 ] ] ], [ [ [ -122.395315, 37.796164 ], [ -122.39529, 37.796042 ], [ -122.395177, 37.796057 ], [ -122.395089, 37.795986 ], [ -122.395042, 37.795754 ], [ -122.396696, 37.795543 ], [ -122.396759, 37.795855 ], [ -122.396673, 37.795866 ], [ -122.396744, 37.796215 ], [ -122.396717, 37.796254 ], [ -122.396373, 37.796356 ], [ -122.395674, 37.796446 ], [ -122.395315, 37.796164 ] ] ] ] } },
{ "type": "Feature", "properties": { "land_id": "1157", "land_name": "SFUSD Property - 1235 Mission", "category": "Unified School District", "department_name": "School District (SFUSD)" }, "geometry": { "type": "Polygon", "coordinates": [ [ [ -122.413588, 37.776952 ], [ -122.41339, 37.776795 ], [ -122.413156, 37.776979 ], [ -122.412961, 37.776823 ], [ -122.413638, 37.77629 ], [ -122.41403, 37.776603 ], [ -122.413588, 37.776952 ] ] ] } },
{ "type": "Feature", "properties": { "land_id": "706", "land_name": "BURTON ACT PARCEL", "category": "Port", "department_name": "Port" }, "geometry": { "type": "Polygon", "coordinates": [ [ [ -122.392029, 37.774584 ], [ -122.39628, 37.771227 ], [ -122.396524, 37.771421 ], [ -122.392273, 37.774779 ], [ -122.392029, 37.774584 ] ] ] } },
{ "type": "Feature", "properties": { "land_id": "703", "land_name": "SEA WALL #324", "category": "Port", "department_name": "Port" }, "geometry": { "type": "Polygon", "coordinates": [ [ [ -122.388898, 37.779471 ], [ -122.389485, 37.779937 ], [ -122.388728, 37.780543 ], [ -122.388528, 37.780788 ], [ -122.388383, 37.78106 ], [ -122.388274, 37.779964 ], [ -122.388898, 37.779471 ] ] ] } },
{ "type": "Feature", "properties": { "land_id": "704", "land_name": "FORMER SEA WALL #25", "category": "Port", "department_name": "Port" }, "geometry": { "type": "Polygon", "coordinates": [ [ [ -122.388133, 37.778864 ], [ -122.388696, 37.779311 ], [ -122.388243, 37.779668 ], [ -122.388133, 37.778864 ] ] ] } },
{ "type": "Feature", "properties": { "land_id": "450", "land_name": "FOREST HILL TANK", "category": "PUC/Water", "department_name": "Public Utilities Commission" }, "geometry": { "type": "Polygon", "coordinates": [ [ [ -122.467477, 37.748233 ], [ -122.467504, 37.748302 ], [ -122.46748, 37.748387 ], [ -122.467507, 37.748638 ], [ -122.467151, 37.748654 ], [ -122.467118, 37.748111 ], [ -122.467211, 37.748104 ], [ -122.46734, 37.748128 ], [ -122.467419, 37.748169 ], [ -122.467477, 37.748233 ] ] ] } },
{ "type": "Feature", "properties": { "land_id": "858", "land_name": "FAIRMOUNT PLAZA EXTENSION", "category": "Recreation & Park", "department_name": "Recreation and Parks" }, "geometry": { "type": "Polygon", "coordinates": [ [ [ -122.429281, 37.738669 ], [ -122.429272, 37.738348 ], [ -122.429528, 37.738504 ], [ -122.429492, 37.738556 ], [ -122.429496, 37.738615 ], [ -122.429281, 37.738669 ] ] ] } },
{ "type": "Feature", "properties": { "land_id": "779", "land_name": "JOHN MCLAREN PARK", "category": "Recreation & Park", "department_name": "Recreation and Parks" }, "geometry": { "type": "Polygon", "coordinates": [ [ [ -122.419936, 37.724607 ], [ -122.419442, 37.723408 ], [ -122.418463, 37.723667 ], [ -122.417956, 37.722465 ], [ -122.416969, 37.72272 ], [ -122.416641, 37.721943 ], [ -122.415459, 37.722252 ], [ -122.415787, 37.723027 ], [ -122.413035, 37.723754 ], [ -122.41097, 37.718762 ], [ -122.408993, 37.719276 ], [ -122.408841, 37.718907 ], [ -122.408753, 37.718885 ], [ -122.408989, 37.718371 ], [ -122.408304, 37.718183 ], [ -122.408838, 37.716935 ], [ -122.408347, 37.716801 ], [ -122.40832, 37.716866 ], [ -122.407993, 37.716776 ], [ -122.408132, 37.716451 ], [ -122.408459, 37.716541 ], [ -122.408542, 37.716346 ], [ -122.410176, 37.716793 ], [ -122.410315, 37.716468 ], [ -122.410482, 37.716514 ], [ -122.410552, 37.716352 ], [ -122.412192, 37.716797 ], [ -122.412434, 37.716689 ], [ -122.413183, 37.716455 ], [ -122.413179, 37.716312 ], [ -122.413664, 37.716304 ], [ -122.414051, 37.716192 ], [ -122.414045, 37.715962 ], [ -122.414335, 37.715287 ], [ -122.415476, 37.715597 ], [ -122.415467, 37.714365 ], [ -122.41544, 37.714358 ], [ -122.415673, 37.713842 ], [ -122.415313, 37.713745 ], [ -122.415844, 37.712524 ], [ -122.421771, 37.714204 ], [ -122.422014, 37.713693 ], [ -122.423684, 37.714164 ], [ -122.424266, 37.712736 ], [ -122.422642, 37.712266 ], [ -122.423194, 37.711122 ], [ -122.42257, 37.710906 ], [ -122.422636, 37.710826 ], [ -122.42297, 37.710914 ], [ -122.423082, 37.710793 ], [ -122.42325, 37.710712 ], [ -122.423979, 37.710685 ], [ -122.42396, 37.710351 ], [ -122.424447, 37.710538 ], [ -122.424405, 37.710626 ], [ -122.424553, 37.710735 ], [ -122.425266, 37.711098 ], [ -122.42564, 37.711242 ], [ -122.426041, 37.711372 ], [ -122.426587, 37.711588 ], [ -122.425305, 37.714391 ], [ -122.427253, 37.714892 ], [ -122.427021, 37.715616 ], [ -122.427106, 37.715635 ], [ -122.426556, 37.717089 ], [ -122.426647, 37.717132 ], [ -122.426217, 37.718254 ], [ -122.425833, 37.718058 ], [ -122.425718, 37.717972 ], [ -122.425631, 37.717882 ], [ -122.425564, 37.717783 ], [ -122.425071, 37.716872 ], [ -122.422897, 37.718246 ], [ -122.423251, 37.718706 ], [ -122.423343, 37.718882 ], [ -122.423376, 37.719011 ], [ -122.423384, 37.719142 ], [ -122.423316, 37.719438 ], [ -122.423314, 37.719556 ], [ -122.42337, 37.719709 ], [ -122.423485, 37.71984 ], [ -122.423601, 37.719913 ], [ -122.423736, 37.719962 ], [ -122.424819, 37.720159 ], [ -122.425001, 37.720209 ], [ -122.425336, 37.720328 ], [ -122.425349, 37.720293 ], [ -122.425533, 37.720362 ], [ -122.424359, 37.721916 ], [ -122.425195, 37.722315 ], [ -122.424795, 37.722845 ], [ -122.424854, 37.722873 ], [ -122.424363, 37.723522 ], [ -122.424333, 37.723508 ], [ -122.424153, 37.723512 ], [ -122.419936, 37.724607 ] ] ] } },
{ "type": "Feature", "properties": { "land_id": "971", "land_name": "La Salle Mini Park", "category": "OCII - Former SFRA", "department_name": "Community Investment and Infrastructure" }, "geometry": { "type": "Polygon", "coordinates": [ [ [ -122.386651, 37.734464 ], [ -122.386499, 37.734552 ], [ -122.386637, 37.734712 ], [ -122.387134, 37.735001 ], [ -122.387013, 37.735132 ], [ -122.386988, 37.735041 ], [ -122.386884, 37.734982 ], [ -122.386766, 37.735004 ], [ -122.386735, 37.734895 ], [ -122.386493, 37.734617 ], [ -122.386104, 37.734686 ], [ -122.386087, 37.734658 ], [ -122.386074, 37.734636 ], [ -122.386444, 37.734569 ], [ -122.38631, 37.734167 ], [ -122.38631, 37.734025 ], [ -122.386329, 37.734009 ], [ -122.386391, 37.73421 ], [ -122.386381, 37.734264 ], [ -122.386401, 37.734319 ], [ -122.386651, 37.734464 ] ] ] } },
{ "type": "Feature", "properties": { "land_id": "701", "land_name": "FORMER SEA WALL #22", "category": "Port", "department_name": "Port" }, "geometry": { "type": "Polygon", "coordinates": [ [ [ -122.388474, 37.782681 ], [ -122.389644, 37.783609 ], [ -122.388972, 37.784143 ], [ -122.388397, 37.783687 ], [ -122.388474, 37.782681 ] ] ] } },
{ "type": "Feature", "properties": { "land_id": "822", "land_name": "ACC Building Site", "category": "Real Estate", "department_name": "GSA - Real Estate Division" }, "geometry": { "type": "Polygon", "coordinates": [ [ [ -122.409766, 37.768326 ], [ -122.410601, 37.768276 ], [ -122.410653, 37.768819 ], [ -122.409817, 37.768872 ], [ -122.409766, 37.768326 ] ] ] } },
{ "type": "Feature", "properties": { "land_id": "831", "land_name": "KIRKLAND BUS YARD", "category": "MTA", "department_name": "Municipal Transportation Agency" }, "geometry": { "type": "Polygon", "coordinates": [ [ [ -122.412043, 37.806865 ], [ -122.412192, 37.807611 ], [ -122.410779, 37.80779 ], [ -122.41063, 37.807043 ], [ -122.412043, 37.806865 ] ] ] } },
{ "type": "Feature", "properties": { "land_id": "208", "land_name": "CITY COLLEGE", "category": "Other", "department_name": "City College" }, "geometry": { "type": "MultiPolygon", "coordinates": [ [ [ [ -122.452517, 37.727399 ], [ -122.452474, 37.723854 ], [ -122.453207, 37.723858 ], [ -122.453209, 37.724062 ], [ -122.453729, 37.724056 ], [ -122.453766, 37.727395 ], [ -122.452517, 37.727399 ] ] ], [ [ [ -122.447907, 37.727057 ], [ -122.44778, 37.727057 ], [ -122.44778, 37.727074 ], [ -122.447002, 37.727076 ], [ -122.447, 37.726751 ], [ -122.447905, 37.726748 ], [ -122.447904, 37.726652 ], [ -122.447516, 37.726653 ], [ -122.447485, 37.724971 ], [ -122.448138, 37.724052 ], [ -122.448297, 37.723619 ], [ -122.44838, 37.723491 ], [ -122.448487, 37.723374 ], [ -122.448616, 37.723272 ], [ -122.448781, 37.723179 ], [ -122.448945, 37.723116 ], [ -122.44915, 37.723064 ], [ -122.451372, 37.723072 ], [ -122.451974, 37.723132 ], [ -122.452088, 37.723181 ], [ -122.452167, 37.723262 ], [ -122.452197, 37.723366 ], [ -122.452252, 37.727963 ], [ -122.45223, 37.728062 ], [ -122.452166, 37.728148 ], [ -122.452046, 37.728221 ], [ -122.451899, 37.728249 ], [ -122.448606, 37.728265 ], [ -122.447917, 37.728217 ], [ -122.447907, 37.727057 ] ] ] ] } },
{ "type": "Feature", "properties": { "land_id": "702", "land_name": "FORMER SEA WALL #23", "category": "Port", "department_name": "Port" }, "geometry": { "type": "Polygon", "coordinates": [ [ [ -122.388497, 37.782379 ], [ -122.388534, 37.781901 ], [ -122.388792, 37.781881 ], [ -122.389043, 37.781823 ], [ -122.389275, 37.781728 ], [ -122.389463, 37.781612 ], [ -122.388497, 37.782379 ] ] ] } },
{ "type": "Feature", "properties": { "land_id": "74", "land_name": "SIGMUND STERN RECREATION GROVE", "category": "Recreation & Park", "department_name": "Recreation and Parks" }, "geometry": { "type": "Polygon", "coordinates": [ [ [ -122.47535, 37.73482 ], [ -122.476097, 37.734836 ], [ -122.478522, 37.734771 ], [ -122.481868, 37.735669 ], [ -122.481766, 37.736455 ], [ -122.481653, 37.736461 ], [ -122.481666, 37.737065 ], [ -122.475448, 37.737338 ], [ -122.475296, 37.734863 ], [ -122.475311, 37.734832 ], [ -122.47535, 37.73482 ] ] ] } },
{ "type": "Feature", "properties": { "land_id": "914", "land_name": "PORTOLA BRANCH LIBRARY (FUTURE SITE)", "category": "Public Library", "department_name": "Public Library" }, "geometry": { "type": "Polygon", "coordinates": [ [ [ -122.406138, 37.727057 ], [ -122.406499, 37.726963 ], [ -122.406585, 37.727171 ], [ -122.406224, 37.727266 ], [ -122.406138, 37.727057 ] ] ] } },
{ "type": "Feature", "properties": { "land_id": "49", "land_name": "SOUTH PARK", "category": "Recreation & Park", "department_name": "Recreation and Parks" }, "geometry": { "type": "Polygon", "coordinates": [ [ [ -122.393317, 37.781936 ], [ -122.394403, 37.781078 ], [ -122.394522, 37.781056 ], [ -122.394596, 37.781079 ], [ -122.394614, 37.781139 ], [ -122.394586, 37.781224 ], [ -122.393504, 37.782079 ], [ -122.393394, 37.782102 ], [ -122.393312, 37.782085 ], [ -122.39329, 37.782023 ], [ -122.393317, 37.781936 ] ] ] } },
{ "type": "Feature", "properties": { "land_id": "363", "land_name": "DISTRICT HEALTH CTR 2", "category": "Health", "department_name": "Public Health" }, "geometry": { "type": "Polygon", "coordinates": [ [ [ -122.436181, 37.782267 ], [ -122.436365, 37.782244 ], [ -122.436393, 37.782379 ], [ -122.43602, 37.782427 ], [ -122.435938, 37.78202 ], [ -122.436126, 37.781996 ], [ -122.436181, 37.782267 ] ] ] } },
{ "type": "Feature", "properties": { "land_id": "705", "land_name": "MISSION ROCK", "category": "Port", "department_name": "Port" }, "geometry": { "type": "Polygon", "coordinates": [ [ [ -122.382803, 37.772322 ], [ -122.384799, 37.773844 ], [ -122.382881, 37.775429 ], [ -122.380885, 37.773907 ], [ -122.382803, 37.772322 ] ] ] } },
{ "type": "Feature", "properties": { "land_id": "926", "land_name": "STATE RELINQUISHMENT (1975)", "category": "PUC/Wastewater", "department_name": "Public Utilities Commission" }, "geometry": { "type": "Polygon", "coordinates": [ [ [ -122.392257, 37.748558 ], [ -122.39223, 37.748268 ], [ -122.392379, 37.748324 ], [ -122.392375, 37.74821 ], [ -122.392734, 37.748288 ], [ -122.392748, 37.748106 ], [ -122.393069, 37.748152 ], [ -122.393116, 37.748656 ], [ -122.392555, 37.748689 ], [ -122.392257, 37.748558 ] ] ] } },
{ "type": "Feature", "properties": { "land_id": "219", "land_name": "PUBLIC WORKS LANDS", "category": "Public Works", "department_name": "Public Works" }, "geometry": { "type": "MultiPolygon", "coordinates": [ [ [ [ -122.42027, 37.731367 ], [ -122.420725, 37.731294 ], [ -122.420314, 37.731407 ], [ -122.420272, 37.731387 ], [ -122.42027, 37.731367 ] ] ], [ [ [ -122.419375, 37.731387 ], [ -122.419681, 37.731411 ], [ -122.420098, 37.731377 ], [ -122.420099, 37.731441 ], [ -122.42007, 37.731474 ], [ -122.419942, 37.731502 ], [ -122.419607, 37.731524 ], [ -122.419465, 37.73148 ], [ -122.419375, 37.731387 ] ] ] ] } },
{ "type": "Feature", "properties": { "land_id": "1041", "land_name": "Fire Station #48", "category": "Fire", "department_name": "Fire Department" }, "geometry": { "type": "Polygon", "coordinates": [ [ [ -122.36893, 37.826686 ], [ -122.36929, 37.826538 ], [ -122.36966, 37.8271 ], [ -122.369308, 37.827251 ], [ -122.36893, 37.826686 ] ] ] } },
{ "type": "Feature", "properties": { "land_id": "2", "land_name": "OPEN SPACE (79 EVERSON)", "category": "Recreation & Park", "department_name": "Recreation and Parks" }, "geometry": { "type": "Polygon", "coordinates": [ [ [ -122.431753, 37.738167 ], [ -122.431236, 37.738297 ], [ -122.43104, 37.737982 ], [ -122.431587, 37.737768 ], [ -122.431949, 37.73779 ], [ -122.432613, 37.738418 ], [ -122.432479, 37.738519 ], [ -122.432399, 37.738475 ], [ -122.432135, 37.738263 ], [ -122.43198, 37.738195 ], [ -122.431874, 37.738171 ], [ -122.431753, 37.738167 ] ] ] } },
{ "type": "Feature", "properties": { "land_id": "670", "land_name": "ST ANNE STREET (VACATED)", "category": "Public Works", "department_name": "Public Works" }, "geometry": { "type": "Polygon", "coordinates": [ [ [ -122.40457, 37.792052 ], [ -122.404584, 37.79212 ], [ -122.404819, 37.792091 ], [ -122.404843, 37.792209 ], [ -122.404475, 37.792256 ], [ -122.404437, 37.792069 ], [ -122.40457, 37.792052 ] ] ] } },
{ "type": "Feature", "properties": { "land_id": "700", "land_name": "VACATED STREET", "category": "Port", "department_name": "Port" }, "geometry": { "type": "Polygon", "coordinates": [ [ [ -122.388373, 37.783993 ], [ -122.388397, 37.783687 ], [ -122.388972, 37.784143 ], [ -122.388767, 37.784305 ], [ -122.388373, 37.783993 ] ] ] } },
{ "type": "Feature", "properties": { "land_id": "600", "land_name": "MIRALOMA PLAYGROUND", "category": "Recreation & Park", "department_name": "Recreation and Parks" }, "geometry": { "type": "Polygon", "coordinates": [ [ [ -122.449014, 37.738101 ], [ -122.44906, 37.738076 ], [ -122.449259, 37.738094 ], [ -122.449448, 37.73809 ], [ -122.449738, 37.73804 ], [ -122.449781, 37.738051 ], [ -122.449807, 37.738079 ], [ -122.449807, 37.738111 ], [ -122.449662, 37.738463 ], [ -122.449514, 37.739011 ], [ -122.449479, 37.739203 ], [ -122.449443, 37.739233 ], [ -122.448842, 37.739213 ], [ -122.448797, 37.739184 ], [ -122.448841, 37.738902 ], [ -122.448969, 37.738443 ], [ -122.449014, 37.738101 ] ] ] } },
{ "type": "Feature", "properties": { "land_id": "913", "land_name": "MARINA BRANCH LIBRARY", "category": "Public Library", "department_name": "Public Library" }, "geometry": { "type": "Polygon", "coordinates": [ [ [ -122.43436, 37.801426 ], [ -122.434218, 37.801442 ], [ -122.434236, 37.801541 ], [ -122.434057, 37.801566 ], [ -122.434017, 37.801361 ], [ -122.43391, 37.801378 ], [ -122.433893, 37.801292 ], [ -122.434174, 37.801258 ], [ -122.434191, 37.801342 ], [ -122.434343, 37.80132 ], [ -122.43436, 37.801426 ] ] ] } },
{ "type": "Feature", "properties": { "land_id": "194", "land_name": "FARMERS MARKET", "category": "Real Estate", "department_name": "GSA - Real Estate Division" }, "geometry": { "type": "Polygon", "coordinates": [ [ [ -122.409041, 37.736733 ], [ -122.408751, 37.736472 ], [ -122.408974, 37.736251 ], [ -122.409449, 37.735828 ], [ -122.41008, 37.735333 ], [ -122.410719, 37.734924 ], [ -122.411058, 37.734739 ], [ -122.411106, 37.734742 ], [ -122.411121, 37.734769 ], [ -122.411053, 37.735533 ], [ -122.41099, 37.735593 ], [ -122.410948, 37.735664 ], [ -122.410739, 37.736401 ], [ -122.410697, 37.736488 ], [ -122.410632, 37.736566 ], [ -122.410488, 37.736662 ], [ -122.410317, 37.736708 ], [ -122.409215, 37.736725 ], [ -122.409213, 37.736743 ], [ -122.409041, 37.736733 ] ] ] } },
{ "type": "Feature", "properties": { "land_id": "1230", "land_name": "Topaz Open Space", "category": "Recreation & Park", "department_name": "Recreation and Parks" }, "geometry": { "type": "Polygon", "coordinates": [ [ [ -122.436369, 37.741383 ], [ -122.436434, 37.741613 ], [ -122.436553, 37.741829 ], [ -122.436092, 37.742125 ], [ -122.435908, 37.741774 ], [ -122.435763, 37.741449 ], [ -122.436369, 37.741383 ] ] ] } },
{ "type": "Feature", "properties": { "land_id": "977", "land_name": "SFHA -- Alice Griffith", "category": "SFHA", "department_name": "San Francisco Housing Authority" }, "geometry": { "type": "MultiPolygon", "coordinates": [ [ [ [ -122.387785, 37.718729 ], [ -122.387925, 37.718582 ], [ -122.389639, 37.719555 ], [ -122.389423, 37.719796 ], [ -122.389267, 37.719665 ], [ -122.387923, 37.718895 ], [ -122.387778, 37.718757 ], [ -122.387785, 37.718729 ] ] ], [ [ [ -122.387575, 37.721042 ], [ -122.386391, 37.720371 ], [ -122.386372, 37.720347 ], [ -122.386379, 37.720318 ], [ -122.387002, 37.719626 ], [ -122.387087, 37.719567 ], [ -122.387192, 37.719534 ], [ -122.387314, 37.719533 ], [ -122.387427, 37.719568 ], [ -122.388403, 37.720121 ], [ -122.388422, 37.720145 ], [ -122.388414, 37.720174 ], [ -122.38806, 37.720568 ], [ -122.388028, 37.720583 ], [ -122.387994, 37.720577 ], [ -122.387566, 37.720334 ], [ -122.387533, 37.720267 ], [ -122.387483, 37.72023 ], [ -122.387383, 37.720218 ], [ -122.3873, 37.720261 ], [ -122.387273, 37.720339 ], [ -122.387319, 37.720412 ], [ -122.387379, 37.720438 ], [ -122.387469, 37.720441 ], [ -122.387915, 37.720704 ], [ -122.387909, 37.720736 ], [ -122.387641, 37.721035 ], [ -122.38761, 37.721049 ], [ -122.387575, 37.721042 ] ] ], [ [ [ -122.385715, 37.719959 ], [ -122.386291, 37.71932 ], [ -122.38653, 37.719136 ], [ -122.386693, 37.719055 ], [ -122.38687, 37.718995 ], [ -122.387051, 37.718958 ], [ -122.387357, 37.718927 ], [ -122.387617, 37.718844 ], [ -122.387655, 37.718854 ], [ -122.387889, 37.719044 ], [ -122.388957, 37.719651 ], [ -122.388977, 37.719678 ], [ -122.388965, 37.719708 ], [ -122.388581, 37.72002 ], [ -122.388537, 37.720031 ], [ -122.387512, 37.719455 ], [ -122.387354, 37.719405 ], [ -122.3872, 37.7194 ], [ -122.387022, 37.719444 ], [ -122.386888, 37.719529 ], [ -122.386216, 37.720263 ], [ -122.386169, 37.720263 ], [ -122.38574, 37.720088 ], [ -122.385694, 37.720028 ], [ -122.385715, 37.719959 ] ] ], [ [ [ -122.38775, 37.721655 ], [ -122.385161, 37.720186 ], [ -122.385578, 37.719722 ], [ -122.385599, 37.719733 ], [ -122.386851, 37.718341 ], [ -122.386774, 37.718297 ], [ -122.386993, 37.718054 ], [ -122.38779, 37.718506 ], [ -122.387642, 37.718657 ], [ -122.387477, 37.718752 ], [ -122.387318, 37.718799 ], [ -122.386988, 37.718834 ], [ -122.38675, 37.71889 ], [ -122.386506, 37.718989 ], [ -122.386292, 37.719123 ], [ -122.386136, 37.719264 ], [ -122.385559, 37.719909 ], [ -122.385531, 37.719975 ], [ -122.38553, 37.720044 ], [ -122.385555, 37.720111 ], [ -122.385606, 37.720169 ], [ -122.385674, 37.720211 ], [ -122.386201, 37.720425 ], [ -122.387484, 37.721153 ], [ -122.387548, 37.721175 ], [ -122.38762, 37.721181 ], [ -122.387701, 37.721162 ], [ -122.387767, 37.72112 ], [ -122.388586, 37.720212 ], [ -122.389033, 37.719841 ], [ -122.38908, 37.719836 ], [ -122.389285, 37.719949 ], [ -122.38775, 37.721655 ] ], [ [ -122.387113, 37.718717 ], [ -122.387023, 37.71867 ], [ -122.386967, 37.718738 ], [ -122.387057, 37.718785 ], [ -122.387113, 37.718717 ] ] ] ] } },
{ "type": "Feature", "properties": { "land_id": "1016", "land_name": "SFHA -- Hunters Point West", "category": "SFHA", "department_name": "San Francisco Housing Authority" }, "geometry": { "type": "MultiPolygon", "coordinates": [ [ [ [ -122.378652, 37.72893 ], [ -122.379131, 37.728392 ], [ -122.379963, 37.728864 ], [ -122.379764, 37.729074 ], [ -122.379991, 37.729203 ], [ -122.379695, 37.729522 ], [ -122.378652, 37.72893 ] ] ], [ [ [ -122.381931, 37.72965 ], [ -122.38183, 37.729593 ], [ -122.381738, 37.729602 ], [ -122.381316, 37.729362 ], [ -122.38131, 37.729298 ], [ -122.381157, 37.729211 ], [ -122.381067, 37.729221 ], [ -122.379291, 37.728213 ], [ -122.379699, 37.727754 ], [ -122.380347, 37.728122 ], [ -122.380353, 37.728152 ], [ -122.380531, 37.728254 ], [ -122.380572, 37.72825 ], [ -122.380851, 37.728408 ], [ -122.380853, 37.728436 ], [ -122.381041, 37.728543 ], [ -122.381076, 37.728536 ], [ -122.381798, 37.728945 ], [ -122.3818, 37.728974 ], [ -122.382625, 37.729442 ], [ -122.382641, 37.729424 ], [ -122.382836, 37.729535 ], [ -122.382428, 37.729993 ], [ -122.381933, 37.729713 ], [ -122.381931, 37.72965 ] ] ] ] } },
{ "type": "Feature", "properties": { "land_id": "991", "land_name": "SFHA Headquarters & 430 Turk St Housing", "category": "SFHA", "department_name": "San Francisco Housing Authority" }, "geometry": { "type": "Polygon", "coordinates": [ [ [ -122.4163, 37.782603 ], [ -122.41677, 37.782543 ], [ -122.416845, 37.782916 ], [ -122.416375, 37.782976 ], [ -122.4163, 37.782603 ] ] ] } },
{ "type": "Feature", "properties": { "land_id": "994", "land_name": "SFHA -- 2698 California", "category": "SFHA", "department_name": "San Francisco Housing Authority" }, "geometry": { "type": "Polygon", "coordinates": [ [ [ -122.438402, 37.788444 ], [ -122.438675, 37.788409 ], [ -122.43873, 37.788681 ], [ -122.438457, 37.788715 ], [ -122.438402, 37.788444 ] ] ] } },
{ "type": "Feature", "properties": { "land_id": "1002", "land_name": "SFHA -- Westside Courts", "category": "SFHA", "department_name": "San Francisco Housing Authority" }, "geometry": { "type": "Polygon", "coordinates": [ [ [ -122.442896, 37.784005 ], [ -122.443046, 37.784748 ], [ -122.441636, 37.784928 ], [ -122.441485, 37.784185 ], [ -122.442896, 37.784005 ] ] ] } },
{ "type": "Feature", "properties": { "land_id": "1004", "land_name": "SFHA -- 345 Arguello", "category": "SFHA", "department_name": "San Francisco Housing Authority" }, "geometry": { "type": "Polygon", "coordinates": [ [ [ -122.459245, 37.784052 ], [ -122.459663, 37.784033 ], [ -122.459688, 37.784378 ], [ -122.45927, 37.784397 ], [ -122.459245, 37.784052 ] ] ] } },
{ "type": "Feature", "properties": { "land_id": "722", "land_name": "PORT LANDS", "category": "Port", "department_name": "Port" }, "geometry": { "type": "Polygon", "coordinates": [ [ [ -122.38198, 37.754552 ], [ -122.382256, 37.754536 ], [ -122.382307, 37.755049 ], [ -122.382031, 37.755065 ], [ -122.38198, 37.754552 ] ] ] } },
{ "type": "Feature", "properties": { "land_id": "735", "land_name": "KING BLVD ROADWAY PROJECT", "category": "Public Works", "department_name": "Public Works" }, "geometry": { "type": "MultiPolygon", "coordinates": [ [ [ [ -122.39813, 37.772963 ], [ -122.398179, 37.772742 ], [ -122.398335, 37.772866 ], [ -122.39826, 37.773004 ], [ -122.398045, 37.773174 ], [ -122.39813, 37.772963 ] ] ], [ [ [ -122.396691, 37.774515 ], [ -122.39798, 37.773496 ], [ -122.397748, 37.77377 ], [ -122.397429, 37.774036 ], [ -122.396691, 37.774515 ] ] ], [ [ [ -122.397857, 37.772805 ], [ -122.397934, 37.772547 ], [ -122.398044, 37.772635 ], [ -122.398016, 37.772839 ], [ -122.397921, 37.773122 ], [ -122.397753, 37.773405 ], [ -122.39636, 37.774505 ], [ -122.396321, 37.774473 ], [ -122.397166, 37.773806 ], [ -122.397155, 37.773797 ], [ -122.397459, 37.773484 ], [ -122.397602, 37.773294 ], [ -122.397745, 37.773055 ], [ -122.397857, 37.772805 ] ] ], [ [ [ -122.398001, 37.772279 ], [ -122.398635, 37.771778 ], [ -122.39867, 37.771988 ], [ -122.39867, 37.772128 ], [ -122.398616, 37.772341 ], [ -122.398457, 37.772642 ], [ -122.398001, 37.772279 ] ] ], [ [ [ -122.393938, 37.776108 ], [ -122.395963, 37.774509 ], [ -122.396158, 37.774664 ], [ -122.394134, 37.776263 ], [ -122.393938, 37.776108 ] ] ], [ [ [ -122.389474, 37.779608 ], [ -122.391495, 37.778011 ], [ -122.391706, 37.778181 ], [ -122.389687, 37.779777 ], [ -122.389474, 37.779608 ] ] ], [ [ [ -122.391905, 37.778023 ], [ -122.39132, 37.777556 ], [ -122.391349, 37.777533 ], [ -122.39172, 37.777829 ], [ -122.393708, 37.776289 ], [ -122.393318, 37.775978 ], [ -122.393346, 37.775956 ], [ -122.393931, 37.776423 ], [ -122.391905, 37.778023 ] ] ], [ [ [ -122.397585, 37.771951 ], [ -122.397446, 37.7717 ], [ -122.39736, 37.771768 ], [ -122.397218, 37.771654 ], [ -122.398199, 37.770879 ], [ -122.398781, 37.771343 ], [ -122.397742, 37.772163 ], [ -122.397585, 37.771951 ] ] ] ] } },
{ "type": "Feature", "properties": { "land_id": "404", "land_name": "POLK & BUSH PARKING GARAGE", "category": "Real Estate", "department_name": "GSA - Real Estate Division" }, "geometry": { "type": "Polygon", "coordinates": [ [ [ -122.419807, 37.788323 ], [ -122.420103, 37.788285 ], [ -122.420169, 37.788614 ], [ -122.419874, 37.788652 ], [ -122.419807, 37.788323 ] ] ] } },
{ "type": "Feature", "properties": { "land_id": "1293", "land_name": "New Fire Training Facility Site", "category": "Fire", "department_name": "Fire Department" }, "geometry": { "type": "MultiPolygon", "coordinates": [ [ [ [ -122.385548, 37.722292 ], [ -122.385497, 37.721598 ], [ -122.387014, 37.722459 ], [ -122.386618, 37.722899 ], [ -122.385548, 37.722292 ] ] ], [ [ [ -122.385487, 37.721323 ], [ -122.385893, 37.720871 ], [ -122.387581, 37.721829 ], [ -122.387175, 37.722281 ], [ -122.385487, 37.721323 ] ] ] ] } },
{ "type": "Feature", "properties": { "land_id": "583", "land_name": "Dr. George Washington Carver Elementary School", "category": "Unified School District", "department_name": "School District (SFUSD)" }, "geometry": { "type": "Polygon", "coordinates": [ [ [ -122.384713, 37.730938 ], [ -122.386162, 37.73176 ], [ -122.385802, 37.732163 ], [ -122.386019, 37.732287 ], [ -122.385922, 37.732389 ], [ -122.385573, 37.732346 ], [ -122.38445, 37.731225 ], [ -122.384713, 37.730938 ] ] ] } },
{ "type": "Feature", "properties": { "land_id": "1015", "land_name": "SFHA -- Potrero Terrace", "category": "SFHA", "department_name": "San Francisco Housing Authority" }, "geometry": { "type": "MultiPolygon", "coordinates": [ [ [ [ -122.396555, 37.751271 ], [ -122.398217, 37.751173 ], [ -122.398306, 37.752112 ], [ -122.396643, 37.752208 ], [ -122.396555, 37.751271 ] ] ], [ [ [ -122.397442, 37.753784 ], [ -122.396614, 37.752854 ], [ -122.396562, 37.752697 ], [ -122.396587, 37.752457 ], [ -122.396626, 37.752409 ], [ -122.396689, 37.752387 ], [ -122.397978, 37.752313 ], [ -122.39809, 37.753499 ], [ -122.398435, 37.753479 ], [ -122.398437, 37.753598 ], [ -122.398393, 37.753655 ], [ -122.398243, 37.753727 ], [ -122.398081, 37.753867 ], [ -122.39791, 37.753933 ], [ -122.397782, 37.753941 ], [ -122.397651, 37.753917 ], [ -122.397549, 37.753869 ], [ -122.397442, 37.753784 ] ] ], [ [ [ -122.396407, 37.754397 ], [ -122.39485, 37.752679 ], [ -122.394829, 37.752635 ], [ -122.39483, 37.752586 ], [ -122.394856, 37.752541 ], [ -122.394899, 37.752509 ], [ -122.394971, 37.75249 ], [ -122.396366, 37.752419 ], [ -122.396414, 37.752469 ], [ -122.396399, 37.752735 ], [ -122.396425, 37.752833 ], [ -122.396473, 37.752925 ], [ -122.397308, 37.753862 ], [ -122.397422, 37.753957 ], [ -122.397525, 37.754015 ], [ -122.39764, 37.754053 ], [ -122.397762, 37.754072 ], [ -122.397898, 37.754069 ], [ -122.398025, 37.754043 ], [ -122.398142, 37.753994 ], [ -122.398355, 37.75383 ], [ -122.398414, 37.753822 ], [ -122.398469, 37.753842 ], [ -122.398547, 37.754663 ], [ -122.39716, 37.754747 ], [ -122.39693, 37.754702 ], [ -122.396737, 37.754631 ], [ -122.39655, 37.754522 ], [ -122.396407, 37.754397 ] ] ] ] } },
{ "type": "Feature", "properties": { "land_id": "758", "land_name": "MIDTOWN PARK APARTMENTS", "category": "Other", "department_name": "Mayor" }, "geometry": { "type": "Polygon", "coordinates": [ [ [ -122.438918, 37.783208 ], [ -122.43865, 37.783289 ], [ -122.438273, 37.78346 ], [ -122.438054, 37.783532 ], [ -122.437936, 37.783556 ], [ -122.437772, 37.782748 ], [ -122.439182, 37.782568 ], [ -122.439302, 37.783159 ], [ -122.438918, 37.783208 ] ] ] } },
{ "type": "Feature", "properties": { "land_id": "31", "land_name": "SILVER TERRACE PLAYGROUND", "category": "Recreation & Park", "department_name": "Recreation and Parks" }, "geometry": { "type": "Polygon", "coordinates": [ [ [ -122.40156, 37.732661 ], [ -122.40239, 37.732202 ], [ -122.40248, 37.732421 ], [ -122.403418, 37.732173 ], [ -122.403558, 37.732167 ], [ -122.40385, 37.732446 ], [ -122.403851, 37.732421 ], [ -122.404428, 37.732987 ], [ -122.403276, 37.733704 ], [ -122.403083, 37.733509 ], [ -122.402916, 37.733613 ], [ -122.401861, 37.732545 ], [ -122.401604, 37.732705 ], [ -122.40156, 37.732661 ] ] ] } },
{ "type": "Feature", "properties": { "land_id": "478", "land_name": "DOWNTOWN CAMPUS", "category": "Other", "department_name": "City College" }, "geometry": { "type": "Polygon", "coordinates": [ [ [ -122.404659, 37.784324 ], [ -122.404977, 37.784576 ], [ -122.404773, 37.784737 ], [ -122.404456, 37.784484 ], [ -122.404659, 37.784324 ] ] ] } },
{ "type": "Feature", "properties": { "land_id": "560", "land_name": "SLUDGE TREATMENT PLANT", "category": "PUC/Wastewater", "department_name": "Public Utilities Commission" }, "geometry": { "type": "Polygon", "coordinates": [ [ [ -122.39417, 37.740408 ], [ -122.394267, 37.740469 ], [ -122.394221, 37.740726 ], [ -122.394132, 37.74066 ], [ -122.39417, 37.740408 ] ] ] } },
{ "type": "Feature", "properties": { "land_id": "803", "land_name": "PARK POLICE STATION", "category": "Police", "department_name": "Police Department" }, "geometry": { "type": "Polygon", "coordinates": [ [ [ -122.454866, 37.767557 ], [ -122.455009, 37.767492 ], [ -122.455336, 37.76755 ], [ -122.455636, 37.767887 ], [ -122.455659, 37.767942 ], [ -122.45516, 37.768052 ], [ -122.454871, 37.768081 ], [ -122.454866, 37.767557 ] ] ] } },
{ "type": "Feature", "properties": { "land_id": "931", "land_name": "CESAR CHAVEZ ST RIGHT-OF-WAY", "category": "Public Works", "department_name": "Public Works" }, "geometry": { "type": "MultiPolygon", "coordinates": [ [ [ [ -122.387116, 37.750179 ], [ -122.387391, 37.750066 ], [ -122.387401, 37.750161 ], [ -122.387116, 37.750179 ] ] ], [ [ [ -122.386705, 37.750426 ], [ -122.38692, 37.750412 ], [ -122.386834, 37.750508 ], [ -122.386738, 37.750756 ], [ -122.386705, 37.750426 ] ] ], [ [ [ -122.387734, 37.750025 ], [ -122.388349, 37.749986 ], [ -122.388362, 37.750119 ], [ -122.387785, 37.750154 ], [ -122.387746, 37.750126 ], [ -122.387734, 37.750025 ] ] ], [ [ [ -122.388628, 37.749989 ], [ -122.390282, 37.749882 ], [ -122.390293, 37.749995 ], [ -122.388639, 37.750101 ], [ -122.388628, 37.749989 ] ] ], [ [ [ -122.39349, 37.74969 ], [ -122.396346, 37.749526 ], [ -122.396581, 37.749492 ], [ -122.39681, 37.749439 ], [ -122.396995, 37.74938 ], [ -122.396905, 37.7492 ], [ -122.397193, 37.749182 ], [ -122.397207, 37.749211 ], [ -122.39734, 37.749191 ], [ -122.397902, 37.748878 ], [ -122.39795, 37.748776 ], [ -122.397968, 37.748666 ], [ -122.397955, 37.748556 ], [ -122.39791, 37.748452 ], [ -122.397885, 37.748414 ], [ -122.397845, 37.748415 ], [ -122.397838, 37.74835 ], [ -122.397594, 37.748363 ], [ -122.397587, 37.748293 ], [ -122.397714, 37.748073 ], [ -122.397538, 37.74781 ], [ -122.397478, 37.747208 ], [ -122.397905, 37.747183 ], [ -122.39802, 37.748286 ], [ -122.398784, 37.74824 ], [ -122.398793, 37.748184 ], [ -122.398998, 37.748145 ], [ -122.400024, 37.747534 ], [ -122.400031, 37.747547 ], [ -122.400339, 37.747434 ], [ -122.40221, 37.746359 ], [ -122.402256, 37.746362 ], [ -122.402336, 37.746295 ], [ -122.402335, 37.746264 ], [ -122.402518, 37.746377 ], [ -122.401569, 37.746897 ], [ -122.401597, 37.746939 ], [ -122.397672, 37.74923 ], [ -122.397695, 37.749557 ], [ -122.393501, 37.749802 ], [ -122.39349, 37.74969 ] ] ] ] } },
{ "type": "Feature", "properties": { "land_id": "963", "land_name": "Sanitary Sewer Pump Station", "category": "PUC/Water", "department_name": "Public Utilities Commission" }, "geometry": { "type": "Polygon", "coordinates": [ [ [ -122.389669, 37.77115 ], [ -122.389628, 37.770714 ], [ -122.390318, 37.770673 ], [ -122.390359, 37.771108 ], [ -122.389669, 37.77115 ] ] ] } },
{ "type": "Feature", "properties": { "land_id": "534", "land_name": "CENTRAL PUMP STATION/MERCED MANOR RESERVOIR", "category": "PUC/Water", "department_name": "Public Utilities Commission" }, "geometry": { "type": "Polygon", "coordinates": [ [ [ -122.479108, 37.732664 ], [ -122.479144, 37.73269 ], [ -122.479263, 37.734367 ], [ -122.47807, 37.734412 ], [ -122.477955, 37.732729 ], [ -122.477984, 37.732714 ], [ -122.479108, 37.732664 ] ] ] } },
{ "type": "Feature", "properties": { "land_id": "81", "land_name": "GRAND VIEW PARK", "category": "Recreation & Park", "department_name": "Recreation and Parks" }, "geometry": { "type": "Polygon", "coordinates": [ [ [ -122.471054, 37.75661 ], [ -122.471055, 37.756383 ], [ -122.471471, 37.756394 ], [ -122.471475, 37.756325 ], [ -122.47108, 37.756315 ], [ -122.471089, 37.756041 ], [ -122.471491, 37.756052 ], [ -122.471546, 37.755948 ], [ -122.471568, 37.755829 ], [ -122.471713, 37.7559 ], [ -122.471917, 37.755629 ], [ -122.472112, 37.755748 ], [ -122.472277, 37.755884 ], [ -122.472521, 37.756158 ], [ -122.472576, 37.756252 ], [ -122.472594, 37.756367 ], [ -122.472564, 37.756477 ], [ -122.472321, 37.756758 ], [ -122.47199, 37.756593 ], [ -122.471941, 37.75665 ], [ -122.472274, 37.756816 ], [ -122.472127, 37.757046 ], [ -122.472023, 37.757268 ], [ -122.47199, 37.75729 ], [ -122.471953, 37.757287 ], [ -122.471458, 37.757081 ], [ -122.471313, 37.756999 ], [ -122.471212, 37.756912 ], [ -122.471138, 37.75682 ], [ -122.471085, 37.75672 ], [ -122.471054, 37.75661 ] ] ] } },
{ "type": "Feature", "properties": { "land_id": "762", "land_name": "19th Ave/Ocean Ave Parking Lot", "category": "Real Estate", "department_name": "GSA - Real Estate Division" }, "geometry": { "type": "Polygon", "coordinates": [ [ [ -122.47443, 37.73191 ], [ -122.474742, 37.731895 ], [ -122.474758, 37.732126 ], [ -122.474729, 37.732174 ], [ -122.474646, 37.732189 ], [ -122.474479, 37.732116 ], [ -122.47443, 37.73191 ] ] ] } },
{ "type": "Feature", "properties": { "land_id": "672", "land_name": "ST MARY''S SQUARE GARAGE", "category": "Real Estate", "department_name": "GSA - Real Estate Division" }, "geometry": { "type": "Polygon", "coordinates": [ [ [ -122.404743, 37.791717 ], [ -122.405439, 37.791629 ], [ -122.405593, 37.792374 ], [ -122.404896, 37.792463 ], [ -122.404844, 37.792209 ], [ -122.404475, 37.792256 ], [ -122.404437, 37.792069 ], [ -122.40457, 37.792052 ], [ -122.404584, 37.79212 ], [ -122.404819, 37.79209 ], [ -122.404743, 37.791717 ] ] ] } },
{ "type": "Feature", "properties": { "land_id": "669", "land_name": "CENTRAL SHOPS", "category": "Other", "department_name": "GSA - Office of Contract Administration" }, "geometry": { "type": "Polygon", "coordinates": [ [ [ -122.393989, 37.741533 ], [ -122.393773, 37.743164 ], [ -122.392139, 37.742241 ], [ -122.393157, 37.741061 ], [ -122.393989, 37.741533 ] ] ] } },
{ "type": "Feature", "properties": { "land_id": "227", "land_name": "ALEMANY ST & SAN BRUNO (REMAINDER)", "category": "Public Works", "department_name": "Public Works" }, "geometry": { "type": "MultiPolygon", "coordinates": [ [ [ [ -122.407548, 37.737788 ], [ -122.40756, 37.737827 ], [ -122.407444, 37.737894 ], [ -122.407375, 37.73799 ], [ -122.407377, 37.73795 ], [ -122.407548, 37.737788 ] ] ], [ [ [ -122.408506, 37.737314 ], [ -122.408547, 37.737254 ], [ -122.408585, 37.73718 ], [ -122.408619, 37.737203 ], [ -122.408531, 37.737314 ], [ -122.408506, 37.737314 ] ] ] ] } },
{ "type": "Feature", "properties": { "land_id": "559", "land_name": "CANDLESTICK ACCESS", "category": "Public Works", "department_name": "Public Works" }, "geometry": { "type": "MultiPolygon", "coordinates": [ [ [ [ -122.395766, 37.708527 ], [ -122.395994, 37.708395 ], [ -122.396438, 37.708394 ], [ -122.396444, 37.708444 ], [ -122.396333, 37.708637 ], [ -122.395608, 37.708993 ], [ -122.39551, 37.708596 ], [ -122.395766, 37.708527 ] ] ], [ [ [ -122.395933, 37.707315 ], [ -122.395839, 37.70692 ], [ -122.396093, 37.706982 ], [ -122.396408, 37.708344 ], [ -122.395958, 37.708345 ], [ -122.396013, 37.708197 ], [ -122.39601, 37.708095 ], [ -122.395829, 37.707331 ], [ -122.395933, 37.707315 ] ] ], [ [ [ -122.39375, 37.706527 ], [ -122.393507, 37.706161 ], [ -122.393324, 37.706238 ], [ -122.392993, 37.705765 ], [ -122.393283, 37.705635 ], [ -122.392794, 37.704928 ], [ -122.392723, 37.70476 ], [ -122.392719, 37.704641 ], [ -122.39275, 37.704526 ], [ -122.393111, 37.703684 ], [ -122.39375, 37.706527 ] ] ] ] } },
{ "type": "Feature", "properties": { "land_id": "53", "land_name": "MISSION CENTER", "category": "Recreation & Park", "department_name": "Recreation and Parks" }, "geometry": { "type": "Polygon", "coordinates": [ [ [ -122.412988, 37.758098 ], [ -122.413411, 37.758073 ], [ -122.41343, 37.758278 ], [ -122.412588, 37.758329 ], [ -122.412548, 37.757918 ], [ -122.412968, 37.757893 ], [ -122.412988, 37.758098 ] ] ] } },
{ "type": "Feature", "properties": { "land_id": "262", "land_name": "OPEN SPACE (BROTHERHOOD WAY)", "category": "Public Works", "department_name": "Public Works" }, "geometry": { "type": "MultiPolygon", "coordinates": [ [ [ [ -122.464492, 37.712411 ], [ -122.464484, 37.712414 ], [ -122.464484, 37.712409 ], [ -122.464492, 37.712411 ] ] ], [ [ [ -122.466785, 37.711295 ], [ -122.46686, 37.711384 ], [ -122.466844, 37.71141 ], [ -122.466786, 37.71143 ], [ -122.466785, 37.711295 ] ] ], [ [ [ -122.463583, 37.712529 ], [ -122.463582, 37.712474 ], [ -122.463775, 37.712472 ], [ -122.463844, 37.712527 ], [ -122.463583, 37.712529 ] ] ], [ [ [ -122.46427, 37.711772 ], [ -122.464271, 37.711919 ], [ -122.464154, 37.711826 ], [ -122.464141, 37.7118 ], [ -122.464179, 37.711759 ], [ -122.46427, 37.711772 ] ] ], [ [ [ -122.468084, 37.71284 ], [ -122.468082, 37.712637 ], [ -122.468272, 37.712839 ], [ -122.468084, 37.71284 ] ] ], [ [ [ -122.470523, 37.712096 ], [ -122.470869, 37.712093 ], [ -122.47087, 37.712156 ], [ -122.470766, 37.712179 ], [ -122.470526, 37.712311 ], [ -122.470523, 37.712096 ] ] ], [ [ [ -122.463931, 37.712595 ], [ -122.464279, 37.712592 ], [ -122.464282, 37.712869 ], [ -122.464108, 37.712733 ], [ -122.463931, 37.712595 ] ] ], [ [ [ -122.470534, 37.713471 ], [ -122.470529, 37.71317 ], [ -122.470877, 37.713433 ], [ -122.470878, 37.713468 ], [ -122.470534, 37.713471 ] ] ], [ [ [ -122.467168, 37.711665 ], [ -122.467705, 37.712236 ], [ -122.467174, 37.712249 ], [ -122.467168, 37.711665 ] ] ], [ [ [ -122.463583, 37.711931 ], [ -122.463925, 37.712159 ], [ -122.464276, 37.712332 ], [ -122.464277, 37.712415 ], [ -122.463707, 37.712419 ], [ -122.463588, 37.712326 ], [ -122.463583, 37.711931 ] ] ], [ [ [ -122.465384, 37.712592 ], [ -122.465633, 37.712602 ], [ -122.466075, 37.712592 ], [ -122.466078, 37.712855 ], [ -122.465387, 37.71286 ], [ -122.465384, 37.712592 ] ] ], [ [ [ -122.466286, 37.712854 ], [ -122.466283, 37.712587 ], [ -122.466971, 37.71257 ], [ -122.466974, 37.712849 ], [ -122.466286, 37.712854 ] ] ], [ [ [ -122.467181, 37.712847 ], [ -122.467178, 37.712565 ], [ -122.467873, 37.712548 ], [ -122.467877, 37.712842 ], [ -122.467181, 37.712847 ] ] ], [ [ [ -122.464489, 37.712868 ], [ -122.464486, 37.712578 ], [ -122.465176, 37.712573 ], [ -122.465179, 37.712862 ], [ -122.464489, 37.712868 ] ] ], [ [ [ -122.468645, 37.71261 ], [ -122.469223, 37.712722 ], [ -122.469226, 37.712961 ], [ -122.46885, 37.712967 ], [ -122.468848, 37.71283 ], [ -122.468525, 37.712832 ], [ -122.468271, 37.712562 ], [ -122.468645, 37.71261 ] ] ], [ [ [ -122.464841, 37.711863 ], [ -122.465168, 37.711892 ], [ -122.465172, 37.71225 ], [ -122.464785, 37.712166 ], [ -122.46448, 37.712046 ], [ -122.464478, 37.711809 ], [ -122.464841, 37.711863 ] ] ], [ [ [ -122.46274, 37.711505 ], [ -122.463102, 37.71163 ], [ -122.463374, 37.711787 ], [ -122.463379, 37.712171 ], [ -122.462846, 37.711778 ], [ -122.46268, 37.711779 ], [ -122.462678, 37.711543 ], [ -122.46269, 37.711518 ], [ -122.46274, 37.711505 ] ] ], [ [ [ -122.470254, 37.71257 ], [ -122.470056, 37.712559 ], [ -122.469392, 37.71243 ], [ -122.46939, 37.712256 ], [ -122.470355, 37.712248 ], [ -122.470357, 37.712403 ], [ -122.470277, 37.712476 ], [ -122.470254, 37.71257 ] ] ], [ [ [ -122.468531, 37.712271 ], [ -122.468527, 37.711933 ], [ -122.468873, 37.712007 ], [ -122.468873, 37.711974 ], [ -122.469215, 37.711972 ], [ -122.469219, 37.712396 ], [ -122.468531, 37.712271 ] ] ], [ [ [ -122.465376, 37.711899 ], [ -122.465732, 37.711892 ], [ -122.466062, 37.711864 ], [ -122.466064, 37.712277 ], [ -122.465641, 37.712286 ], [ -122.46538, 37.712275 ], [ -122.465376, 37.711899 ] ] ], [ [ [ -122.467403, 37.711574 ], [ -122.468292, 37.711868 ], [ -122.468331, 37.711864 ], [ -122.468353, 37.711838 ], [ -122.468358, 37.712252 ], [ -122.467961, 37.712232 ], [ -122.46732, 37.711551 ], [ -122.467358, 37.711536 ], [ -122.467403, 37.711574 ] ] ], [ [ [ -122.466271, 37.712272 ], [ -122.466269, 37.711834 ], [ -122.466624, 37.711764 ], [ -122.46696, 37.711671 ], [ -122.466967, 37.712254 ], [ -122.466271, 37.712272 ] ] ], [ [ [ -122.470363, 37.713394 ], [ -122.470059, 37.713396 ], [ -122.470056, 37.713236 ], [ -122.469782, 37.713238 ], [ -122.469781, 37.713101 ], [ -122.4694, 37.713103 ], [ -122.469396, 37.712756 ], [ -122.470039, 37.712881 ], [ -122.470238, 37.712964 ], [ -122.470356, 37.713047 ], [ -122.470363, 37.713394 ] ] ] ] } },
{ "type": "Feature", "properties": { "land_id": "267", "land_name": "SAN JOSE AVE (REMAINDER AT 3051 SAN JOSE)", "category": "Public Works", "department_name": "Public Works" }, "geometry": { "type": "Polygon", "coordinates": [ [ [ -122.457004, 37.709916 ], [ -122.45717, 37.70976 ], [ -122.457182, 37.709768 ], [ -122.457024, 37.709916 ], [ -122.457004, 37.709916 ] ] ] } },
{ "type": "Feature", "properties": { "land_id": "270", "land_name": "STAIRWAY & PEDESTRIAN SUB-WAY", "category": "Public Works", "department_name": "Public Works" }, "geometry": { "type": "Polygon", "coordinates": [ [ [ -122.475012, 37.719397 ], [ -122.475055, 37.719372 ], [ -122.475134, 37.719479 ], [ -122.4751, 37.719499 ], [ -122.475012, 37.719397 ] ] ] } },
{ "type": "Feature", "properties": { "land_id": "123", "land_name": "WEST OF AQUATIC PARK MARINE LOTS", "category": "Recreation & Park", "department_name": "Recreation and Parks" }, "geometry": { "type": "MultiPolygon", "coordinates": [ [ [ [ -122.42683, 37.808595 ], [ -122.426701, 37.807951 ], [ -122.426794, 37.808038 ], [ -122.426789, 37.808094 ], [ -122.426829, 37.80813 ], [ -122.426892, 37.808157 ], [ -122.427308, 37.808535 ], [ -122.42683, 37.808595 ] ] ], [ [ [ -122.427406, 37.808523 ], [ -122.426991, 37.808146 ], [ -122.426992, 37.808116 ], [ -122.42822, 37.808404 ], [ -122.429204, 37.808048 ], [ -122.429252, 37.808292 ], [ -122.427406, 37.808523 ] ] ] ] } },
{ "type": "Feature", "properties": { "land_id": "664", "land_name": "ROLPH-NICOLE PLAYGROUND", "category": "Recreation & Park", "department_name": "Recreation and Parks" }, "geometry": { "type": "Polygon", "coordinates": [ [ [ -122.480406, 37.730105 ], [ -122.481054, 37.729968 ], [ -122.481288, 37.730246 ], [ -122.481341, 37.731078 ], [ -122.479517, 37.731062 ], [ -122.479516, 37.730567 ], [ -122.479633, 37.730565 ], [ -122.479992, 37.730472 ], [ -122.480406, 37.730105 ] ] ] } },
{ "type": "Feature", "properties": { "land_id": "449", "land_name": "Independence High School", "category": "Unified School District", "department_name": "School District (SFUSD)" }, "geometry": { "type": "Polygon", "coordinates": [ [ [ -122.464001, 37.763418 ], [ -122.463172, 37.763449 ], [ -122.463144, 37.763037 ], [ -122.463972, 37.763 ], [ -122.464001, 37.763418 ] ] ] } },
{ "type": "Feature", "properties": { "land_id": "647", "land_name": "SUPERIOR COURT FACILITIES", "category": "Real Estate", "department_name": "GSA - Real Estate Division" }, "geometry": { "type": "Polygon", "coordinates": [ [ [ -122.454125, 37.746763 ], [ -122.453996, 37.746716 ], [ -122.453796, 37.746732 ], [ -122.453676, 37.746706 ], [ -122.45353, 37.746615 ], [ -122.453393, 37.746452 ], [ -122.453255, 37.746336 ], [ -122.45303, 37.74632 ], [ -122.453045, 37.745759 ], [ -122.453557, 37.74576 ], [ -122.453836, 37.745803 ], [ -122.454094, 37.745899 ], [ -122.454476, 37.74612 ], [ -122.454125, 37.746763 ] ] ] } },
{ "type": "Feature", "properties": { "land_id": "576", "land_name": "Visitacion Valley Elementary School", "category": "Unified School District", "department_name": "School District (SFUSD)" }, "geometry": { "type": "Polygon", "coordinates": [ [ [ -122.409275, 37.712984 ], [ -122.409695, 37.712038 ], [ -122.410496, 37.712259 ], [ -122.410191, 37.712942 ], [ -122.409586, 37.712777 ], [ -122.40947, 37.713037 ], [ -122.409275, 37.712984 ] ] ] } },
{ "type": "Feature", "properties": { "land_id": "580", "land_name": "McLaren, John Early Education School", "category": "Unified School District", "department_name": "School District (SFUSD)" }, "geometry": { "type": "Polygon", "coordinates": [ [ [ -122.422088, 37.713522 ], [ -122.422642, 37.712266 ], [ -122.424266, 37.712736 ], [ -122.423754, 37.713992 ], [ -122.422088, 37.713522 ] ] ] } },
{ "type": "Feature", "properties": { "land_id": "1270", "land_name": "Burke Ave ROW Parcel SE", "category": "Public Works", "department_name": "Public Works" }, "geometry": { "type": "Polygon", "coordinates": [ [ [ -122.385044, 37.743749 ], [ -122.384882, 37.743927 ], [ -122.384839, 37.743933 ], [ -122.384756, 37.743925 ], [ -122.38468, 37.74389 ], [ -122.384629, 37.743838 ], [ -122.384606, 37.743771 ], [ -122.384617, 37.743705 ], [ -122.384659, 37.743646 ], [ -122.384725, 37.743605 ], [ -122.384809, 37.743586 ], [ -122.384894, 37.743594 ], [ -122.38497, 37.743629 ], [ -122.385021, 37.743682 ], [ -122.385044, 37.743749 ] ] ] } },
{ "type": "Feature", "properties": { "land_id": "544", "land_name": "O'SHAUGNESSY HOLLOW (OPEN SPACE)", "category": "Recreation & Park", "department_name": "Recreation and Parks" }, "geometry": { "type": "Polygon", "coordinates": [ [ [ -122.443991, 37.739618 ], [ -122.445274, 37.739899 ], [ -122.446008, 37.740405 ], [ -122.445939, 37.740514 ], [ -122.445958, 37.740521 ], [ -122.4458, 37.740768 ], [ -122.445078, 37.740665 ], [ -122.444941, 37.740629 ], [ -122.444804, 37.740573 ], [ -122.444432, 37.739963 ], [ -122.443991, 37.739618 ] ] ] } },
{ "type": "Feature", "properties": { "land_id": "374", "land_name": "HOMELESS CENTER - POLK ST", "category": "Other", "department_name": "Homelessness and Supportive Housing" }, "geometry": { "type": "Polygon", "coordinates": [ [ [ -122.420223, 37.786261 ], [ -122.419941, 37.786297 ], [ -122.419875, 37.785971 ], [ -122.420157, 37.785936 ], [ -122.420223, 37.786261 ] ] ] } },
{ "type": "Feature", "properties": { "land_id": "369", "land_name": "FIRE STATION #35/FIRE BOAT HEADQUARTERS", "category": "Fire", "department_name": "Fire Department" }, "geometry": { "type": "Polygon", "coordinates": [ [ [ -122.388219, 37.789996 ], [ -122.388403, 37.789941 ], [ -122.388612, 37.790313 ], [ -122.388049, 37.790508 ], [ -122.388012, 37.790431 ], [ -122.388369, 37.790308 ], [ -122.388287, 37.790161 ], [ -122.388321, 37.790151 ], [ -122.388244, 37.790007 ], [ -122.388219, 37.789996 ] ] ] } },
{ "type": "Feature", "properties": { "land_id": "372", "land_name": "TENDERLOIN RECREATION CENTER", "category": "Recreation & Park", "department_name": "Recreation and Parks" }, "geometry": { "type": "Polygon", "coordinates": [ [ [ -122.415113, 37.785049 ], [ -122.415036, 37.784677 ], [ -122.415692, 37.784593 ], [ -122.415768, 37.784966 ], [ -122.415113, 37.785049 ] ] ] } },
{ "type": "Feature", "properties": { "land_id": "666", "land_name": "JUNIPERO SERRA OVERPASS", "category": "Public Works", "department_name": "Public Works" }, "geometry": { "type": "Polygon", "coordinates": [ [ [ -122.47198, 37.708716 ], [ -122.471891, 37.708788 ], [ -122.471846, 37.708936 ], [ -122.471926, 37.708945 ], [ -122.471838, 37.709178 ], [ -122.471484, 37.709854 ], [ -122.471466, 37.708207 ], [ -122.471997, 37.708206 ], [ -122.472006, 37.708474 ], [ -122.47198, 37.708716 ] ] ] } },
{ "type": "Feature", "properties": { "land_id": "1225", "land_name": "Ground Lease - 1101 Connecticut", "category": "Other", "department_name": "Mayor" }, "geometry": { "type": "Polygon", "coordinates": [ [ [ -122.395639, 37.751857 ], [ -122.396329, 37.751817 ], [ -122.396367, 37.752228 ], [ -122.395677, 37.752268 ], [ -122.395639, 37.751857 ] ] ] } },
{ "type": "Feature", "properties": { "land_id": "1268", "land_name": "Sidweal Parcels off Cargo Way", "category": "Public Works", "department_name": "Public Works" }, "geometry": { "type": "Polygon", "coordinates": [ [ [ -122.377095, 37.74006 ], [ -122.377085, 37.740129 ], [ -122.37713, 37.740187 ], [ -122.382035, 37.742981 ], [ -122.377122, 37.740193 ], [ -122.377075, 37.740131 ], [ -122.377095, 37.74006 ] ] ] } },
{ "type": "Feature", "properties": { "land_id": "189", "land_name": "M. L. KING CHILDCARE CTR", "category": "Other", "department_name": "Human Services Agency" }, "geometry": { "type": "Polygon", "coordinates": [ [ [ -122.386244, 37.737207 ], [ -122.386033, 37.737253 ], [ -122.385807, 37.737222 ], [ -122.385858, 37.73682 ], [ -122.386075, 37.736861 ], [ -122.386154, 37.736836 ], [ -122.386256, 37.736833 ], [ -122.386305, 37.736959 ], [ -122.386252, 37.736972 ], [ -122.386283, 37.737047 ], [ -122.386242, 37.737058 ], [ -122.38627, 37.737127 ], [ -122.386215, 37.737142 ], [ -122.386244, 37.737207 ] ] ] } },
{ "type": "Feature", "properties": { "land_id": "414", "land_name": "Creative Arts Charter School", "category": "Unified School District", "department_name": "School District (SFUSD)" }, "geometry": { "type": "Polygon", "coordinates": [ [ [ -122.435607, 37.779194 ], [ -122.436312, 37.779104 ], [ -122.436463, 37.77985 ], [ -122.435523, 37.779969 ], [ -122.435458, 37.779647 ], [ -122.435693, 37.779618 ], [ -122.435607, 37.779194 ] ] ] } },
{ "type": "Feature", "properties": { "land_id": "416", "land_name": "Civic Center Secondary School", "category": "Unified School District", "department_name": "School District (SFUSD)" }, "geometry": { "type": "Polygon", "coordinates": [ [ [ -122.422875, 37.77986 ], [ -122.423068, 37.779836 ], [ -122.423153, 37.780256 ], [ -122.423332, 37.780233 ], [ -122.423398, 37.780558 ], [ -122.422655, 37.780653 ], [ -122.422557, 37.780169 ], [ -122.422875, 37.77986 ] ] ] } },
{ "type": "Feature", "properties": { "land_id": "417", "land_name": "CENTRAL ADMINISTRATIVE OFFICES", "category": "Unified School District", "department_name": "School District (SFUSD)" }, "geometry": { "type": "Polygon", "coordinates": [ [ [ -122.421047, 37.776267 ], [ -122.421197, 37.777015 ], [ -122.419883, 37.777183 ], [ -122.419733, 37.776435 ], [ -122.421047, 37.776267 ] ] ] } },
{ "type": "Feature", "properties": { "land_id": "676", "land_name": "PORT LANDS", "category": "Port", "department_name": "Port" }, "geometry": { "type": "Polygon", "coordinates": [ [ [ -122.420862, 37.807575 ], [ -122.421545, 37.807487 ], [ -122.421622, 37.807876 ], [ -122.421917, 37.808174 ], [ -122.421942, 37.808168 ], [ -122.421965, 37.808294 ], [ -122.421026, 37.808414 ], [ -122.420862, 37.807575 ] ] ] } },
{ "type": "Feature", "properties": { "land_id": "885", "land_name": "Carmichael, Bessie K-5 Campus/Early Education", "category": "Unified School District", "department_name": "School District (SFUSD)" }, "geometry": { "type": "Polygon", "coordinates": [ [ [ -122.405867, 37.776403 ], [ -122.406542, 37.775873 ], [ -122.406969, 37.776214 ], [ -122.406723, 37.776407 ], [ -122.406901, 37.77655 ], [ -122.406476, 37.776892 ], [ -122.405867, 37.776403 ] ] ] } },
{ "type": "Feature", "properties": { "land_id": "244", "land_name": "TRAFFIC ISLAND AT CARROLL", "category": "Public Works", "department_name": "Public Works" }, "geometry": { "type": "Polygon", "coordinates": [ [ [ -122.402868, 37.730228 ], [ -122.403157, 37.729902 ], [ -122.403494, 37.73056 ], [ -122.403468, 37.730567 ], [ -122.402868, 37.730228 ] ] ] } },
{ "type": "Feature", "properties": { "land_id": "245", "land_name": "TRAFFIC ISLAND AT PERALTA", "category": "Public Works", "department_name": "Public Works" }, "geometry": { "type": "Polygon", "coordinates": [ [ [ -122.408878, 37.746201 ], [ -122.408892, 37.746357 ], [ -122.408736, 37.746262 ], [ -122.408878, 37.746201 ] ] ] } },
{ "type": "Feature", "properties": { "land_id": "843", "land_name": "JUSTINE ST PARCEL", "category": "Other", "department_name": "Mayor" }, "geometry": { "type": "Polygon", "coordinates": [ [ [ -122.423445, 37.731863 ], [ -122.42348, 37.73213 ], [ -122.423445, 37.732135 ], [ -122.42341, 37.731866 ], [ -122.423445, 37.731863 ] ] ] } },
{ "type": "Feature", "properties": { "land_id": "745", "land_name": "CHURCH ST MUNI RIGHT-OF-WAY", "category": "MTA", "department_name": "Municipal Transportation Agency" }, "geometry": { "type": "MultiPolygon", "coordinates": [ [ [ [ -122.426788, 37.756649 ], [ -122.426957, 37.756638 ], [ -122.426987, 37.756951 ], [ -122.426948, 37.756953 ], [ -122.426978, 37.757264 ], [ -122.426848, 37.757272 ], [ -122.426788, 37.756649 ] ] ], [ [ [ -122.427514, 37.757723 ], [ -122.426901, 37.757759 ], [ -122.426871, 37.757446 ], [ -122.427131, 37.757431 ], [ -122.427149, 37.757625 ], [ -122.427193, 37.757639 ], [ -122.427517, 37.757653 ], [ -122.427693, 37.757711 ], [ -122.427867, 37.7577 ], [ -122.427897, 37.75801 ], [ -122.42771, 37.758021 ], [ -122.427689, 37.757796 ], [ -122.427605, 37.757749 ], [ -122.427514, 37.757723 ] ] ], [ [ [ -122.426882, 37.756467 ], [ -122.426848, 37.756111 ], [ -122.427178, 37.756091 ], [ -122.427256, 37.755968 ], [ -122.427266, 37.755905 ], [ -122.427201, 37.755159 ], [ -122.427291, 37.755154 ], [ -122.427277, 37.755011 ], [ -122.427607, 37.754991 ], [ -122.427621, 37.755133 ], [ -122.427518, 37.755139 ], [ -122.427383, 37.755291 ], [ -122.42733, 37.755399 ], [ -122.427319, 37.75549 ], [ -122.427352, 37.755903 ], [ -122.427318, 37.756039 ], [ -122.427253, 37.756127 ], [ -122.427108, 37.756238 ], [ -122.427121, 37.756255 ], [ -122.427094, 37.756256 ], [ -122.427034, 37.756314 ], [ -122.42695, 37.756463 ], [ -122.426882, 37.756467 ] ] ] ] } },
{ "type": "Feature", "properties": { "land_id": "665", "land_name": "CHRISTMAS TREE POINT LANDS", "category": "Real Estate", "department_name": "GSA - Real Estate Division" }, "geometry": { "type": "MultiPolygon", "coordinates": [ [ [ [ -122.447034, 37.754328 ], [ -122.447084, 37.754338 ], [ -122.447195, 37.754546 ], [ -122.447166, 37.754585 ], [ -122.44707, 37.754562 ], [ -122.446982, 37.754579 ], [ -122.446928, 37.754617 ], [ -122.446853, 37.754721 ], [ -122.446746, 37.754771 ], [ -122.446592, 37.754748 ], [ -122.446467, 37.754664 ], [ -122.446436, 37.754606 ], [ -122.446438, 37.754544 ], [ -122.446405, 37.754517 ], [ -122.446471, 37.754442 ], [ -122.446557, 37.754381 ], [ -122.446703, 37.754328 ], [ -122.446736, 37.754355 ], [ -122.446717, 37.754436 ], [ -122.446842, 37.754515 ], [ -122.44694, 37.754489 ], [ -122.44704, 37.754409 ], [ -122.447014, 37.754344 ], [ -122.447034, 37.754328 ] ] ], [ [ [ -122.446435, 37.754849 ], [ -122.446497, 37.754938 ], [ -122.446605, 37.754989 ], [ -122.446711, 37.754992 ], [ -122.446804, 37.754961 ], [ -122.446959, 37.755004 ], [ -122.447151, 37.755079 ], [ -122.447294, 37.755108 ], [ -122.447396, 37.755107 ], [ -122.447475, 37.75507 ], [ -122.447523, 37.754987 ], [ -122.447458, 37.754919 ], [ -122.447434, 37.754821 ], [ -122.44724, 37.754505 ], [ -122.447133, 37.754247 ], [ -122.447141, 37.754202 ], [ -122.447176, 37.754168 ], [ -122.447221, 37.754157 ], [ -122.447266, 37.75417 ], [ -122.447327, 37.754246 ], [ -122.447564, 37.754681 ], [ -122.447701, 37.754976 ], [ -122.447907, 37.755584 ], [ -122.447898, 37.755657 ], [ -122.447838, 37.755741 ], [ -122.447727, 37.755811 ], [ -122.447603, 37.755805 ], [ -122.446996, 37.755369 ], [ -122.446836, 37.755309 ], [ -122.44665, 37.755288 ], [ -122.446475, 37.755311 ], [ -122.44612, 37.755423 ], [ -122.446035, 37.755439 ], [ -122.445802, 37.75545 ], [ -122.445486, 37.755534 ], [ -122.445327, 37.755587 ], [ -122.44526, 37.755623 ], [ -122.445199, 37.755687 ], [ -122.445168, 37.755763 ], [ -122.445059, 37.75439 ], [ -122.445095, 37.754382 ], [ -122.445164, 37.75427 ], [ -122.445261, 37.754158 ], [ -122.445645, 37.753814 ], [ -122.447028, 37.753983 ], [ -122.447041, 37.754051 ], [ -122.446997, 37.75411 ], [ -122.446712, 37.754255 ], [ -122.446376, 37.754339 ], [ -122.446277, 37.754477 ], [ -122.446212, 37.754512 ], [ -122.446206, 37.754564 ], [ -122.446265, 37.754608 ], [ -122.446304, 37.754739 ], [ -122.446359, 37.754801 ], [ -122.446435, 37.754849 ] ] ] ] } },
{ "type": "Feature", "properties": { "land_id": "155", "land_name": "OUTER IRVING OFF-ST PARKING", "category": "Real Estate", "department_name": "GSA - Real Estate Division" }, "geometry": { "type": "Polygon", "coordinates": [ [ [ -122.478336, 37.763827 ], [ -122.478686, 37.763812 ], [ -122.478691, 37.76388 ], [ -122.47876, 37.763877 ], [ -122.478769, 37.764015 ], [ -122.478351, 37.764034 ], [ -122.478336, 37.763827 ] ] ] } },
{ "type": "Feature", "properties": { "land_id": "159", "land_name": "HALLIDIE PLAZA", "category": "Public Works", "department_name": "Public Works" }, "geometry": { "type": "MultiPolygon", "coordinates": [ [ [ [ -122.408117, 37.784191 ], [ -122.408352, 37.784375 ], [ -122.407795, 37.784445 ], [ -122.408117, 37.784191 ] ] ], [ [ [ -122.408598, 37.783811 ], [ -122.408702, 37.784331 ], [ -122.40832, 37.784031 ], [ -122.408598, 37.783811 ] ] ] ] } },
{ "type": "Feature", "properties": { "land_id": "156", "land_name": "18th - Geary Parking Lot", "category": "Real Estate", "department_name": "GSA - Real Estate Division" }, "geometry": { "type": "Polygon", "coordinates": [ [ [ -122.477318, 37.779845 ], [ -122.478141, 37.779808 ], [ -122.478151, 37.779945 ], [ -122.477328, 37.779982 ], [ -122.477318, 37.779845 ] ] ] } },
{ "type": "Feature", "properties": { "land_id": "153", "land_name": "EUREKA VALLEY #2 OFF-ST PRKG", "category": "Real Estate", "department_name": "GSA - Real Estate Division" }, "geometry": { "type": "Polygon", "coordinates": [ [ [ -122.435592, 37.760944 ], [ -122.435612, 37.761149 ], [ -122.436039, 37.761123 ], [ -122.436049, 37.761224 ], [ -122.435621, 37.76125 ], [ -122.435619, 37.761229 ], [ -122.435492, 37.761236 ], [ -122.435464, 37.760952 ], [ -122.435592, 37.760944 ] ] ] } },
{ "type": "Feature", "properties": { "land_id": "623", "land_name": "ROWING CLUB", "category": "Recreation & Park", "department_name": "Recreation and Parks" }, "geometry": { "type": "Polygon", "coordinates": [ [ [ -122.420862, 37.807575 ], [ -122.421545, 37.807487 ], [ -122.421622, 37.807876 ], [ -122.421923, 37.808175 ], [ -122.421002, 37.808289 ], [ -122.420862, 37.807575 ] ] ] } },
{ "type": "Feature", "properties": { "land_id": "382", "land_name": "SUTRO RESERVOIR WATER FACILITIES", "category": "PUC/Water", "department_name": "Public Utilities Commission" }, "geometry": { "type": "Polygon", "coordinates": [ [ [ -122.453114, 37.751979 ], [ -122.453164, 37.751805 ], [ -122.453148, 37.751642 ], [ -122.453229, 37.751658 ], [ -122.453359, 37.751268 ], [ -122.453717, 37.751276 ], [ -122.455207, 37.751437 ], [ -122.455765, 37.751447 ], [ -122.456111, 37.751472 ], [ -122.456147, 37.751485 ], [ -122.456166, 37.751512 ], [ -122.456157, 37.75155 ], [ -122.456042, 37.751653 ], [ -122.455961, 37.751755 ], [ -122.455871, 37.751953 ], [ -122.455845, 37.752118 ], [ -122.455867, 37.752595 ], [ -122.455852, 37.752809 ], [ -122.455841, 37.752873 ], [ -122.455767, 37.752875 ], [ -122.45572, 37.75292 ], [ -122.455726, 37.753114 ], [ -122.455759, 37.753146 ], [ -122.45565, 37.753364 ], [ -122.452749, 37.752729 ], [ -122.453114, 37.751979 ] ] ] } },
{ "type": "Feature", "properties": { "land_id": "443", "land_name": "SFUSD -- Academics and Professional Development", "category": "Unified School District", "department_name": "School District (SFUSD)" }, "geometry": { "type": "Polygon", "coordinates": [ [ [ -122.483421, 37.775111 ], [ -122.484252, 37.775073 ], [ -122.484315, 37.775949 ], [ -122.483901, 37.775968 ], [ -122.483895, 37.775891 ], [ -122.483479, 37.77591 ], [ -122.483421, 37.775111 ] ] ] } },
{ "type": "Feature", "properties": { "land_id": "444", "land_name": "Argonne Elementary School", "category": "Unified School District", "department_name": "School District (SFUSD)" }, "geometry": { "type": "Polygon", "coordinates": [ [ [ -122.476768, 37.775605 ], [ -122.476349, 37.775624 ], [ -122.476359, 37.775761 ], [ -122.475947, 37.77578 ], [ -122.475886, 37.774932 ], [ -122.476717, 37.774894 ], [ -122.476768, 37.775605 ] ] ] } },
{ "type": "Feature", "properties": { "land_id": "942", "land_name": "Former Waller St - Declaration of Restrictions, recorded in 13-J706715", "category": "Other", "department_name": "Non-City" }, "geometry": { "type": "Polygon", "coordinates": [ [ [ -122.425422, 37.771694 ], [ -122.426833, 37.771514 ], [ -122.426871, 37.771701 ], [ -122.42546, 37.77188 ], [ -122.425422, 37.771694 ] ] ] } },
{ "type": "Feature", "properties": { "land_id": "441", "land_name": "MOSCONE PLAYGROUND", "category": "Recreation & Park", "department_name": "Recreation and Parks" }, "geometry": { "type": "Polygon", "coordinates": [ [ [ -122.434826, 37.802727 ], [ -122.431796, 37.803104 ], [ -122.431756, 37.803063 ], [ -122.431447, 37.801522 ], [ -122.4345, 37.801133 ], [ -122.434826, 37.802727 ] ], [ [ -122.434191, 37.801342 ], [ -122.434174, 37.801258 ], [ -122.433893, 37.801292 ], [ -122.43391, 37.801378 ], [ -122.434017, 37.801361 ], [ -122.434057, 37.801566 ], [ -122.434236, 37.801541 ], [ -122.434218, 37.801442 ], [ -122.43436, 37.801426 ], [ -122.434343, 37.80132 ], [ -122.434191, 37.801342 ] ] ] } },
{ "type": "Feature", "properties": { "land_id": "445", "land_name": "McCoppin, Frank Elementary/Early Education", "category": "Unified School District", "department_name": "School District (SFUSD)" }, "geometry": { "type": "Polygon", "coordinates": [ [ [ -122.464049, 37.77609 ], [ -122.464876, 37.776052 ], [ -122.464911, 37.776533 ], [ -122.464084, 37.776571 ], [ -122.464049, 37.77609 ] ] ] } },
{ "type": "Feature", "properties": { "land_id": "489", "land_name": "SAN FRANCISCO ZOO", "category": "Recreation & Park", "department_name": "Recreation and Parks" }, "geometry": { "type": "Polygon", "coordinates": [ [ [ -122.502965, 37.730467 ], [ -122.502946, 37.730258 ], [ -122.502751, 37.730087 ], [ -122.502554, 37.729877 ], [ -122.502386, 37.729652 ], [ -122.502269, 37.729454 ], [ -122.502175, 37.72925 ], [ -122.502103, 37.729039 ], [ -122.502054, 37.728824 ], [ -122.50203, 37.728607 ], [ -122.502032, 37.728345 ], [ -122.502071, 37.72807 ], [ -122.502726, 37.726479 ], [ -122.507213, 37.726494 ], [ -122.507452, 37.730324 ], [ -122.507097, 37.730346 ], [ -122.507417, 37.732117 ], [ -122.507448, 37.732568 ], [ -122.507401, 37.733017 ], [ -122.507149, 37.734027 ], [ -122.507034, 37.734701 ], [ -122.507036, 37.734944 ], [ -122.507078, 37.735214 ], [ -122.507028, 37.735223 ], [ -122.507075, 37.735576 ], [ -122.506639, 37.735582 ], [ -122.506605, 37.735476 ], [ -122.506528, 37.735386 ], [ -122.506416, 37.735321 ], [ -122.506284, 37.735291 ], [ -122.502636, 37.735289 ], [ -122.502068, 37.73524 ], [ -122.501472, 37.735128 ], [ -122.501011, 37.734997 ], [ -122.500631, 37.734855 ], [ -122.500127, 37.734611 ], [ -122.499372, 37.734203 ], [ -122.499063, 37.734072 ], [ -122.498561, 37.733896 ], [ -122.498715, 37.733557 ], [ -122.498598, 37.73353 ], [ -122.498427, 37.733518 ], [ -122.495701, 37.73364 ], [ -122.496165, 37.73355 ], [ -122.496601, 37.733398 ], [ -122.49687, 37.733259 ], [ -122.497285, 37.732956 ], [ -122.497641, 37.732614 ], [ -122.497844, 37.732332 ], [ -122.497926, 37.732166 ], [ -122.497985, 37.731995 ], [ -122.498021, 37.73182 ], [ -122.498032, 37.731643 ], [ -122.498222, 37.731726 ], [ -122.498423, 37.731758 ], [ -122.498624, 37.731742 ], [ -122.498943, 37.731745 ], [ -122.499232, 37.731697 ], [ -122.499356, 37.73166 ], [ -122.502436, 37.730441 ], [ -122.502571, 37.73042 ], [ -122.502708, 37.730418 ], [ -122.502965, 37.730467 ] ], [ [ -122.502943, 37.729226 ], [ -122.503025, 37.728408 ], [ -122.504059, 37.728655 ], [ -122.504625, 37.727239 ], [ -122.50277, 37.726957 ], [ -122.502346, 37.728118 ], [ -122.502288, 37.728428 ], [ -122.502285, 37.72874 ], [ -122.502319, 37.728974 ], [ -122.502379, 37.72919 ], [ -122.502943, 37.729226 ] ] ] } },
{ "type": "Feature", "properties": { "land_id": "456", "land_name": "20'' STRIP ALONG E LINE", "category": "PUC/Water", "department_name": "Public Utilities Commission" }, "geometry": { "type": "MultiPolygon", "coordinates": [ [ [ [ -122.470831, 37.708611 ], [ -122.4709, 37.708611 ], [ -122.470907, 37.709279 ], [ -122.470838, 37.709279 ], [ -122.470831, 37.708611 ] ] ], [ [ [ -122.471626, 37.729014 ], [ -122.471675, 37.729004 ], [ -122.47172, 37.72902 ], [ -122.471684, 37.729682 ], [ -122.471641, 37.729692 ], [ -122.47159, 37.72968 ], [ -122.471626, 37.729014 ] ] ], [ [ [ -122.471553, 37.730184 ], [ -122.471569, 37.729886 ], [ -122.471622, 37.729881 ], [ -122.471672, 37.729903 ], [ -122.471622, 37.730825 ], [ -122.471554, 37.730796 ], [ -122.471588, 37.730185 ], [ -122.471553, 37.730184 ] ] ], [ [ [ -122.47087, 37.712156 ], [ -122.470848, 37.71016 ], [ -122.470917, 37.710158 ], [ -122.470931, 37.711437 ], [ -122.470973, 37.712171 ], [ -122.47087, 37.712156 ] ] ], [ [ [ -122.471629, 37.7288 ], [ -122.47166, 37.728221 ], [ -122.471695, 37.728223 ], [ -122.471746, 37.727288 ], [ -122.471711, 37.727287 ], [ -122.471729, 37.726963 ], [ -122.471785, 37.726948 ], [ -122.471833, 37.726964 ], [ -122.471732, 37.728801 ], [ -122.471681, 37.728815 ], [ -122.471629, 37.7288 ] ] ], [ [ [ -122.471911, 37.723624 ], [ -122.472011, 37.721797 ], [ -122.472064, 37.721786 ], [ -122.472114, 37.721801 ], [ -122.472015, 37.723625 ], [ -122.471963, 37.723647 ], [ -122.471911, 37.723624 ] ] ], [ [ [ -122.47212, 37.716463 ], [ -122.471269, 37.714189 ], [ -122.471031, 37.713551 ], [ -122.471161, 37.713689 ], [ -122.471241, 37.713835 ], [ -122.471349, 37.714211 ], [ -122.472167, 37.716397 ], [ -122.47216, 37.716437 ], [ -122.47212, 37.716463 ] ] ], [ [ [ -122.471899, 37.723851 ], [ -122.471951, 37.723839 ], [ -122.472002, 37.723853 ], [ -122.471849, 37.726657 ], [ -122.471795, 37.726673 ], [ -122.471745, 37.726657 ], [ -122.471899, 37.723851 ] ] ], [ [ [ -122.472076, 37.721231 ], [ -122.47214, 37.720063 ], [ -122.472303, 37.717067 ], [ -122.472351, 37.717135 ], [ -122.472365, 37.71721 ], [ -122.472129, 37.721528 ], [ -122.47208, 37.721542 ], [ -122.472026, 37.721519 ], [ -122.472041, 37.721231 ], [ -122.472076, 37.721231 ] ] ], [ [ [ -122.471705, 37.731296 ], [ -122.471818, 37.731297 ], [ -122.471654, 37.734246 ], [ -122.471542, 37.734246 ], [ -122.471705, 37.731296 ] ] ] ] } },
{ "type": "Feature", "properties": { "land_id": "454", "land_name": "Lawton Alternative School", "category": "Unified School District", "department_name": "School District (SFUSD)" }, "geometry": { "type": "Polygon", "coordinates": [ [ [ -122.489551, 37.758549 ], [ -122.488718, 37.758586 ], [ -122.488646, 37.757552 ], [ -122.489478, 37.757515 ], [ -122.489551, 37.758549 ] ] ] } },
{ "type": "Feature", "properties": { "land_id": "455", "land_name": "Key, Francis Scott Elementary/Early Education", "category": "Unified School District", "department_name": "School District (SFUSD)" }, "geometry": { "type": "Polygon", "coordinates": [ [ [ -122.50238, 37.757563 ], [ -122.502453, 37.758595 ], [ -122.501619, 37.758632 ], [ -122.501546, 37.7576 ], [ -122.50238, 37.757563 ] ] ] } },
{ "type": "Feature", "properties": { "land_id": "847", "land_name": "I-480 BROADWAY PARCEL", "category": "Public Works", "department_name": "Public Works" }, "geometry": { "type": "Polygon", "coordinates": [ [ [ -122.39934, 37.799076 ], [ -122.399383, 37.799289 ], [ -122.39891, 37.799348 ], [ -122.398868, 37.799134 ], [ -122.39934, 37.799076 ] ] ] } },
{ "type": "Feature", "properties": { "land_id": "981", "land_name": "SFHA -- Alemany", "category": "SFHA", "department_name": "San Francisco Housing Authority" }, "geometry": { "type": "MultiPolygon", "coordinates": [ [ [ [ -122.415099, 37.733622 ], [ -122.415192, 37.733429 ], [ -122.415334, 37.733315 ], [ -122.415354, 37.73334 ], [ -122.415466, 37.733292 ], [ -122.415619, 37.733261 ], [ -122.415621, 37.733232 ], [ -122.416259, 37.733111 ], [ -122.416604, 37.732969 ], [ -122.416792, 37.732922 ], [ -122.416964, 37.73291 ], [ -122.416966, 37.732922 ], [ -122.417341, 37.732912 ], [ -122.417699, 37.732922 ], [ -122.418537, 37.732973 ], [ -122.418564, 37.732991 ], [ -122.418565, 37.733034 ], [ -122.418745, 37.73301 ], [ -122.418849, 37.732971 ], [ -122.418941, 37.732915 ], [ -122.419017, 37.732846 ], [ -122.419076, 37.732758 ], [ -122.41911, 37.732659 ], [ -122.419112, 37.73257 ], [ -122.419065, 37.732569 ], [ -122.419045, 37.732549 ], [ -122.419049, 37.732388 ], [ -122.419063, 37.732363 ], [ -122.419098, 37.73235 ], [ -122.419349, 37.732354 ], [ -122.419564, 37.732314 ], [ -122.419529, 37.732619 ], [ -122.419417, 37.732766 ], [ -122.419335, 37.732924 ], [ -122.419254, 37.733283 ], [ -122.418575, 37.733247 ], [ -122.418582, 37.733179 ], [ -122.417962, 37.733147 ], [ -122.417967, 37.733092 ], [ -122.415628, 37.733238 ], [ -122.415595, 37.733578 ], [ -122.415354, 37.733566 ], [ -122.415347, 37.733634 ], [ -122.415099, 37.733622 ] ] ], [ [ [ -122.414477, 37.733728 ], [ -122.414515, 37.733331 ], [ -122.414757, 37.733318 ], [ -122.414782, 37.733101 ], [ -122.415096, 37.73293 ], [ -122.415033, 37.732821 ], [ -122.415426, 37.732686 ], [ -122.415785, 37.732581 ], [ -122.416274, 37.732464 ], [ -122.416647, 37.732394 ], [ -122.417114, 37.73233 ], [ -122.417635, 37.7323 ], [ -122.418204, 37.732307 ], [ -122.418321, 37.732336 ], [ -122.418844, 37.732346 ], [ -122.418874, 37.732363 ], [ -122.418858, 37.732673 ], [ -122.418788, 37.732765 ], [ -122.418677, 37.732825 ], [ -122.418555, 37.732842 ], [ -122.418501, 37.732792 ], [ -122.417836, 37.73275 ], [ -122.417357, 37.732734 ], [ -122.416966, 37.732743 ], [ -122.416969, 37.732778 ], [ -122.416741, 37.732796 ], [ -122.416536, 37.732848 ], [ -122.416334, 37.732943 ], [ -122.416346, 37.732961 ], [ -122.416223, 37.733005 ], [ -122.415465, 37.733148 ], [ -122.415278, 37.733215 ], [ -122.415173, 37.73328 ], [ -122.415086, 37.73336 ], [ -122.41501, 37.733469 ], [ -122.414965, 37.733599 ], [ -122.414925, 37.733608 ], [ -122.41492, 37.733723 ], [ -122.414957, 37.733725 ], [ -122.414954, 37.733752 ], [ -122.414477, 37.733728 ] ] ] ] } },
{ "type": "Feature", "properties": { "land_id": "976", "land_name": "SFHA -- Westbrook Apartments", "category": "SFHA", "department_name": "San Francisco Housing Authority" }, "geometry": { "type": "MultiPolygon", "coordinates": [ [ [ [ -122.377242, 37.73109 ], [ -122.377584, 37.731102 ], [ -122.377714, 37.731136 ], [ -122.377831, 37.731192 ], [ -122.377997, 37.731316 ], [ -122.378146, 37.731403 ], [ -122.378309, 37.731471 ], [ -122.378656, 37.731584 ], [ -122.378826, 37.73168 ], [ -122.37834, 37.732223 ], [ -122.378225, 37.732074 ], [ -122.37809, 37.731935 ], [ -122.377645, 37.731572 ], [ -122.377435, 37.7313 ], [ -122.377229, 37.731111 ], [ -122.377242, 37.73109 ] ] ], [ [ [ -122.378785, 37.731421 ], [ -122.378552, 37.731337 ], [ -122.378454, 37.731368 ], [ -122.378294, 37.731312 ], [ -122.378128, 37.731224 ], [ -122.377883, 37.731053 ], [ -122.377763, 37.731003 ], [ -122.377628, 37.730969 ], [ -122.377581, 37.730909 ], [ -122.377225, 37.730897 ], [ -122.377165, 37.730949 ], [ -122.376528, 37.730937 ], [ -122.37623, 37.730912 ], [ -122.375965, 37.730863 ], [ -122.375738, 37.730782 ], [ -122.3746, 37.730252 ], [ -122.374449, 37.7302 ], [ -122.374616, 37.730169 ], [ -122.374771, 37.730095 ], [ -122.374868, 37.730014 ], [ -122.375004, 37.72984 ], [ -122.375564, 37.730129 ], [ -122.375775, 37.730193 ], [ -122.376061, 37.730248 ], [ -122.376285, 37.730265 ], [ -122.37651, 37.730256 ], [ -122.376731, 37.730223 ], [ -122.377024, 37.730152 ], [ -122.377267, 37.73013 ], [ -122.377533, 37.730149 ], [ -122.377835, 37.730218 ], [ -122.378168, 37.730333 ], [ -122.378506, 37.730509 ], [ -122.378643, 37.730602 ], [ -122.379227, 37.731091 ], [ -122.379244, 37.731083 ], [ -122.378953, 37.731582 ], [ -122.3788, 37.731492 ], [ -122.378785, 37.731421 ] ] ], [ [ [ -122.37579, 37.731457 ], [ -122.375579, 37.731338 ], [ -122.375528, 37.731393 ], [ -122.375317, 37.731274 ], [ -122.375116, 37.731497 ], [ -122.374025, 37.730878 ], [ -122.374291, 37.73058 ], [ -122.374111, 37.730479 ], [ -122.373845, 37.730775 ], [ -122.372164, 37.729821 ], [ -122.372552, 37.729397 ], [ -122.374332, 37.730402 ], [ -122.374384, 37.730326 ], [ -122.374449, 37.730339 ], [ -122.374472, 37.73039 ], [ -122.375058, 37.730656 ], [ -122.37512, 37.730647 ], [ -122.375657, 37.730904 ], [ -122.375913, 37.730993 ], [ -122.37629, 37.731058 ], [ -122.376518, 37.731074 ], [ -122.376815, 37.731074 ], [ -122.376957, 37.731108 ], [ -122.377068, 37.731177 ], [ -122.377333, 37.731446 ], [ -122.3774, 37.731538 ], [ -122.377331, 37.731587 ], [ -122.377452, 37.731728 ], [ -122.377898, 37.732091 ], [ -122.378008, 37.73209 ], [ -122.378221, 37.732356 ], [ -122.377901, 37.73274 ], [ -122.375739, 37.731513 ], [ -122.37579, 37.731457 ] ] ] ] } },
{ "type": "Feature", "properties": { "land_id": "990", "land_name": "SFHA -- 350 Ellis St", "category": "SFHA", "department_name": "San Francisco Housing Authority" }, "geometry": { "type": "Polygon", "coordinates": [ [ [ -122.411958, 37.785068 ], [ -122.412215, 37.785035 ], [ -122.412291, 37.785408 ], [ -122.412034, 37.785441 ], [ -122.411958, 37.785068 ] ] ] } },
{ "type": "Feature", "properties": { "land_id": "1005", "land_name": "SFHA -- 491 31st Ave", "category": "SFHA", "department_name": "San Francisco Housing Authority" }, "geometry": { "type": "Polygon", "coordinates": [ [ [ -122.491712, 37.77994 ], [ -122.491737, 37.780282 ], [ -122.491317, 37.780301 ], [ -122.491292, 37.779959 ], [ -122.491712, 37.77994 ] ] ] } },
{ "type": "Feature", "properties": { "land_id": "1006", "land_name": "SFHA -- 4101 Noriega", "category": "SFHA", "department_name": "San Francisco Housing Authority" }, "geometry": { "type": "Polygon", "coordinates": [ [ [ -122.507864, 37.752745 ], [ -122.507657, 37.752755 ], [ -122.507638, 37.75248 ], [ -122.507844, 37.752471 ], [ -122.507864, 37.752745 ] ] ] } },
{ "type": "Feature", "properties": { "land_id": "1007", "land_name": "SFHA -- Great Highway", "category": "SFHA", "department_name": "San Francisco Housing Authority" }, "geometry": { "type": "Polygon", "coordinates": [ [ [ -122.507154, 37.744112 ], [ -122.507309, 37.745287 ], [ -122.507139, 37.745295 ], [ -122.507057, 37.744116 ], [ -122.507154, 37.744112 ] ] ] } },
{ "type": "Feature", "properties": { "land_id": "1012", "land_name": "SFHA -- 363 Noe St", "category": "SFHA", "department_name": "San Francisco Housing Authority" }, "geometry": { "type": "Polygon", "coordinates": [ [ [ -122.43223, 37.763208 ], [ -122.432854, 37.763171 ], [ -122.432867, 37.763299 ], [ -122.432242, 37.763332 ], [ -122.43223, 37.763208 ] ] ] } },
{ "type": "Feature", "properties": { "land_id": "1014", "land_name": "SFHA -- Potrero Annex", "category": "SFHA", "department_name": "San Francisco Housing Authority" }, "geometry": { "type": "MultiPolygon", "coordinates": [ [ [ [ -122.395792, 37.756615 ], [ -122.395769, 37.756411 ], [ -122.395707, 37.756413 ], [ -122.395706, 37.756364 ], [ -122.39573, 37.756185 ], [ -122.395823, 37.75594 ], [ -122.395851, 37.755794 ], [ -122.3958, 37.75515 ], [ -122.395837, 37.755054 ], [ -122.395921, 37.754981 ], [ -122.395923, 37.755003 ], [ -122.395942, 37.755002 ], [ -122.396166, 37.757377 ], [ -122.395991, 37.757387 ], [ -122.395887, 37.757216 ], [ -122.395814, 37.757034 ], [ -122.395777, 37.75687 ], [ -122.395757, 37.756671 ], [ -122.395792, 37.756615 ] ] ], [ [ [ -122.3955, 37.757417 ], [ -122.394505, 37.756287 ], [ -122.394478, 37.756289 ], [ -122.394363, 37.755139 ], [ -122.394984, 37.755103 ], [ -122.394937, 37.754624 ], [ -122.395903, 37.754561 ], [ -122.395932, 37.754859 ], [ -122.395776, 37.754933 ], [ -122.395685, 37.755038 ], [ -122.39564, 37.755059 ], [ -122.395632, 37.755085 ], [ -122.395623, 37.75517 ], [ -122.395642, 37.755348 ], [ -122.395685, 37.755392 ], [ -122.3957, 37.755499 ], [ -122.395665, 37.755537 ], [ -122.395607, 37.755535 ], [ -122.395527, 37.755471 ], [ -122.395395, 37.755342 ], [ -122.395353, 37.755268 ], [ -122.395347, 37.755244 ], [ -122.39541, 37.75521 ], [ -122.39544, 37.754896 ], [ -122.395428, 37.754779 ], [ -122.395375, 37.754738 ], [ -122.395302, 37.75473 ], [ -122.395237, 37.754759 ], [ -122.395208, 37.754813 ], [ -122.395217, 37.754859 ], [ -122.395254, 37.754895 ], [ -122.395257, 37.75498 ], [ -122.395214, 37.754999 ], [ -122.395187, 37.75523 ], [ -122.395239, 37.755347 ], [ -122.395288, 37.755413 ], [ -122.395469, 37.755578 ], [ -122.395693, 37.755715 ], [ -122.395707, 37.755847 ], [ -122.395644, 37.755861 ], [ -122.395522, 37.756245 ], [ -122.395577, 37.756265 ], [ -122.395571, 37.756428 ], [ -122.395523, 37.756459 ], [ -122.395537, 37.756578 ], [ -122.395576, 37.756608 ], [ -122.395612, 37.756607 ], [ -122.395635, 37.75682 ], [ -122.39555, 37.756825 ], [ -122.395517, 37.756798 ], [ -122.395513, 37.756761 ], [ -122.395107, 37.756448 ], [ -122.395019, 37.756136 ], [ -122.39506, 37.756039 ], [ -122.395035, 37.755973 ], [ -122.39498, 37.755943 ], [ -122.394913, 37.755941 ], [ -122.394856, 37.755968 ], [ -122.394826, 37.756017 ], [ -122.394912, 37.756404 ], [ -122.394964, 37.756516 ], [ -122.39509, 37.756594 ], [ -122.395657, 37.757089 ], [ -122.395839, 37.757397 ], [ -122.3955, 37.757417 ] ] ] ] } },
{ "type": "Feature", "properties": { "land_id": "974", "land_name": "SFHA -- Hunters View", "category": "SFHA", "department_name": "San Francisco Housing Authority" }, "geometry": { "type": "MultiPolygon", "coordinates": [ [ [ [ -122.379515, 37.736704 ], [ -122.379519, 37.736347 ], [ -122.380021, 37.736351 ], [ -122.380017, 37.736708 ], [ -122.379515, 37.736704 ] ] ], [ [ [ -122.380207, 37.736709 ], [ -122.380211, 37.736352 ], [ -122.380774, 37.736356 ], [ -122.380881, 37.736714 ], [ -122.380207, 37.736709 ] ] ], [ [ [ -122.379513, 37.736913 ], [ -122.379514, 37.736855 ], [ -122.380927, 37.736866 ], [ -122.380963, 37.73704 ], [ -122.380799, 37.737273 ], [ -122.380766, 37.737381 ], [ -122.380759, 37.737492 ], [ -122.38078, 37.737599 ], [ -122.380828, 37.737703 ], [ -122.380902, 37.737798 ], [ -122.380998, 37.737879 ], [ -122.380954, 37.737917 ], [ -122.380516, 37.737668 ], [ -122.380335, 37.737509 ], [ -122.380265, 37.737406 ], [ -122.380278, 37.737392 ], [ -122.380247, 37.737343 ], [ -122.379513, 37.736913 ] ] ], [ [ [ -122.379302, 37.736793 ], [ -122.377702, 37.735885 ], [ -122.377842, 37.734855 ], [ -122.378559, 37.73406 ], [ -122.379167, 37.734404 ], [ -122.378675, 37.734404 ], [ -122.37862, 37.73438 ], [ -122.378556, 37.734379 ], [ -122.378502, 37.7344 ], [ -122.378465, 37.734438 ], [ -122.378453, 37.734485 ], [ -122.378468, 37.734531 ], [ -122.378515, 37.73457 ], [ -122.37858, 37.734586 ], [ -122.378678, 37.734556 ], [ -122.379292, 37.734555 ], [ -122.379286, 37.735139 ], [ -122.379269, 37.735151 ], [ -122.37878, 37.735153 ], [ -122.378458, 37.735213 ], [ -122.378373, 37.735265 ], [ -122.378361, 37.73535 ], [ -122.378412, 37.73541 ], [ -122.378499, 37.735431 ], [ -122.378568, 37.735416 ], [ -122.378636, 37.735366 ], [ -122.378806, 37.735334 ], [ -122.379314, 37.735337 ], [ -122.379309, 37.736148 ], [ -122.379287, 37.736159 ], [ -122.378588, 37.735973 ], [ -122.378548, 37.735922 ], [ -122.378479, 37.735896 ], [ -122.378417, 37.7359 ], [ -122.378363, 37.735928 ], [ -122.378331, 37.735972 ], [ -122.378329, 37.736024 ], [ -122.378357, 37.73607 ], [ -122.378411, 37.7361 ], [ -122.3785, 37.736102 ], [ -122.379302, 37.736324 ], [ -122.379302, 37.736793 ] ] ], [ [ [ -122.381509, 37.738001 ], [ -122.381261, 37.73786 ], [ -122.381074, 37.737718 ], [ -122.380988, 37.737603 ], [ -122.380955, 37.737476 ], [ -122.380983, 37.737324 ], [ -122.381127, 37.737132 ], [ -122.38116, 37.737017 ], [ -122.380967, 37.736335 ], [ -122.381451, 37.736244 ], [ -122.381408, 37.736097 ], [ -122.380923, 37.736188 ], [ -122.38091, 37.736143 ], [ -122.380721, 37.736179 ], [ -122.380729, 37.736205 ], [ -122.380213, 37.736201 ], [ -122.380213, 37.736167 ], [ -122.380023, 37.736166 ], [ -122.380023, 37.7362 ], [ -122.379521, 37.736196 ], [ -122.379543, 37.734292 ], [ -122.381363, 37.735317 ], [ -122.381335, 37.735344 ], [ -122.381246, 37.735599 ], [ -122.38186, 37.735955 ], [ -122.381484, 37.736349 ], [ -122.381709, 37.736482 ], [ -122.381626, 37.736614 ], [ -122.381646, 37.736807 ], [ -122.381986, 37.737002 ], [ -122.381883, 37.737019 ], [ -122.381788, 37.73706 ], [ -122.381713, 37.737119 ], [ -122.381662, 37.737192 ], [ -122.381639, 37.737316 ], [ -122.381708, 37.737579 ], [ -122.381706, 37.737713 ], [ -122.381641, 37.737867 ], [ -122.381543, 37.737982 ], [ -122.381532, 37.737975 ], [ -122.381509, 37.738001 ] ] ] ] } },
{ "type": "Feature", "properties": { "land_id": "154", "land_name": "INNER IRVING OFF-ST PARKING", "category": "Real Estate", "department_name": "GSA - Real Estate Division" }, "geometry": { "type": "Polygon", "coordinates": [ [ [ -122.46533, 37.76356 ], [ -122.466154, 37.763524 ], [ -122.466163, 37.763661 ], [ -122.465339, 37.763697 ], [ -122.46533, 37.76356 ] ] ] } },
{ "type": "Feature", "properties": { "land_id": "166", "land_name": "GEARY OFF-STREET PARKING", "category": "Real Estate", "department_name": "GSA - Real Estate Division" }, "geometry": { "type": "Polygon", "coordinates": [ [ [ -122.481171, 37.780428 ], [ -122.481191, 37.780702 ], [ -122.481019, 37.78071 ], [ -122.481018, 37.780696 ], [ -122.480931, 37.7807 ], [ -122.480912, 37.780439 ], [ -122.481171, 37.780428 ] ] ] } },
{ "type": "Feature", "properties": { "land_id": "167", "land_name": "HALL OF JUSTICE BUILDING", "category": "Real Estate", "department_name": "GSA - Real Estate Division" }, "geometry": { "type": "Polygon", "coordinates": [ [ [ -122.405494, 37.775036 ], [ -122.40519, 37.775396 ], [ -122.404848, 37.775732 ], [ -122.404485, 37.776028 ], [ -122.40405, 37.776318 ], [ -122.403228, 37.775644 ], [ -122.404461, 37.774672 ], [ -122.404672, 37.774559 ], [ -122.40481, 37.774516 ], [ -122.404847, 37.774521 ], [ -122.405494, 37.775036 ] ] ] } },
{ "type": "Feature", "properties": { "land_id": "135", "land_name": "MICHELANGELO PLAYGROUND", "category": "Recreation & Park", "department_name": "Recreation and Parks" }, "geometry": { "type": "Polygon", "coordinates": [ [ [ -122.416625, 37.800938 ], [ -122.417097, 37.80088 ], [ -122.417173, 37.801252 ], [ -122.416702, 37.801313 ], [ -122.416625, 37.800938 ] ] ] } },
{ "type": "Feature", "properties": { "land_id": "775", "land_name": "MIDTOWN TERRACE PLAYGROUND", "category": "Recreation & Park", "department_name": "Recreation and Parks" }, "geometry": { "type": "Polygon", "coordinates": [ [ [ -122.453114, 37.751979 ], [ -122.453164, 37.751805 ], [ -122.453148, 37.751642 ], [ -122.453229, 37.751658 ], [ -122.453359, 37.751268 ], [ -122.453717, 37.751276 ], [ -122.455207, 37.751437 ], [ -122.455765, 37.751447 ], [ -122.456111, 37.751472 ], [ -122.456147, 37.751485 ], [ -122.456166, 37.751512 ], [ -122.456157, 37.75155 ], [ -122.456042, 37.751653 ], [ -122.455961, 37.751755 ], [ -122.455871, 37.751953 ], [ -122.455845, 37.752118 ], [ -122.455867, 37.752595 ], [ -122.455852, 37.752809 ], [ -122.455841, 37.752873 ], [ -122.455767, 37.752875 ], [ -122.45572, 37.75292 ], [ -122.455726, 37.753114 ], [ -122.455759, 37.753146 ], [ -122.45565, 37.753364 ], [ -122.452749, 37.752729 ], [ -122.453114, 37.751979 ] ] ] } },
{ "type": "Feature", "properties": { "land_id": "190", "land_name": "SHOREY CHILDRENS CENTER", "category": "Other", "department_name": "Human Services Agency" }, "geometry": { "type": "Polygon", "coordinates": [ [ [ -122.379764, 37.729074 ], [ -122.380011, 37.728811 ], [ -122.380398, 37.72903 ], [ -122.380208, 37.729246 ], [ -122.380092, 37.72926 ], [ -122.379764, 37.729074 ] ] ] } },
{ "type": "Feature", "properties": { "land_id": "196", "land_name": "EXCELSIOR LIBRARY", "category": "Public Library", "department_name": "Public Library" }, "geometry": { "type": "Polygon", "coordinates": [ [ [ -122.433256, 37.726942 ], [ -122.433553, 37.727084 ], [ -122.433375, 37.727319 ], [ -122.433078, 37.727177 ], [ -122.433256, 37.726942 ] ] ] } },
{ "type": "Feature", "properties": { "land_id": "204", "land_name": "RICHMOND BRANCH LIBRARY", "category": "Public Library", "department_name": "Public Library" }, "geometry": { "type": "Polygon", "coordinates": [ [ [ -122.467668, 37.781658 ], [ -122.468501, 37.78162 ], [ -122.468531, 37.78203 ], [ -122.467697, 37.782068 ], [ -122.467668, 37.781658 ] ] ] } },
{ "type": "Feature", "properties": { "land_id": "1229", "land_name": "Crags Court Garden", "category": "Recreation & Park", "department_name": "Recreation and Parks" }, "geometry": { "type": "Polygon", "coordinates": [ [ [ -122.440559, 37.741124 ], [ -122.440651, 37.741172 ], [ -122.440957, 37.741497 ], [ -122.440844, 37.741719 ], [ -122.440572, 37.741619 ], [ -122.440615, 37.741585 ], [ -122.440635, 37.741539 ], [ -122.440627, 37.741489 ], [ -122.440592, 37.741449 ], [ -122.440535, 37.741426 ], [ -122.440434, 37.74142 ], [ -122.440329, 37.74136 ], [ -122.440559, 37.741124 ] ] ] } },
{ "type": "Feature", "properties": { "land_id": "103", "land_name": "DUBOCE PARK", "category": "Recreation & Park", "department_name": "Recreation and Parks" }, "geometry": { "type": "Polygon", "coordinates": [ [ [ -122.434824, 37.769829 ], [ -122.433311, 37.769801 ], [ -122.431825, 37.769974 ], [ -122.431713, 37.769415 ], [ -122.434794, 37.769208 ], [ -122.435052, 37.770468 ], [ -122.43484, 37.770495 ], [ -122.434824, 37.769829 ] ] ] } },
{ "type": "Feature", "properties": { "land_id": "975", "land_name": "SFHA -- Hunters Point East", "category": "SFHA", "department_name": "San Francisco Housing Authority" }, "geometry": { "type": "MultiPolygon", "coordinates": [ [ [ [ -122.372734, 37.72923 ], [ -122.373148, 37.728775 ], [ -122.374741, 37.729681 ], [ -122.374806, 37.729766 ], [ -122.374795, 37.729864 ], [ -122.374704, 37.729977 ], [ -122.374565, 37.730052 ], [ -122.374379, 37.730083 ], [ -122.37421, 37.730063 ], [ -122.372734, 37.72923 ] ] ], [ [ [ -122.373311, 37.728597 ], [ -122.373726, 37.728142 ], [ -122.375492, 37.729145 ], [ -122.37508, 37.729603 ], [ -122.373311, 37.728597 ] ] ] ] } },
{ "type": "Feature", "properties": { "land_id": "206", "land_name": "PRESIDIO BRANCH LIBRARY", "category": "Public Library", "department_name": "Public Library" }, "geometry": { "type": "Polygon", "coordinates": [ [ [ -122.444688, 37.789289 ], [ -122.444547, 37.788593 ], [ -122.445017, 37.788533 ], [ -122.445158, 37.789229 ], [ -122.444688, 37.789289 ] ] ] } },
{ "type": "Feature", "properties": { "land_id": "846", "land_name": "SAN JOSE AVE (REMAINDER AT CUVIER ST)", "category": "Other", "department_name": "Mayor" }, "geometry": { "type": "MultiPolygon", "coordinates": [ [ [ [ -122.429412, 37.734306 ], [ -122.429153, 37.734449 ], [ -122.429135, 37.734332 ], [ -122.429412, 37.734306 ] ] ], [ [ [ -122.429109, 37.734473 ], [ -122.428831, 37.734625 ], [ -122.428812, 37.7345 ], [ -122.429109, 37.734473 ] ] ] ] } },
{ "type": "Feature", "properties": { "land_id": "849", "land_name": "SOUTHERN FWY (REMAINDER) AT ELMIRA", "category": "Other", "department_name": "Mayor" }, "geometry": { "type": "Polygon", "coordinates": [ [ [ -122.403975, 37.736043 ], [ -122.403847, 37.736161 ], [ -122.403829, 37.735966 ], [ -122.403967, 37.735958 ], [ -122.403975, 37.736043 ] ] ] } },
{ "type": "Feature", "properties": { "land_id": "97", "land_name": "LAUREL HILL PLAYGROUND", "category": "Recreation & Park", "department_name": "Recreation and Parks" }, "geometry": { "type": "Polygon", "coordinates": [ [ [ -122.45049, 37.783672 ], [ -122.450927, 37.783616 ], [ -122.450938, 37.783666 ], [ -122.45156, 37.783661 ], [ -122.451636, 37.784041 ], [ -122.451226, 37.784105 ], [ -122.450235, 37.784335 ], [ -122.45022, 37.784315 ], [ -122.450257, 37.784216 ], [ -122.450412, 37.784027 ], [ -122.450478, 37.783919 ], [ -122.450502, 37.783809 ], [ -122.45049, 37.783672 ] ] ] } },
{ "type": "Feature", "properties": { "land_id": "491", "land_name": "City College - Mission (Leased to City by SFUSD)", "category": "Unified School District", "department_name": "School District (SFUSD)" }, "geometry": { "type": "Polygon", "coordinates": [ [ [ -122.420246, 37.755259 ], [ -122.419954, 37.755276 ], [ -122.419881, 37.754508 ], [ -122.42031, 37.754482 ], [ -122.42032, 37.754585 ], [ -122.420751, 37.754559 ], [ -122.420801, 37.755074 ], [ -122.420232, 37.755108 ], [ -122.420246, 37.755259 ] ] ] } },
{ "type": "Feature", "properties": { "land_id": "509", "land_name": "Hilltop Special Services Center", "category": "Unified School District", "department_name": "School District (SFUSD)" }, "geometry": { "type": "Polygon", "coordinates": [ [ [ -122.409027, 37.750186 ], [ -122.409715, 37.750145 ], [ -122.409766, 37.750679 ], [ -122.409078, 37.75072 ], [ -122.409027, 37.750186 ] ] ] } },
{ "type": "Feature", "properties": { "land_id": "755", "land_name": "Public Safety Building", "category": "Real Estate", "department_name": "GSA - Real Estate Division" }, "geometry": { "type": "Polygon", "coordinates": [ [ [ -122.389225, 37.772108 ], [ -122.389251, 37.772402 ], [ -122.389441, 37.772391 ], [ -122.389485, 37.77285 ], [ -122.388657, 37.7729 ], [ -122.388585, 37.772147 ], [ -122.389225, 37.772108 ] ] ] } },
{ "type": "Feature", "properties": { "land_id": "788", "land_name": "VACATED COHEN PLACE", "category": "Public Works", "department_name": "Public Works" }, "geometry": { "type": "Polygon", "coordinates": [ [ [ -122.414803, 37.784515 ], [ -122.414717, 37.784526 ], [ -122.414643, 37.784153 ], [ -122.414728, 37.784142 ], [ -122.414803, 37.784515 ] ] ] } },
{ "type": "Feature", "properties": { "land_id": "59", "land_name": "OPEN SPACE (NOE & BEAVER)", "category": "Recreation & Park", "department_name": "Recreation and Parks" }, "geometry": { "type": "Polygon", "coordinates": [ [ [ -122.433586, 37.764953 ], [ -122.433313, 37.76497 ], [ -122.433305, 37.764881 ], [ -122.433578, 37.764864 ], [ -122.433586, 37.764953 ] ] ] } },
{ "type": "Feature", "properties": { "land_id": "747", "land_name": "HAWK HILL (OPEN SPACE)", "category": "Recreation & Park", "department_name": "Recreation and Parks" }, "geometry": { "type": "MultiPolygon", "coordinates": [ [ [ [ -122.468196, 37.746734 ], [ -122.467092, 37.74679 ], [ -122.467073, 37.746555 ], [ -122.468176, 37.746484 ], [ -122.468196, 37.746734 ] ] ], [ [ [ -122.468174, 37.746347 ], [ -122.467403, 37.746392 ], [ -122.467382, 37.746116 ], [ -122.46761, 37.746179 ], [ -122.467956, 37.746162 ], [ -122.467955, 37.74614 ], [ -122.468033, 37.746084 ], [ -122.468897, 37.746143 ], [ -122.469618, 37.746111 ], [ -122.469657, 37.746675 ], [ -122.470149, 37.746654 ], [ -122.470168, 37.746928 ], [ -122.469311, 37.746966 ], [ -122.469321, 37.747158 ], [ -122.468903, 37.747176 ], [ -122.468879, 37.746781 ], [ -122.468443, 37.746725 ], [ -122.468238, 37.746734 ], [ -122.468218, 37.746485 ], [ -122.468862, 37.746498 ], [ -122.468854, 37.746361 ], [ -122.468174, 37.746347 ] ] ] ] } },
{ "type": "Feature", "properties": { "land_id": "134", "land_name": "WASHINGTON SQUARE", "category": "Recreation & Park", "department_name": "Recreation and Parks" }, "geometry": { "type": "MultiPolygon", "coordinates": [ [ [ [ -122.410734, 37.800345 ], [ -122.41078, 37.800568 ], [ -122.4105, 37.800374 ], [ -122.410734, 37.800345 ] ] ], [ [ [ -122.410142, 37.800417 ], [ -122.410841, 37.800903 ], [ -122.410874, 37.801089 ], [ -122.409468, 37.801263 ], [ -122.409314, 37.800521 ], [ -122.410142, 37.800417 ] ] ] ] } },
{ "type": "Feature", "properties": { "land_id": "850", "land_name": "SOUTHERN FWY (REMAINDER) AT ELMIRA - DPW", "category": "Public Works", "department_name": "Public Works" }, "geometry": { "type": "Polygon", "coordinates": [ [ [ -122.403574, 37.736204 ], [ -122.403317, 37.736426 ], [ -122.403298, 37.736221 ], [ -122.403574, 37.736204 ] ] ] } },
{ "type": "Feature", "properties": { "land_id": "345", "land_name": "EQUIPMENT UNIT HEADQUARTERS", "category": "Fire", "department_name": "Fire Department" }, "geometry": { "type": "Polygon", "coordinates": [ [ [ -122.403731, 37.751578 ], [ -122.40375, 37.751784 ], [ -122.40341, 37.751804 ], [ -122.403391, 37.751599 ], [ -122.403731, 37.751578 ] ] ] } },
{ "type": "Feature", "properties": { "land_id": "17", "land_name": "GENEVA COMMUNITY GARDEN", "category": "Recreation & Park", "department_name": "Recreation and Parks" }, "geometry": { "type": "Polygon", "coordinates": [ [ [ -122.445287, 37.720327 ], [ -122.445868, 37.720557 ], [ -122.445804, 37.720659 ], [ -122.445068, 37.720371 ], [ -122.445121, 37.720287 ], [ -122.445151, 37.720269 ], [ -122.445189, 37.720273 ], [ -122.445287, 37.720327 ] ] ] } },
{ "type": "Feature", "properties": { "land_id": "64", "land_name": "MT DAVIDSON PARK", "category": "Recreation & Park", "department_name": "Recreation and Parks" }, "geometry": { "type": "MultiPolygon", "coordinates": [ [ [ [ -122.454376, 37.740756 ], [ -122.454074, 37.740862 ], [ -122.453662, 37.740939 ], [ -122.453086, 37.740974 ], [ -122.453068, 37.740742 ], [ -122.45311, 37.740705 ], [ -122.453795, 37.740672 ], [ -122.453992, 37.740628 ], [ -122.454175, 37.740555 ], [ -122.454376, 37.740756 ] ] ], [ [ [ -122.451872, 37.738104 ], [ -122.452612, 37.738022 ], [ -122.453431, 37.737468 ], [ -122.453423, 37.736773 ], [ -122.453547, 37.736729 ], [ -122.453689, 37.736722 ], [ -122.453729, 37.736737 ], [ -122.454142, 37.737116 ], [ -122.454274, 37.737186 ], [ -122.454379, 37.737205 ], [ -122.454858, 37.73721 ], [ -122.455045, 37.737226 ], [ -122.45529, 37.737273 ], [ -122.455566, 37.737356 ], [ -122.455865, 37.737485 ], [ -122.45614, 37.737654 ], [ -122.456351, 37.737823 ], [ -122.456728, 37.738172 ], [ -122.457078, 37.738408 ], [ -122.45721, 37.738471 ], [ -122.457369, 37.738522 ], [ -122.45752, 37.738547 ], [ -122.457645, 37.738539 ], [ -122.457638, 37.738968 ], [ -122.45759, 37.739013 ], [ -122.457856, 37.739182 ], [ -122.457761, 37.739313 ], [ -122.457712, 37.739455 ], [ -122.457715, 37.739584 ], [ -122.457774, 37.739776 ], [ -122.457741, 37.739924 ], [ -122.457686, 37.739989 ], [ -122.456543, 37.740559 ], [ -122.456366, 37.740315 ], [ -122.456161, 37.740399 ], [ -122.455759, 37.740671 ], [ -122.455474, 37.740821 ], [ -122.455275, 37.740544 ], [ -122.455155, 37.740591 ], [ -122.454902, 37.740338 ], [ -122.454399, 37.740734 ], [ -122.454118, 37.740453 ], [ -122.453945, 37.740525 ], [ -122.453758, 37.740566 ], [ -122.453007, 37.740598 ], [ -122.452976, 37.740281 ], [ -122.453284, 37.740299 ], [ -122.453453, 37.74028 ], [ -122.453452, 37.740165 ], [ -122.453283, 37.740189 ], [ -122.452909, 37.740168 ], [ -122.452755, 37.740175 ], [ -122.452588, 37.740205 ], [ -122.452392, 37.740273 ], [ -122.452281, 37.740293 ], [ -122.452168, 37.740289 ], [ -122.452067, 37.740265 ], [ -122.45197, 37.740218 ], [ -122.451892, 37.740153 ], [ -122.451707, 37.739868 ], [ -122.451706, 37.739856 ], [ -122.452164, 37.739831 ], [ -122.451921, 37.739453 ], [ -122.451827, 37.738881 ], [ -122.451834, 37.738672 ], [ -122.451808, 37.738431 ], [ -122.451819, 37.738287 ], [ -122.451872, 37.738104 ] ], [ [ -122.454733, 37.738235 ], [ -122.453854, 37.738246 ], [ -122.453329, 37.73833 ], [ -122.453352, 37.738421 ], [ -122.4537, 37.738365 ], [ -122.453697, 37.738352 ], [ -122.453864, 37.738282 ], [ -122.454348, 37.73835 ], [ -122.454747, 37.738433 ], [ -122.45483, 37.738399 ], [ -122.45486, 37.738329 ], [ -122.45482, 37.738262 ], [ -122.454733, 37.738235 ] ] ] ] } },
{ "type": "Feature", "properties": { "land_id": "334", "land_name": "FIRE STATION #41", "category": "Fire", "department_name": "Fire Department" }, "geometry": { "type": "Polygon", "coordinates": [ [ [ -122.416673, 37.793316 ], [ -122.416688, 37.793391 ], [ -122.416318, 37.793438 ], [ -122.416302, 37.793363 ], [ -122.416673, 37.793316 ] ] ] } },
{ "type": "Feature", "properties": { "land_id": "76", "land_name": "PARKSIDE SQUARE", "category": "Recreation & Park", "department_name": "Recreation and Parks" }, "geometry": { "type": "Polygon", "coordinates": [ [ [ -122.482858, 37.737914 ], [ -122.482803, 37.73713 ], [ -122.484823, 37.737041 ], [ -122.484946, 37.738796 ], [ -122.483046, 37.738879 ], [ -122.482979, 37.737909 ], [ -122.482858, 37.737914 ] ] ] } },
{ "type": "Feature", "properties": { "land_id": "241", "land_name": "PEDESTRIAN OVERPASS", "category": "Public Works", "department_name": "Public Works" }, "geometry": { "type": "Polygon", "coordinates": [ [ [ -122.38825, 37.718429 ], [ -122.388105, 37.718587 ], [ -122.388004, 37.718529 ], [ -122.388149, 37.718372 ], [ -122.38825, 37.718429 ] ] ] } },
{ "type": "Feature", "properties": { "land_id": "23", "land_name": "GILMAN PLAYGROUND", "category": "Recreation & Park", "department_name": "Recreation and Parks" }, "geometry": { "type": "MultiPolygon", "coordinates": [ [ [ [ -122.388322, 37.716117 ], [ -122.388487, 37.716386 ], [ -122.388572, 37.716433 ], [ -122.388562, 37.716445 ], [ -122.388404, 37.716352 ], [ -122.388342, 37.716277 ], [ -122.388035, 37.715357 ], [ -122.388272, 37.715104 ], [ -122.388396, 37.715181 ], [ -122.388587, 37.715481 ], [ -122.388517, 37.71556 ], [ -122.388537, 37.715675 ], [ -122.388526, 37.715754 ], [ -122.388402, 37.716025 ], [ -122.388322, 37.716117 ] ] ], [ [ [ -122.388127, 37.718089 ], [ -122.387003, 37.717452 ], [ -122.387898, 37.716456 ], [ -122.387947, 37.716425 ], [ -122.388006, 37.716416 ], [ -122.388062, 37.716431 ], [ -122.389092, 37.717016 ], [ -122.388127, 37.718089 ] ] ] ] } },
{ "type": "Feature", "properties": { "land_id": "948", "land_name": "Noe Valley Town Square", "category": "Recreation & Park", "department_name": "Recreation and Parks" }, "geometry": { "type": "Polygon", "coordinates": [ [ [ -122.428955, 37.751201 ], [ -122.429128, 37.751191 ], [ -122.429158, 37.751503 ], [ -122.428813, 37.751524 ], [ -122.428786, 37.751243 ], [ -122.428958, 37.751233 ], [ -122.428955, 37.751201 ] ] ] } },
{ "type": "Feature", "properties": { "land_id": "930", "land_name": "LASH TERMINAL FACILITY", "category": "Port", "department_name": "Port" }, "geometry": { "type": "Polygon", "coordinates": [ [ [ -122.388419, 37.747849 ], [ -122.390083, 37.74775 ], [ -122.390166, 37.748683 ], [ -122.38851, 37.74879 ], [ -122.388419, 37.747849 ] ] ] } },
{ "type": "Feature", "properties": { "land_id": "947", "land_name": "Temporary Plaza - MOU on file", "category": "Real Estate", "department_name": "GSA - Real Estate Division" }, "geometry": { "type": "Polygon", "coordinates": [ [ [ -122.453195, 37.76645 ], [ -122.453223, 37.766587 ], [ -122.453161, 37.766589 ], [ -122.453179, 37.766475 ], [ -122.453195, 37.76645 ] ] ] } },
{ "type": "Feature", "properties": { "land_id": "939", "land_name": "PARCEL K", "category": "OCII - Former SFRA", "department_name": "Community Investment and Infrastructure" }, "geometry": { "type": "Polygon", "coordinates": [ [ [ -122.424192, 37.776298 ], [ -122.424258, 37.776625 ], [ -122.423932, 37.776666 ], [ -122.423866, 37.776339 ], [ -122.424192, 37.776298 ] ] ] } },
{ "type": "Feature", "properties": { "land_id": "945", "land_name": "Dearborn Gardens", "category": "Public Works", "department_name": "Public Works" }, "geometry": { "type": "Polygon", "coordinates": [ [ [ -122.422554, 37.762302 ], [ -122.422916, 37.76228 ], [ -122.422933, 37.762455 ], [ -122.422571, 37.762477 ], [ -122.422554, 37.762302 ] ] ] } },
{ "type": "Feature", "properties": { "land_id": "96", "land_name": "MINI PARK (O'FARRELL & BEIDEMAN)", "category": "Recreation & Park", "department_name": "Recreation and Parks" }, "geometry": { "type": "Polygon", "coordinates": [ [ [ -122.438731, 37.782434 ], [ -122.438526, 37.78246 ], [ -122.438502, 37.782344 ], [ -122.438707, 37.782318 ], [ -122.438731, 37.782434 ] ] ] } },
{ "type": "Feature", "properties": { "land_id": "1329", "land_name": "Font Blvd Meridian Strips", "category": "Public Works", "department_name": "Public Works" }, "geometry": { "type": "MultiPolygon", "coordinates": [ [ [ [ -122.472981, 37.714938 ], [ -122.473041, 37.714956 ], [ -122.473068, 37.715002 ], [ -122.473046, 37.71505 ], [ -122.472987, 37.715072 ], [ -122.472927, 37.715054 ], [ -122.4729, 37.715008 ], [ -122.472922, 37.71496 ], [ -122.472981, 37.714938 ] ] ], [ [ [ -122.474443, 37.715798 ], [ -122.474533, 37.715824 ], [ -122.474573, 37.715893 ], [ -122.47454, 37.715964 ], [ -122.474453, 37.715996 ], [ -122.474364, 37.71597 ], [ -122.474324, 37.715901 ], [ -122.474357, 37.71583 ], [ -122.474443, 37.715798 ] ] ], [ [ [ -122.473158, 37.715078 ], [ -122.474287, 37.715763 ], [ -122.474288, 37.715771 ], [ -122.474241, 37.715808 ], [ -122.473119, 37.715125 ], [ -122.473158, 37.715078 ] ] ] ] } },
{ "type": "Feature", "properties": { "land_id": "299", "land_name": "SLOPE PROTECTION AT SAN LEANDRO", "category": "Public Works", "department_name": "Public Works" }, "geometry": { "type": "Polygon", "coordinates": [ [ [ -122.469659, 37.730233 ], [ -122.469652, 37.730242 ], [ -122.469369, 37.730124 ], [ -122.469336, 37.730127 ], [ -122.469381, 37.730114 ], [ -122.469659, 37.730233 ] ] ] } },
{ "type": "Feature", "properties": { "land_id": "300", "land_name": "SLOPE PROTECTION", "category": "Public Works", "department_name": "Public Works" }, "geometry": { "type": "Polygon", "coordinates": [ [ [ -122.443554, 37.737757 ], [ -122.443695, 37.73776 ], [ -122.443677, 37.737882 ], [ -122.443625, 37.737997 ], [ -122.443638, 37.738066 ], [ -122.443584, 37.738098 ], [ -122.443554, 37.737757 ] ] ] } },
{ "type": "Feature", "properties": { "land_id": "541", "land_name": "TENDERLOIN PRE-SCHOOL PLAYGROUND", "category": "Recreation & Park", "department_name": "Recreation and Parks" }, "geometry": { "type": "Polygon", "coordinates": [ [ [ -122.416068, 37.782633 ], [ -122.416105, 37.782817 ], [ -122.415859, 37.782848 ], [ -122.41582, 37.782664 ], [ -122.416068, 37.782633 ] ] ] } },
{ "type": "Feature", "properties": { "land_id": "310", "land_name": "FIRE STATION #17", "category": "Fire", "department_name": "Fire Department" }, "geometry": { "type": "Polygon", "coordinates": [ [ [ -122.385027, 37.727335 ], [ -122.385309, 37.727495 ], [ -122.385106, 37.727718 ], [ -122.384825, 37.727558 ], [ -122.385027, 37.727335 ] ] ] } },
{ "type": "Feature", "properties": { "land_id": "961", "land_name": "Mission Bay Library", "category": "Public Library", "department_name": "Public Library" }, "geometry": { "type": "Polygon", "coordinates": [ [ [ -122.393196, 37.775501 ], [ -122.392907, 37.775285 ], [ -122.393191, 37.775061 ], [ -122.393268, 37.775074 ], [ -122.393337, 37.775116 ], [ -122.393183, 37.775264 ], [ -122.393329, 37.775394 ], [ -122.393196, 37.775501 ] ] ] } },
{ "type": "Feature", "properties": { "land_id": "958", "land_name": "Yerba Buena Gardens", "category": "Real Estate", "department_name": "GSA - Real Estate Division" }, "geometry": { "type": "Polygon", "coordinates": [ [ [ -122.400681, 37.785016 ], [ -122.402452, 37.783616 ], [ -122.402628, 37.783755 ], [ -122.402593, 37.783783 ], [ -122.402622, 37.783806 ], [ -122.402494, 37.783907 ], [ -122.402618, 37.784005 ], [ -122.402524, 37.784109 ], [ -122.402595, 37.784165 ], [ -122.402485, 37.784252 ], [ -122.403414, 37.784987 ], [ -122.402028, 37.786081 ], [ -122.400681, 37.785016 ] ] ] } },
{ "type": "Feature", "properties": { "land_id": "959", "land_name": "Mission Creek Park", "category": "OCII - Former SFRA", "department_name": "Community Investment and Infrastructure" }, "geometry": { "type": "Polygon", "coordinates": [ [ [ -122.393733, 37.772806 ], [ -122.393863, 37.772748 ], [ -122.394007, 37.772762 ], [ -122.394227, 37.772848 ], [ -122.392029, 37.774584 ], [ -122.391808, 37.774418 ], [ -122.393733, 37.772806 ] ] ] } },
{ "type": "Feature", "properties": { "land_id": "960", "land_name": "Mission Bay Commons Park", "category": "OCII - Former SFRA", "department_name": "Community Investment and Infrastructure" }, "geometry": { "type": "MultiPolygon", "coordinates": [ [ [ [ -122.386671, 37.77093 ], [ -122.387692, 37.770875 ], [ -122.387708, 37.771129 ], [ -122.38675, 37.771176 ], [ -122.386671, 37.77093 ] ] ], [ [ [ -122.387832, 37.770828 ], [ -122.389282, 37.770763 ], [ -122.389311, 37.771034 ], [ -122.387859, 37.771127 ], [ -122.387832, 37.770828 ] ] ] ] } },
{ "type": "Feature", "properties": { "land_id": "869", "land_name": "Guy Place Mini Park", "category": "Recreation & Park", "department_name": "Recreation and Parks" }, "geometry": { "type": "Polygon", "coordinates": [ [ [ -122.394247, 37.786662 ], [ -122.394369, 37.786565 ], [ -122.394541, 37.786702 ], [ -122.39441, 37.786805 ], [ -122.394247, 37.786662 ] ] ] } },
{ "type": "Feature", "properties": { "land_id": "957", "land_name": "Physical Education and Recreation Purposes to City College", "category": "Recreation & Park", "department_name": "Recreation and Parks" }, "geometry": { "type": "Polygon", "coordinates": [ [ [ -122.447485, 37.724971 ], [ -122.447516, 37.726653 ], [ -122.445974, 37.726657 ], [ -122.447054, 37.725577 ], [ -122.447485, 37.724971 ] ] ] } },
{ "type": "Feature", "properties": { "land_id": "256", "land_name": "BOSWORTH ST (REMAINDER AT 600 BOSWORTH)", "category": "Public Works", "department_name": "Public Works" }, "geometry": { "type": "MultiPolygon", "coordinates": [ [ [ [ -122.434327, 37.73372 ], [ -122.434873, 37.733828 ], [ -122.43485, 37.7339 ], [ -122.434305, 37.733792 ], [ -122.434327, 37.73372 ] ] ], [ [ [ -122.436504, 37.734294 ], [ -122.435839, 37.734162 ], [ -122.435889, 37.734002 ], [ -122.436554, 37.734134 ], [ -122.436504, 37.734294 ] ] ], [ [ [ -122.43498, 37.734054 ], [ -122.43504, 37.733861 ], [ -122.435569, 37.733945 ], [ -122.435537, 37.734045 ], [ -122.435688, 37.734075 ], [ -122.43565, 37.734197 ], [ -122.43498, 37.734054 ] ] ] ] } },
{ "type": "Feature", "properties": { "land_id": "346", "land_name": "FIRE STATION #32", "category": "Fire", "department_name": "Fire Department" }, "geometry": { "type": "Polygon", "coordinates": [ [ [ -122.421077, 37.736456 ], [ -122.4211, 37.736182 ], [ -122.421255, 37.73619 ], [ -122.421232, 37.736464 ], [ -122.421077, 37.736456 ] ] ] } },
{ "type": "Feature", "properties": { "land_id": "367", "land_name": "SOUTHEAST HEALTH CTR", "category": "Health", "department_name": "Public Health" }, "geometry": { "type": "Polygon", "coordinates": [ [ [ -122.391378, 37.725601 ], [ -122.391774, 37.725161 ], [ -122.391985, 37.725281 ], [ -122.391787, 37.725501 ], [ -122.391998, 37.725621 ], [ -122.392196, 37.725401 ], [ -122.392622, 37.725642 ], [ -122.392226, 37.726082 ], [ -122.391378, 37.725601 ] ] ] } },
{ "type": "Feature", "properties": { "land_id": "897", "land_name": "Lincoln, Abraham High School", "category": "Unified School District", "department_name": "School District (SFUSD)" }, "geometry": { "type": "MultiPolygon", "coordinates": [ [ [ [ -122.48152, 37.747817 ], [ -122.482353, 37.74778 ], [ -122.482386, 37.748257 ], [ -122.481553, 37.748294 ], [ -122.48152, 37.747817 ] ] ], [ [ [ -122.479165, 37.74488 ], [ -122.481068, 37.744796 ], [ -122.481312, 37.748305 ], [ -122.479409, 37.748389 ], [ -122.479165, 37.74488 ] ] ] ] } },
{ "type": "Feature", "properties": { "land_id": "1300", "land_name": "SUNSET PARKWAY SOUTH OF SLOAT BLVD", "category": "Public Works", "department_name": "Public Works" }, "geometry": { "type": "MultiPolygon", "coordinates": [ [ [ [ -122.49375, 37.732017 ], [ -122.493872, 37.733721 ], [ -122.493821, 37.733724 ], [ -122.493698, 37.732019 ], [ -122.49375, 37.732017 ] ] ], [ [ [ -122.493577, 37.729882 ], [ -122.493603, 37.729901 ], [ -122.493739, 37.731797 ], [ -122.493687, 37.731799 ], [ -122.493551, 37.729903 ], [ -122.493577, 37.729882 ] ] ], [ [ [ -122.493624, 37.732526 ], [ -122.493669, 37.733056 ], [ -122.493552, 37.733029 ], [ -122.493428, 37.733056 ], [ -122.493348, 37.733104 ], [ -122.493224, 37.733242 ], [ -122.493134, 37.733392 ], [ -122.493084, 37.73354 ], [ -122.493097, 37.733653 ], [ -122.493163, 37.733753 ], [ -122.492701, 37.733773 ], [ -122.492856, 37.73367 ], [ -122.492968, 37.73355 ], [ -122.493624, 37.732526 ] ] ], [ [ [ -122.493888, 37.732493 ], [ -122.494687, 37.733458 ], [ -122.49483, 37.73358 ], [ -122.494999, 37.733671 ], [ -122.494521, 37.733693 ], [ -122.494572, 37.733593 ], [ -122.494573, 37.73348 ], [ -122.494509, 37.733345 ], [ -122.494401, 37.733203 ], [ -122.494264, 37.733077 ], [ -122.49417, 37.733026 ], [ -122.494032, 37.733007 ], [ -122.493927, 37.733041 ], [ -122.493888, 37.732493 ] ] ], [ [ [ -122.486672, 37.729751 ], [ -122.487144, 37.729885 ], [ -122.488846, 37.730413 ], [ -122.489041, 37.730454 ], [ -122.48925, 37.730468 ], [ -122.489427, 37.73046 ], [ -122.489628, 37.730428 ], [ -122.489793, 37.730382 ], [ -122.489949, 37.730317 ], [ -122.490093, 37.730236 ], [ -122.49022, 37.73014 ], [ -122.490572, 37.729786 ], [ -122.49061, 37.729781 ], [ -122.49063, 37.729806 ], [ -122.490283, 37.730167 ], [ -122.49002, 37.730347 ], [ -122.489838, 37.730426 ], [ -122.489664, 37.730477 ], [ -122.489442, 37.730514 ], [ -122.489232, 37.730523 ], [ -122.489003, 37.730504 ], [ -122.488797, 37.730457 ], [ -122.487545, 37.730063 ], [ -122.486654, 37.729803 ], [ -122.486633, 37.729771 ], [ -122.486672, 37.729751 ] ] ], [ [ [ -122.494043, 37.733089 ], [ -122.494139, 37.733106 ], [ -122.49422, 37.733159 ], [ -122.49434, 37.733277 ], [ -122.494432, 37.73341 ], [ -122.49447, 37.733492 ], [ -122.494472, 37.733566 ], [ -122.49444, 37.733639 ], [ -122.494377, 37.733699 ], [ -122.493976, 37.733717 ], [ -122.493936, 37.733163 ], [ -122.493976, 37.733115 ], [ -122.494043, 37.733089 ] ] ], [ [ [ -122.493553, 37.733111 ], [ -122.493633, 37.733137 ], [ -122.493679, 37.733197 ], [ -122.493717, 37.733728 ], [ -122.493306, 37.733746 ], [ -122.493236, 37.733693 ], [ -122.493194, 37.733623 ], [ -122.493187, 37.733549 ], [ -122.493213, 37.733463 ], [ -122.493286, 37.733323 ], [ -122.493389, 37.733195 ], [ -122.493461, 37.733136 ], [ -122.493553, 37.733111 ] ] ], [ [ [ -122.494261, 37.731969 ], [ -122.49432, 37.73284 ], [ -122.494768, 37.733383 ], [ -122.49485, 37.733463 ], [ -122.495057, 37.733588 ], [ -122.495315, 37.733657 ], [ -122.495152, 37.733665 ], [ -122.49509, 37.733645 ], [ -122.494934, 37.733575 ], [ -122.494799, 37.73348 ], [ -122.493938, 37.732454 ], [ -122.493876, 37.73226 ], [ -122.493852, 37.731987 ], [ -122.494261, 37.731969 ] ] ], [ [ [ -122.492821, 37.733529 ], [ -122.493247, 37.732868 ], [ -122.493191, 37.732043 ], [ -122.493595, 37.732024 ], [ -122.493608, 37.732268 ], [ -122.49357, 37.732482 ], [ -122.49291, 37.73352 ], [ -122.492779, 37.733654 ], [ -122.492618, 37.733748 ], [ -122.492534, 37.73378 ], [ -122.492298, 37.733791 ], [ -122.492435, 37.733756 ], [ -122.492622, 37.733683 ], [ -122.492727, 37.733617 ], [ -122.492821, 37.733529 ] ] ], [ [ [ -122.493176, 37.731823 ], [ -122.493016, 37.729464 ], [ -122.492378, 37.729119 ], [ -122.49214, 37.729037 ], [ -122.491958, 37.729014 ], [ -122.491787, 37.72902 ], [ -122.491582, 37.729059 ], [ -122.491408, 37.729117 ], [ -122.491258, 37.729193 ], [ -122.491134, 37.729284 ], [ -122.490755, 37.729672 ], [ -122.490713, 37.729675 ], [ -122.490697, 37.729645 ], [ -122.490999, 37.729325 ], [ -122.491218, 37.729148 ], [ -122.49148, 37.72903 ], [ -122.491798, 37.728964 ], [ -122.4921, 37.728974 ], [ -122.492389, 37.729045 ], [ -122.492548, 37.729116 ], [ -122.493171, 37.729459 ], [ -122.493347, 37.72964 ], [ -122.493444, 37.729851 ], [ -122.493584, 37.731804 ], [ -122.493176, 37.731823 ] ] ], [ [ [ -122.496078, 37.729088 ], [ -122.496386, 37.729114 ], [ -122.496677, 37.729198 ], [ -122.496934, 37.729335 ], [ -122.497141, 37.729518 ], [ -122.497206, 37.729599 ], [ -122.497972, 37.731171 ], [ -122.497968, 37.731196 ], [ -122.497936, 37.731208 ], [ -122.497907, 37.731192 ], [ -122.497146, 37.729627 ], [ -122.497027, 37.72949 ], [ -122.496798, 37.72932 ], [ -122.496655, 37.729251 ], [ -122.496501, 37.729198 ], [ -122.496194, 37.729146 ], [ -122.495881, 37.729159 ], [ -122.494307, 37.729534 ], [ -122.494227, 37.729575 ], [ -122.494162, 37.729637 ], [ -122.494124, 37.729706 ], [ -122.494112, 37.729786 ], [ -122.494249, 37.731804 ], [ -122.493845, 37.731822 ], [ -122.493705, 37.72987 ], [ -122.493721, 37.729769 ], [ -122.493772, 37.729682 ], [ -122.493864, 37.729604 ], [ -122.49399, 37.729551 ], [ -122.49575, 37.729128 ], [ -122.496078, 37.729088 ] ] ] ] } },
{ "type": "Feature", "properties": { "land_id": "868", "land_name": "MOSCONE CENTER GARAGE", "category": "MTA", "department_name": "Municipal Transportation Agency" }, "geometry": { "type": "Polygon", "coordinates": [ [ [ -122.399861, 37.784687 ], [ -122.399359, 37.785084 ], [ -122.399211, 37.784967 ], [ -122.399178, 37.784975 ], [ -122.399136, 37.784942 ], [ -122.399112, 37.784961 ], [ -122.398905, 37.784797 ], [ -122.398952, 37.78476 ], [ -122.398903, 37.784721 ], [ -122.399406, 37.784324 ], [ -122.399861, 37.784687 ] ] ] } },
{ "type": "Feature", "properties": { "land_id": "951", "land_name": "FIRE STATION #1", "category": "Fire", "department_name": "Fire Department" }, "geometry": { "type": "Polygon", "coordinates": [ [ [ -122.403823, 37.779375 ], [ -122.404043, 37.779201 ], [ -122.404286, 37.779396 ], [ -122.404067, 37.779569 ], [ -122.403823, 37.779375 ] ] ] } },
{ "type": "Feature", "properties": { "land_id": "970", "land_name": "Hunters Point Shipyard Community Facilities Bldg", "category": "OCII - Former SFRA", "department_name": "Community Investment and Infrastructure" }, "geometry": { "type": "Polygon", "coordinates": [ [ [ -122.367344, 37.728909 ], [ -122.366486, 37.728423 ], [ -122.366595, 37.728304 ], [ -122.366638, 37.728286 ], [ -122.366686, 37.728289 ], [ -122.367607, 37.728617 ], [ -122.367344, 37.728909 ] ] ] } },
{ "type": "Feature", "properties": { "land_id": "964", "land_name": "CENTRAL SUBWAY PROJECT CHINATOWN STATION SITE", "category": "MTA", "department_name": "Municipal Transportation Agency" }, "geometry": { "type": "Polygon", "coordinates": [ [ [ -122.408358, 37.794453 ], [ -122.408369, 37.794505 ], [ -122.408381, 37.794503 ], [ -122.408388, 37.794606 ], [ -122.408439, 37.794829 ], [ -122.408188, 37.794861 ], [ -122.408111, 37.794484 ], [ -122.408358, 37.794453 ] ] ] } },
{ "type": "Feature", "properties": { "land_id": "538", "land_name": "OPEN SPACE (GLEN PARK)", "category": "Recreation & Park", "department_name": "Recreation and Parks" }, "geometry": { "type": "Polygon", "coordinates": [ [ [ -122.434466, 37.738761 ], [ -122.434537, 37.738835 ], [ -122.43413, 37.738843 ], [ -122.434112, 37.738768 ], [ -122.434466, 37.738761 ] ] ] } },
{ "type": "Feature", "properties": { "land_id": "537", "land_name": "Cleveland Elementary School", "category": "Unified School District", "department_name": "School District (SFUSD)" }, "geometry": { "type": "Polygon", "coordinates": [ [ [ -122.428908, 37.720818 ], [ -122.428315, 37.720535 ], [ -122.428849, 37.719829 ], [ -122.429442, 37.720111 ], [ -122.428908, 37.720818 ] ] ] } },
{ "type": "Feature", "properties": { "land_id": "136", "land_name": "PIONEER PARK/TELEGRAPH HILL", "category": "Recreation & Park", "department_name": "Recreation and Parks" }, "geometry": { "type": "MultiPolygon", "coordinates": [ [ [ [ -122.406069, 37.801887 ], [ -122.406149, 37.801879 ], [ -122.406171, 37.801989 ], [ -122.406125, 37.801938 ], [ -122.406069, 37.801887 ] ] ], [ [ [ -122.40668, 37.802769 ], [ -122.40676, 37.802759 ], [ -122.406834, 37.803132 ], [ -122.406723, 37.803146 ], [ -122.406758, 37.803058 ], [ -122.406763, 37.802953 ], [ -122.40673, 37.802837 ], [ -122.40668, 37.802769 ] ] ], [ [ [ -122.406336, 37.803476 ], [ -122.406449, 37.803361 ], [ -122.406486, 37.803548 ], [ -122.406354, 37.803565 ], [ -122.406333, 37.803523 ], [ -122.406336, 37.803476 ] ] ], [ [ [ -122.406495, 37.802793 ], [ -122.406571, 37.802793 ], [ -122.406633, 37.802867 ], [ -122.406655, 37.802932 ], [ -122.406652, 37.803061 ], [ -122.406573, 37.803186 ], [ -122.406495, 37.802793 ] ] ], [ [ [ -122.405208, 37.801983 ], [ -122.40535, 37.801967 ], [ -122.405322, 37.802088 ], [ -122.405352, 37.802226 ], [ -122.405672, 37.802695 ], [ -122.405359, 37.802735 ], [ -122.405208, 37.801983 ] ] ], [ [ [ -122.405993, 37.802619 ], [ -122.405822, 37.80265 ], [ -122.405807, 37.802607 ], [ -122.405728, 37.802569 ], [ -122.40544, 37.802159 ], [ -122.405428, 37.802054 ], [ -122.405475, 37.801953 ], [ -122.405936, 37.801902 ], [ -122.406093, 37.802046 ], [ -122.406152, 37.802141 ], [ -122.406244, 37.802356 ], [ -122.406295, 37.802617 ], [ -122.406114, 37.80264 ], [ -122.406111, 37.802689 ], [ -122.406028, 37.802651 ], [ -122.406019, 37.802629 ], [ -122.405993, 37.802619 ] ] ], [ [ [ -122.405081, 37.803726 ], [ -122.404964, 37.803149 ], [ -122.405263, 37.803112 ], [ -122.405277, 37.803179 ], [ -122.405447, 37.803158 ], [ -122.405399, 37.802921 ], [ -122.405722, 37.80288 ], [ -122.405762, 37.802959 ], [ -122.405837, 37.803016 ], [ -122.405938, 37.803044 ], [ -122.406041, 37.803037 ], [ -122.406121, 37.803004 ], [ -122.406179, 37.802952 ], [ -122.406211, 37.802889 ], [ -122.406213, 37.802818 ], [ -122.406338, 37.802802 ], [ -122.406428, 37.803255 ], [ -122.406297, 37.803322 ], [ -122.406214, 37.803398 ], [ -122.406178, 37.803489 ], [ -122.406193, 37.803585 ], [ -122.405081, 37.803726 ] ] ] ] } },
{ "type": "Feature", "properties": { "land_id": "899", "land_name": "Administration Offices - SFUSD", "category": "Unified School District", "department_name": "School District (SFUSD)" }, "geometry": { "type": "Polygon", "coordinates": [ [ [ -122.421997, 37.779781 ], [ -122.421846, 37.779035 ], [ -122.422448, 37.778958 ], [ -122.422514, 37.779284 ], [ -122.423016, 37.77922 ], [ -122.42296, 37.779319 ], [ -122.422999, 37.779319 ], [ -122.423065, 37.779645 ], [ -122.421997, 37.779781 ] ] ] } },
{ "type": "Feature", "properties": { "land_id": "904", "land_name": "SSD Enforcement HQ", "category": "MTA", "department_name": "Municipal Transportation Agency" }, "geometry": { "type": "Polygon", "coordinates": [ [ [ -122.41316, 37.76728 ], [ -122.412752, 37.767305 ], [ -122.412886, 37.766841 ], [ -122.413117, 37.766828 ], [ -122.41316, 37.76728 ] ] ] } },
{ "type": "Feature", "properties": { "land_id": "895", "land_name": "Jefferson Early Education School", "category": "Unified School District", "department_name": "School District (SFUSD)" }, "geometry": { "type": "Polygon", "coordinates": [ [ [ -122.482939, 37.762164 ], [ -122.483353, 37.762146 ], [ -122.483382, 37.762557 ], [ -122.482963, 37.762576 ], [ -122.482939, 37.762164 ] ] ] } },
{ "type": "Feature", "properties": { "land_id": "896", "land_name": "Jefferson Elementary School", "category": "Unified School District", "department_name": "School District (SFUSD)" }, "geometry": { "type": "Polygon", "coordinates": [ [ [ -122.476096, 37.762468 ], [ -122.476903, 37.762433 ], [ -122.476997, 37.76346 ], [ -122.476459, 37.763484 ], [ -122.476444, 37.763196 ], [ -122.476147, 37.763206 ], [ -122.476096, 37.762468 ] ] ] } },
{ "type": "Feature", "properties": { "land_id": "898", "land_name": "MAINTENANCE AND OPERATIONS", "category": "Unified School District", "department_name": "School District (SFUSD)" }, "geometry": { "type": "MultiPolygon", "coordinates": [ [ [ [ -122.401747, 37.742082 ], [ -122.401317, 37.742572 ], [ -122.400607, 37.742168 ], [ -122.401043, 37.741684 ], [ -122.401747, 37.742082 ] ] ], [ [ [ -122.399174, 37.740624 ], [ -122.400863, 37.741582 ], [ -122.400427, 37.742066 ], [ -122.398741, 37.741106 ], [ -122.399174, 37.740624 ] ] ] ] } },
{ "type": "Feature", "properties": { "land_id": "1234", "land_name": "11th/Natoma/Minna Site", "category": "Recreation & Park", "department_name": "Recreation and Parks" }, "geometry": { "type": "Polygon", "coordinates": [ [ [ -122.416088, 37.774215 ], [ -122.415892, 37.774058 ], [ -122.415871, 37.774075 ], [ -122.415688, 37.773929 ], [ -122.416056, 37.773638 ], [ -122.41636, 37.773881 ], [ -122.416115, 37.774074 ], [ -122.41619, 37.774134 ], [ -122.416088, 37.774215 ] ] ] } },
{ "type": "Feature", "properties": { "land_id": "894", "land_name": "GENEVA CARBARN", "category": "MTA", "department_name": "Recreation and Parks" }, "geometry": { "type": "Polygon", "coordinates": [ [ [ -122.447179, 37.71979 ], [ -122.447017, 37.720042 ], [ -122.446927, 37.71989 ], [ -122.446819, 37.719913 ], [ -122.446676, 37.720133 ], [ -122.446425, 37.720447 ], [ -122.446594, 37.720544 ], [ -122.446573, 37.720569 ], [ -122.445513, 37.720149 ], [ -122.446019, 37.719333 ], [ -122.447179, 37.71979 ] ] ] } },
{ "type": "Feature", "properties": { "land_id": "903", "land_name": "PHELAN LOOP", "category": "MTA", "department_name": "Municipal Transportation Agency" }, "geometry": { "type": "Polygon", "coordinates": [ [ [ -122.452474, 37.723854 ], [ -122.45247, 37.723515 ], [ -122.452541, 37.723516 ], [ -122.452552, 37.723649 ], [ -122.453055, 37.723649 ], [ -122.45311, 37.723616 ], [ -122.45311, 37.72336 ], [ -122.453508, 37.723443 ], [ -122.45351, 37.72406 ], [ -122.453208, 37.724062 ], [ -122.453207, 37.723858 ], [ -122.452474, 37.723854 ] ] ] } },
{ "type": "Feature", "properties": { "land_id": "879", "land_name": "JOSEPH LEE RECREATION CTR", "category": "Recreation & Park", "department_name": "Recreation and Parks" }, "geometry": { "type": "Polygon", "coordinates": [ [ [ -122.389322, 37.734835 ], [ -122.389721, 37.734381 ], [ -122.390174, 37.734637 ], [ -122.389768, 37.735088 ], [ -122.389322, 37.734835 ] ] ] } },
{ "type": "Feature", "properties": { "land_id": "1235", "land_name": "Rosa Parks Senior Center", "category": "SFHA", "department_name": "San Francisco Housing Authority" }, "geometry": { "type": "Polygon", "coordinates": [ [ [ -122.4288, 37.780061 ], [ -122.428994, 37.780037 ], [ -122.429007, 37.780103 ], [ -122.429049, 37.780097 ], [ -122.42907, 37.780202 ], [ -122.429016, 37.780209 ], [ -122.429061, 37.780431 ], [ -122.428989, 37.78044 ], [ -122.428992, 37.780459 ], [ -122.428883, 37.780473 ], [ -122.4288, 37.780061 ] ] ] } },
{ "type": "Feature", "properties": { "land_id": "901", "land_name": "Tenderloin Elementary/Early Education", "category": "Unified School District", "department_name": "School District (SFUSD)" }, "geometry": { "type": "Polygon", "coordinates": [ [ [ -122.420332, 37.781571 ], [ -122.42037, 37.781761 ], [ -122.419998, 37.781809 ], [ -122.420025, 37.781944 ], [ -122.419316, 37.782034 ], [ -122.419267, 37.78179 ], [ -122.419369, 37.781777 ], [ -122.419353, 37.781696 ], [ -122.420332, 37.781571 ] ] ] } },
{ "type": "Feature", "properties": { "land_id": "495", "land_name": "PUMP STATION", "category": "PUC/Water", "department_name": "Public Utilities Commission" }, "geometry": { "type": "Polygon", "coordinates": [ [ [ -122.387387, 37.734233 ], [ -122.387598, 37.734352 ], [ -122.387533, 37.734427 ], [ -122.387321, 37.734308 ], [ -122.387387, 37.734233 ] ] ] } },
{ "type": "Feature", "properties": { "land_id": "820", "land_name": "JOHN M WOODS MOTORCOACH CTR", "category": "MTA", "department_name": "Municipal Transportation Agency" }, "geometry": { "type": "MultiPolygon", "coordinates": [ [ [ [ -122.39167, 37.755261 ], [ -122.391794, 37.755636 ], [ -122.391987, 37.757628 ], [ -122.391304, 37.757669 ], [ -122.391081, 37.755298 ], [ -122.39167, 37.755261 ] ] ], [ [ [ -122.389335, 37.757319 ], [ -122.389253, 37.75644 ], [ -122.390901, 37.756337 ], [ -122.391028, 37.757686 ], [ -122.390336, 37.757727 ], [ -122.390283, 37.757191 ], [ -122.390007, 37.757208 ], [ -122.390021, 37.757347 ], [ -122.389686, 37.757367 ], [ -122.389679, 37.757298 ], [ -122.389335, 37.757319 ] ] ] ] } },
{ "type": "Feature", "properties": { "land_id": "829", "land_name": "CABLE CAR POWER HOUSE", "category": "MTA", "department_name": "Municipal Transportation Agency" }, "geometry": { "type": "Polygon", "coordinates": [ [ [ -122.412348, 37.795238 ], [ -122.412192, 37.795258 ], [ -122.412149, 37.795048 ], [ -122.412071, 37.795058 ], [ -122.412062, 37.795015 ], [ -122.411594, 37.79508 ], [ -122.411493, 37.794584 ], [ -122.41214, 37.794503 ], [ -122.412215, 37.794876 ], [ -122.412274, 37.794868 ], [ -122.412348, 37.795238 ] ] ] } },
{ "type": "Feature", "properties": { "land_id": "415", "land_name": "SFUSD -- SPEd Medical Therapy Unit (Laguna)", "category": "Unified School District", "department_name": "School District (SFUSD)" }, "geometry": { "type": "Polygon", "coordinates": [ [ [ -122.427204, 37.780526 ], [ -122.427673, 37.780466 ], [ -122.427723, 37.780713 ], [ -122.427254, 37.780773 ], [ -122.427204, 37.780526 ] ] ] } },
{ "type": "Feature", "properties": { "land_id": "1335", "land_name": "1660-1670 Mission St", "category": "Public Health", "department_name": "Public Health" }, "geometry": { "type": "Polygon", "coordinates": [ [ [ -122.41966, 37.771353 ], [ -122.419817, 37.770946 ], [ -122.420104, 37.771039 ], [ -122.420147, 37.771504 ], [ -122.41966, 37.771353 ] ] ] } },
{ "type": "Feature", "properties": { "land_id": "892", "land_name": "CITY-OWNED PARCEL - 0792033", "category": "Public Works", "department_name": "Public Works" }, "geometry": { "type": "Polygon", "coordinates": [ [ [ -122.423142, 37.778295 ], [ -122.422998, 37.778315 ], [ -122.423105, 37.778114 ], [ -122.423142, 37.778295 ] ] ] } },
{ "type": "Feature", "properties": { "land_id": "1319", "land_name": "YERBA BUENA RIGHT-OF-WAY", "category": "Public Works", "department_name": "Public Works" }, "geometry": { "type": "MultiPolygon", "coordinates": [ [ [ [ -122.362263, 37.813288 ], [ -122.362837, 37.812703 ], [ -122.362874, 37.812724 ], [ -122.362933, 37.812658 ], [ -122.363564, 37.812197 ], [ -122.36406, 37.811779 ], [ -122.364226, 37.81182 ], [ -122.364266, 37.811783 ], [ -122.36477, 37.811901 ], [ -122.364933, 37.811909 ], [ -122.365096, 37.811894 ], [ -122.365129, 37.812013 ], [ -122.364941, 37.812034 ], [ -122.364788, 37.812034 ], [ -122.364584, 37.812091 ], [ -122.364484, 37.812249 ], [ -122.364411, 37.812332 ], [ -122.364299, 37.812412 ], [ -122.364164, 37.812471 ], [ -122.364123, 37.812483 ], [ -122.364056, 37.812457 ], [ -122.363872, 37.812466 ], [ -122.363646, 37.812428 ], [ -122.363518, 37.812426 ], [ -122.363351, 37.812455 ], [ -122.3632, 37.812519 ], [ -122.362811, 37.812892 ], [ -122.362832, 37.812907 ], [ -122.362518, 37.813184 ], [ -122.362499, 37.813171 ], [ -122.362069, 37.813513 ], [ -122.361623, 37.813828 ], [ -122.362263, 37.813288 ] ] ], [ [ [ -122.363658, 37.811202 ], [ -122.363572, 37.810987 ], [ -122.363292, 37.811008 ], [ -122.363133, 37.810792 ], [ -122.363158, 37.810773 ], [ -122.36315, 37.810678 ], [ -122.363187, 37.810589 ], [ -122.363247, 37.810528 ], [ -122.363368, 37.810458 ], [ -122.363389, 37.810057 ], [ -122.363365, 37.809895 ], [ -122.363417, 37.809895 ], [ -122.363409, 37.80946 ], [ -122.363482, 37.809077 ], [ -122.363542, 37.808951 ], [ -122.363629, 37.808836 ], [ -122.363765, 37.808716 ], [ -122.363959, 37.808607 ], [ -122.364051, 37.808573 ], [ -122.36433, 37.808543 ], [ -122.365845, 37.808754 ], [ -122.36717, 37.807519 ], [ -122.36718, 37.807406 ], [ -122.367211, 37.80741 ], [ -122.367309, 37.80749 ], [ -122.367318, 37.807521 ], [ -122.365938, 37.808806 ], [ -122.366154, 37.808952 ], [ -122.366092, 37.80901 ], [ -122.36588, 37.80889 ], [ -122.365682, 37.808825 ], [ -122.364313, 37.808633 ], [ -122.364138, 37.80864 ], [ -122.363992, 37.808678 ], [ -122.363862, 37.808742 ], [ -122.363755, 37.808829 ], [ -122.363687, 37.808918 ], [ -122.363643, 37.809017 ], [ -122.363562, 37.809447 ], [ -122.363559, 37.809626 ], [ -122.363612, 37.809801 ], [ -122.363734, 37.809982 ], [ -122.363895, 37.810114 ], [ -122.364238, 37.810264 ], [ -122.364475, 37.810308 ], [ -122.36434, 37.810434 ], [ -122.36421, 37.810712 ], [ -122.363713, 37.811175 ], [ -122.363684, 37.811178 ], [ -122.363658, 37.811202 ] ], [ [ -122.36358, 37.809951 ], [ -122.363498, 37.809576 ], [ -122.363482, 37.810427 ], [ -122.363497, 37.81054 ], [ -122.363536, 37.810651 ], [ -122.36353, 37.810722 ], [ -122.363638, 37.810849 ], [ -122.363728, 37.810904 ], [ -122.363774, 37.810912 ], [ -122.363817, 37.810892 ], [ -122.36411, 37.810586 ], [ -122.364166, 37.810493 ], [ -122.364175, 37.810422 ], [ -122.364115, 37.810342 ], [ -122.363878, 37.810234 ], [ -122.363743, 37.810153 ], [ -122.363567, 37.809988 ], [ -122.363549, 37.809966 ], [ -122.36358, 37.809951 ] ] ] ] } },
{ "type": "Feature", "properties": { "land_id": "832", "land_name": "SUNSET TUNNEL/RICHARD GAMBLE MEMORIAL PARK", "category": "MTA", "department_name": "Municipal Transportation Agency" }, "geometry": { "type": "Polygon", "coordinates": [ [ [ -122.44958, 37.766328 ], [ -122.448975, 37.766405 ], [ -122.448813, 37.766469 ], [ -122.448477, 37.76654 ], [ -122.448483, 37.766571 ], [ -122.448056, 37.766625 ], [ -122.448015, 37.766422 ], [ -122.448442, 37.766367 ], [ -122.448449, 37.766404 ], [ -122.448723, 37.76635 ], [ -122.448916, 37.766267 ], [ -122.449024, 37.766196 ], [ -122.448988, 37.766019 ], [ -122.449504, 37.765954 ], [ -122.44958, 37.766328 ] ] ] } },
{ "type": "Feature", "properties": { "land_id": "796", "land_name": "CENTRAL POLICE STATION", "category": "Police", "department_name": "Police Department" }, "geometry": { "type": "Polygon", "coordinates": [ [ [ -122.410049, 37.798519 ], [ -122.410126, 37.798892 ], [ -122.409771, 37.798935 ], [ -122.409695, 37.798562 ], [ -122.410049, 37.798519 ] ] ] } },
{ "type": "Feature", "properties": { "land_id": "1274", "land_name": "OCII Parcel off Ingalls St", "category": "OCII - Former SFRA", "department_name": "Community Investment and Infrastructure" }, "geometry": { "type": "Polygon", "coordinates": [ [ [ -122.381258, 37.729729 ], [ -122.381302, 37.729704 ], [ -122.381653, 37.729972 ], [ -122.381904, 37.730112 ], [ -122.382108, 37.730164 ], [ -122.382415, 37.730368 ], [ -122.38258, 37.730385 ], [ -122.382603, 37.730368 ], [ -122.382663, 37.730411 ], [ -122.382446, 37.730494 ], [ -122.382189, 37.730543 ], [ -122.382182, 37.730516 ], [ -122.38223, 37.730398 ], [ -122.382109, 37.730346 ], [ -122.382108, 37.730327 ], [ -122.382043, 37.730312 ], [ -122.382042, 37.730293 ], [ -122.381973, 37.730275 ], [ -122.38198, 37.730258 ], [ -122.381914, 37.730246 ], [ -122.381924, 37.730221 ], [ -122.381851, 37.730206 ], [ -122.381854, 37.730187 ], [ -122.381789, 37.730171 ], [ -122.381795, 37.730152 ], [ -122.381733, 37.730137 ], [ -122.381739, 37.73012 ], [ -122.381667, 37.730102 ], [ -122.381609, 37.73024 ], [ -122.381643, 37.730264 ], [ -122.38152, 37.73041 ], [ -122.381729, 37.730518 ], [ -122.381726, 37.730532 ], [ -122.381302, 37.730494 ], [ -122.381383, 37.730401 ], [ -122.381452, 37.730416 ], [ -122.381507, 37.730279 ], [ -122.381441, 37.730264 ], [ -122.381447, 37.730248 ], [ -122.381392, 37.730235 ], [ -122.381399, 37.730216 ], [ -122.381323, 37.730198 ], [ -122.381329, 37.730181 ], [ -122.381267, 37.730166 ], [ -122.381267, 37.730147 ], [ -122.381198, 37.730132 ], [ -122.3812, 37.73011 ], [ -122.381131, 37.730095 ], [ -122.381138, 37.730076 ], [ -122.381072, 37.73006 ], [ -122.381082, 37.730041 ], [ -122.381013, 37.730023 ], [ -122.381019, 37.730007 ], [ -122.38094, 37.729986 ], [ -122.380939, 37.729951 ], [ -122.380527, 37.729955 ], [ -122.380498, 37.73002 ], [ -122.380437, 37.730004 ], [ -122.380466, 37.729931 ], [ -122.381148, 37.729923 ], [ -122.381263, 37.729886 ], [ -122.381277, 37.729747 ], [ -122.381258, 37.729729 ] ] ] } },
{ "type": "Feature", "properties": { "land_id": "1000", "land_name": "SFHA -- Robert B. Pitts", "category": "SFHA", "department_name": "San Francisco Housing Authority" }, "geometry": { "type": "MultiPolygon", "coordinates": [ [ [ [ -122.437357, 37.780691 ], [ -122.437206, 37.779946 ], [ -122.438252, 37.779813 ], [ -122.43833, 37.780184 ], [ -122.438393, 37.780176 ], [ -122.438467, 37.780549 ], [ -122.437357, 37.780691 ] ] ], [ [ [ -122.435561, 37.780156 ], [ -122.436972, 37.779976 ], [ -122.437122, 37.780722 ], [ -122.435712, 37.780902 ], [ -122.435561, 37.780156 ] ] ] ] } },
{ "type": "Feature", "properties": { "land_id": "615", "land_name": "CHN Headquarters", "category": "Health", "department_name": "Public Health" }, "geometry": { "type": "Polygon", "coordinates": [ [ [ -122.405989, 37.751231 ], [ -122.406028, 37.751647 ], [ -122.405337, 37.751688 ], [ -122.405297, 37.751273 ], [ -122.405989, 37.751231 ] ] ] } },
{ "type": "Feature", "properties": { "land_id": "617", "land_name": "FAY PARK", "category": "Recreation & Park", "department_name": "Recreation and Parks" }, "geometry": { "type": "Polygon", "coordinates": [ [ [ -122.417943, 37.802687 ], [ -122.418017, 37.80306 ], [ -122.417746, 37.803094 ], [ -122.417671, 37.802721 ], [ -122.417943, 37.802687 ] ] ] } },
{ "type": "Feature", "properties": { "land_id": "532", "land_name": "HILLCREST AND OCEAN VIEW LOTS", "category": "PUC/Water", "department_name": "Public Utilities Commission" }, "geometry": { "type": "Polygon", "coordinates": [ [ [ -122.465849, 37.708265 ], [ -122.465849, 37.70822 ], [ -122.466541, 37.70822 ], [ -122.46654, 37.708271 ], [ -122.465849, 37.708265 ] ] ] } },
{ "type": "Feature", "properties": { "land_id": "614", "land_name": "Zuckerberg SF General Hospital and Trauma Center", "category": "Health", "department_name": "Public Health" }, "geometry": { "type": "MultiPolygon", "coordinates": [ [ [ [ -122.406567, 37.759175 ], [ -122.4053, 37.758111 ], [ -122.404957, 37.757851 ], [ -122.404879, 37.757034 ], [ -122.406535, 37.756934 ], [ -122.406746, 37.759164 ], [ -122.406567, 37.759175 ] ] ], [ [ [ -122.403852, 37.756451 ], [ -122.40367, 37.754536 ], [ -122.406293, 37.754377 ], [ -122.406518, 37.756754 ], [ -122.404172, 37.756895 ], [ -122.404082, 37.756859 ], [ -122.404016, 37.756798 ], [ -122.403852, 37.756451 ] ] ] ] } },
{ "type": "Feature", "properties": { "land_id": "1241", "land_name": "Yerba Buena/Moscone Station", "category": "MTA", "department_name": "Municipal Transportation Agency" }, "geometry": { "type": "Polygon", "coordinates": [ [ [ -122.401619, 37.781819 ], [ -122.401815, 37.781975 ], [ -122.401753, 37.782024 ], [ -122.401952, 37.782183 ], [ -122.401756, 37.782338 ], [ -122.401362, 37.782023 ], [ -122.401619, 37.781819 ] ] ] } },
{ "type": "Feature", "properties": { "land_id": "401", "land_name": "LOMBARD STREET GARAGE", "category": "Unified School District", "department_name": "School District (SFUSD)" }, "geometry": { "type": "Polygon", "coordinates": [ [ [ -122.435511, 37.799525 ], [ -122.43556, 37.799766 ], [ -122.434791, 37.799865 ], [ -122.434742, 37.799623 ], [ -122.435511, 37.799525 ] ] ] } },
{ "type": "Feature", "properties": { "land_id": "1245", "land_name": "900 Block of Berry ROW Section", "category": "Public Works", "department_name": "Public Works" }, "geometry": { "type": "Polygon", "coordinates": [ [ [ -122.391326, 37.777483 ], [ -122.39174, 37.777813 ], [ -122.39172, 37.777829 ], [ -122.391306, 37.777499 ], [ -122.391326, 37.777483 ] ] ] } },
{ "type": "Feature", "properties": { "land_id": "967", "land_name": "Storm Water Pump Station", "category": "PUC/Wastewater", "department_name": "Public Utilities Commission" }, "geometry": { "type": "Polygon", "coordinates": [ [ [ -122.386848, 37.77152 ], [ -122.386799, 37.771391 ], [ -122.386966, 37.771348 ], [ -122.386994, 37.771481 ], [ -122.386848, 37.77152 ] ] ] } },
{ "type": "Feature", "properties": { "land_id": "795", "land_name": "MURIEL LEFF MINI PARK", "category": "Recreation & Park", "department_name": "Recreation and Parks" }, "geometry": { "type": "Polygon", "coordinates": [ [ [ -122.46518, 37.780188 ], [ -122.464856, 37.780203 ], [ -122.464834, 37.779942 ], [ -122.465161, 37.779927 ], [ -122.46518, 37.780188 ] ] ] } },
{ "type": "Feature", "properties": { "land_id": "380", "land_name": "STANFORD HEIGHTS RESERVOIR WATER FACILITIES", "category": "PUC/Hetch Hetchy", "department_name": "Public Utilities Commission" }, "geometry": { "type": "Polygon", "coordinates": [ [ [ -122.451019, 37.741294 ], [ -122.451075, 37.741271 ], [ -122.451529, 37.741382 ], [ -122.451959, 37.74143 ], [ -122.452249, 37.741432 ], [ -122.452985, 37.741389 ], [ -122.453041, 37.742013 ], [ -122.450776, 37.742141 ], [ -122.450746, 37.742108 ], [ -122.450735, 37.741792 ], [ -122.451019, 37.741294 ] ] ] } },
{ "type": "Feature", "properties": { "land_id": "1243", "land_name": "100 Block of Berry ROW Section", "category": "Public Works", "department_name": "Public Works" }, "geometry": { "type": "Polygon", "coordinates": [ [ [ -122.392925, 37.776205 ], [ -122.391635, 37.777223 ], [ -122.391625, 37.777216 ], [ -122.392915, 37.776197 ], [ -122.392925, 37.776205 ] ] ] } },
{ "type": "Feature", "properties": { "land_id": "1320", "land_name": "Treasure Island Development Authority", "category": "Other", "department_name": "Treasure Island Development Authority" }, "geometry": { "type": "MultiPolygon", "coordinates": [ [ [ [ -122.362933, 37.812658 ], [ -122.362874, 37.812724 ], [ -122.362837, 37.812703 ], [ -122.362682, 37.81252 ], [ -122.362974, 37.812251 ], [ -122.363121, 37.812349 ], [ -122.363303, 37.812397 ], [ -122.362933, 37.812658 ] ] ], [ [ [ -122.35946, 37.814952 ], [ -122.359027, 37.814628 ], [ -122.359233, 37.814455 ], [ -122.359666, 37.814779 ], [ -122.35946, 37.814952 ] ] ], [ [ [ -122.367871, 37.810664 ], [ -122.36806, 37.810704 ], [ -122.368764, 37.810926 ], [ -122.368643, 37.811194 ], [ -122.368208, 37.811099 ], [ -122.36768, 37.811048 ], [ -122.367653, 37.811013 ], [ -122.367648, 37.810825 ], [ -122.367604, 37.810675 ], [ -122.367678, 37.810642 ], [ -122.367871, 37.810664 ] ] ], [ [ [ -122.363498, 37.809576 ], [ -122.36358, 37.809951 ], [ -122.363549, 37.809966 ], [ -122.363567, 37.809988 ], [ -122.363743, 37.810153 ], [ -122.363878, 37.810234 ], [ -122.364115, 37.810342 ], [ -122.364174, 37.810418 ], [ -122.364171, 37.810481 ], [ -122.364119, 37.810575 ], [ -122.363817, 37.810892 ], [ -122.363779, 37.810911 ], [ -122.36373, 37.810905 ], [ -122.363638, 37.810849 ], [ -122.36353, 37.810722 ], [ -122.363536, 37.810651 ], [ -122.363497, 37.81054 ], [ -122.363482, 37.810427 ], [ -122.363498, 37.809576 ] ] ], [ [ [ -122.367528, 37.810541 ], [ -122.367496, 37.81053 ], [ -122.367474, 37.810502 ], [ -122.367455, 37.810438 ], [ -122.367466, 37.810374 ], [ -122.367505, 37.810317 ], [ -122.367567, 37.810275 ], [ -122.367654, 37.810253 ], [ -122.368364, 37.810206 ], [ -122.368536, 37.810227 ], [ -122.369691, 37.810484 ], [ -122.369753, 37.810521 ], [ -122.369774, 37.81058 ], [ -122.369723, 37.810683 ], [ -122.369468, 37.810883 ], [ -122.369382, 37.810924 ], [ -122.369282, 37.810936 ], [ -122.369199, 37.810922 ], [ -122.368124, 37.810581 ], [ -122.36791, 37.810536 ], [ -122.367695, 37.81051 ], [ -122.367528, 37.810541 ] ] ], [ [ [ -122.364251, 37.811352 ], [ -122.365345, 37.810333 ], [ -122.365327, 37.81032 ], [ -122.366047, 37.809649 ], [ -122.366573, 37.809809 ], [ -122.367018, 37.810036 ], [ -122.367338, 37.810094 ], [ -122.367466, 37.810183 ], [ -122.367389, 37.810239 ], [ -122.367335, 37.810308 ], [ -122.367306, 37.810386 ], [ -122.367306, 37.81047 ], [ -122.367186, 37.810469 ], [ -122.367186, 37.810451 ], [ -122.36697, 37.81045 ], [ -122.36697, 37.810468 ], [ -122.366692, 37.810457 ], [ -122.366391, 37.8104 ], [ -122.366071, 37.810285 ], [ -122.366062, 37.8103 ], [ -122.365932, 37.810252 ], [ -122.365104, 37.811024 ], [ -122.36501, 37.810973 ], [ -122.364873, 37.811132 ], [ -122.364686, 37.811309 ], [ -122.36461, 37.811424 ], [ -122.364462, 37.811833 ], [ -122.364266, 37.811783 ], [ -122.364507, 37.811559 ], [ -122.364328, 37.811438 ], [ -122.36435, 37.811419 ], [ -122.364251, 37.811352 ] ] ], [ [ [ -122.371377, 37.816243 ], [ -122.371468, 37.816265 ], [ -122.371776, 37.816733 ], [ -122.372021, 37.817041 ], [ -122.372203, 37.817325 ], [ -122.370862, 37.817881 ], [ -122.369953, 37.816833 ], [ -122.371377, 37.816243 ] ] ], [ [ [ -122.363916, 37.810126 ], [ -122.363766, 37.810015 ], [ -122.363637, 37.809849 ], [ -122.363564, 37.809652 ], [ -122.363558, 37.809472 ], [ -122.363648, 37.809 ], [ -122.363742, 37.808843 ], [ -122.36388, 37.808732 ], [ -122.364074, 37.808653 ], [ -122.364291, 37.808632 ], [ -122.365629, 37.808816 ], [ -122.36588, 37.80889 ], [ -122.366204, 37.809075 ], [ -122.365606, 37.809632 ], [ -122.365652, 37.80964 ], [ -122.365595, 37.809734 ], [ -122.3655, 37.809718 ], [ -122.365477, 37.809834 ], [ -122.365402, 37.809822 ], [ -122.365035, 37.810164 ], [ -122.364951, 37.810107 ], [ -122.36478, 37.810241 ], [ -122.364668, 37.810286 ], [ -122.364564, 37.810306 ], [ -122.364368, 37.810296 ], [ -122.364188, 37.810246 ], [ -122.363916, 37.810126 ] ] ], [ [ [ -122.361161, 37.812529 ], [ -122.361235, 37.812235 ], [ -122.36136, 37.810665 ], [ -122.361143, 37.810025 ], [ -122.361229, 37.810019 ], [ -122.361216, 37.809908 ], [ -122.361294, 37.809908 ], [ -122.361313, 37.809872 ], [ -122.361285, 37.80937 ], [ -122.36105, 37.809378 ], [ -122.360978, 37.808118 ], [ -122.361421, 37.80811 ], [ -122.361493, 37.807707 ], [ -122.361759, 37.807647 ], [ -122.361905, 37.807101 ], [ -122.362559, 37.807078 ], [ -122.362694, 37.807321 ], [ -122.363414, 37.807577 ], [ -122.363753, 37.807469 ], [ -122.364828, 37.807606 ], [ -122.3655, 37.807844 ], [ -122.366707, 37.807473 ], [ -122.36718, 37.807406 ], [ -122.367392, 37.804931 ], [ -122.368202, 37.805166 ], [ -122.36899, 37.805445 ], [ -122.36985, 37.805809 ], [ -122.370656, 37.806217 ], [ -122.371212, 37.806365 ], [ -122.371766, 37.806551 ], [ -122.372299, 37.80677 ], [ -122.372798, 37.807015 ], [ -122.373167, 37.807225 ], [ -122.373521, 37.807452 ], [ -122.373857, 37.807694 ], [ -122.374175, 37.807952 ], [ -122.374473, 37.808224 ], [ -122.374751, 37.808509 ], [ -122.375007, 37.808807 ], [ -122.375241, 37.809116 ], [ -122.37561, 37.809711 ], [ -122.375952, 37.810436 ], [ -122.376027, 37.810685 ], [ -122.376075, 37.810946 ], [ -122.376093, 37.811201 ], [ -122.376083, 37.811456 ], [ -122.376045, 37.81171 ], [ -122.375981, 37.811953 ], [ -122.375889, 37.812197 ], [ -122.375773, 37.812428 ], [ -122.375634, 37.812649 ], [ -122.375466, 37.812867 ], [ -122.37528, 37.813066 ], [ -122.375074, 37.813252 ], [ -122.375055, 37.813562 ], [ -122.374992, 37.813877 ], [ -122.374886, 37.814184 ], [ -122.374738, 37.81448 ], [ -122.385306, 37.83028 ], [ -122.371541, 37.836072 ], [ -122.35915, 37.817541 ], [ -122.359186, 37.817542 ], [ -122.358743, 37.817498 ], [ -122.358224, 37.817391 ], [ -122.357729, 37.817228 ], [ -122.357267, 37.817012 ], [ -122.356847, 37.816747 ], [ -122.356478, 37.816439 ], [ -122.356166, 37.816093 ], [ -122.355974, 37.815812 ], [ -122.355819, 37.815518 ], [ -122.355675, 37.815108 ], [ -122.355644, 37.814697 ], [ -122.355664, 37.814079 ], [ -122.355763, 37.813466 ], [ -122.355942, 37.812865 ], [ -122.356197, 37.812281 ], [ -122.356409, 37.811905 ], [ -122.356786, 37.811364 ], [ -122.357231, 37.810857 ], [ -122.357739, 37.810389 ], [ -122.35811, 37.810101 ], [ -122.360889, 37.81271 ], [ -122.361161, 37.812529 ] ], [ [ -122.36952, 37.817037 ], [ -122.368393, 37.817504 ], [ -122.368751, 37.818047 ], [ -122.369877, 37.81758 ], [ -122.36998, 37.817736 ], [ -122.368853, 37.818203 ], [ -122.369104, 37.818585 ], [ -122.370231, 37.818118 ], [ -122.370351, 37.818299 ], [ -122.369158, 37.818799 ], [ -122.369983, 37.820034 ], [ -122.368849, 37.820509 ], [ -122.369366, 37.821283 ], [ -122.367818, 37.821931 ], [ -122.368289, 37.822641 ], [ -122.370053, 37.821901 ], [ -122.370944, 37.823235 ], [ -122.370563, 37.823395 ], [ -122.371381, 37.824618 ], [ -122.373854, 37.82357 ], [ -122.371342, 37.819823 ], [ -122.370411, 37.818344 ], [ -122.37314, 37.822485 ], [ -122.374394, 37.821317 ], [ -122.373032, 37.819249 ], [ -122.373011, 37.819258 ], [ -122.372387, 37.81831 ], [ -122.371763, 37.818891 ], [ -122.371087, 37.818064 ], [ -122.372519, 37.81747 ], [ -122.371434, 37.815819 ], [ -122.371469, 37.815805 ], [ -122.371291, 37.815528 ], [ -122.37119, 37.815311 ], [ -122.371069, 37.8149 ], [ -122.371004, 37.81423 ], [ -122.37103, 37.813805 ], [ -122.371088, 37.813544 ], [ -122.371164, 37.813284 ], [ -122.371201, 37.81322 ], [ -122.371223, 37.813144 ], [ -122.371206, 37.813141 ], [ -122.371505, 37.81213 ], [ -122.37127, 37.812087 ], [ -122.370976, 37.813082 ], [ -122.370942, 37.813103 ], [ -122.370771, 37.813048 ], [ -122.370647, 37.812966 ], [ -122.370608, 37.812993 ], [ -122.370553, 37.812934 ], [ -122.370497, 37.812833 ], [ -122.37032, 37.812325 ], [ -122.37019, 37.812123 ], [ -122.370652, 37.811871 ], [ -122.370826, 37.811748 ], [ -122.371004, 37.811558 ], [ -122.371125, 37.811337 ], [ -122.371176, 37.811108 ], [ -122.37119, 37.810873 ], [ -122.371178, 37.810687 ], [ -122.371104, 37.810394 ], [ -122.370956, 37.810099 ], [ -122.370135, 37.810269 ], [ -122.369993, 37.81046 ], [ -122.369885, 37.810482 ], [ -122.369823, 37.810419 ], [ -122.369738, 37.81038 ], [ -122.368508, 37.810109 ], [ -122.368294, 37.810096 ], [ -122.367597, 37.810138 ], [ -122.367608, 37.810096 ], [ -122.367577, 37.809896 ], [ -122.36723, 37.809656 ], [ -122.366757, 37.809406 ], [ -122.366541, 37.809374 ], [ -122.366293, 37.80942 ], [ -122.366757, 37.808988 ], [ -122.366593, 37.808878 ], [ -122.36692, 37.808574 ], [ -122.367083, 37.808684 ], [ -122.368038, 37.807795 ], [ -122.368012, 37.807785 ], [ -122.367816, 37.807902 ], [ -122.367626, 37.807887 ], [ -122.367534, 37.807828 ], [ -122.36759, 37.807702 ], [ -122.367454, 37.80771 ], [ -122.367353, 37.80765 ], [ -122.367309, 37.80749 ], [ -122.367211, 37.80741 ], [ -122.36718, 37.807407 ], [ -122.36717, 37.807519 ], [ -122.365845, 37.808754 ], [ -122.36433, 37.808543 ], [ -122.36402, 37.808584 ], [ -122.363844, 37.808665 ], [ -122.363693, 37.808773 ], [ -122.363542, 37.808951 ], [ -122.363491, 37.809051 ], [ -122.363454, 37.809183 ], [ -122.363405, 37.809518 ], [ -122.363417, 37.809895 ], [ -122.363365, 37.809895 ], [ -122.363389, 37.810057 ], [ -122.363368, 37.810458 ], [ -122.363247, 37.810528 ], [ -122.363187, 37.810589 ], [ -122.36315, 37.810678 ], [ -122.363158, 37.810773 ], [ -122.363133, 37.810792 ], [ -122.363413, 37.811173 ], [ -122.362891, 37.811648 ], [ -122.36278, 37.811875 ], [ -122.362728, 37.812055 ], [ -122.362622, 37.812323 ], [ -122.362032, 37.812967 ], [ -122.361453, 37.81331 ], [ -122.360889, 37.81271 ], [ -122.360692, 37.812876 ], [ -122.359713, 37.813411 ], [ -122.359506, 37.813408 ], [ -122.359303, 37.813482 ], [ -122.359103, 37.813601 ], [ -122.359257, 37.813799 ], [ -122.358983, 37.814144 ], [ -122.35892, 37.814303 ], [ -122.358943, 37.814485 ], [ -122.358895, 37.81465 ], [ -122.359007, 37.814787 ], [ -122.359403, 37.815036 ], [ -122.359551, 37.815012 ], [ -122.359819, 37.814903 ], [ -122.359919, 37.814832 ], [ -122.360344, 37.814682 ], [ -122.360388, 37.814682 ], [ -122.360582, 37.81457 ], [ -122.360791, 37.814443 ], [ -122.36077, 37.814422 ], [ -122.361213, 37.81413 ], [ -122.36201, 37.813557 ], [ -122.361995, 37.813638 ], [ -122.362009, 37.813722 ], [ -122.362049, 37.813797 ], [ -122.362114, 37.813861 ], [ -122.362252, 37.813927 ], [ -122.362582, 37.813987 ], [ -122.362852, 37.814006 ], [ -122.363115, 37.813997 ], [ -122.364115, 37.813899 ], [ -122.364371, 37.813837 ], [ -122.364594, 37.813727 ], [ -122.364773, 37.813574 ], [ -122.364896, 37.81339 ], [ -122.364954, 37.813191 ], [ -122.364957, 37.813066 ], [ -122.364936, 37.812941 ], [ -122.36489, 37.812821 ], [ -122.364821, 37.812709 ], [ -122.364731, 37.812606 ], [ -122.364621, 37.812516 ], [ -122.364491, 37.812438 ], [ -122.364351, 37.81238 ], [ -122.364465, 37.812274 ], [ -122.364584, 37.812091 ], [ -122.364788, 37.812034 ], [ -122.36496, 37.812033 ], [ -122.365129, 37.812013 ], [ -122.365634, 37.811838 ], [ -122.365731, 37.811772 ], [ -122.365807, 37.811693 ], [ -122.365918, 37.811449 ], [ -122.366006, 37.811335 ], [ -122.366146, 37.811235 ], [ -122.366315, 37.811175 ], [ -122.366481, 37.811156 ], [ -122.367244, 37.811164 ], [ -122.36749, 37.811191 ], [ -122.367889, 37.811175 ], [ -122.368371, 37.811241 ], [ -122.368799, 37.811362 ], [ -122.36919, 37.811533 ], [ -122.369501, 37.811724 ], [ -122.369972, 37.812084 ], [ -122.370087, 37.812198 ], [ -122.370175, 37.812331 ], [ -122.370366, 37.81287 ], [ -122.370434, 37.812989 ], [ -122.370594, 37.813134 ], [ -122.370836, 37.81324 ], [ -122.370877, 37.81327 ], [ -122.370769, 37.813664 ], [ -122.370723, 37.814007 ], [ -122.370723, 37.814289 ], [ -122.370778, 37.81495 ], [ -122.370836, 37.815248 ], [ -122.370932, 37.81554 ], [ -122.371061, 37.815815 ], [ -122.371236, 37.816097 ], [ -122.369637, 37.816759 ], [ -122.369644, 37.816769 ], [ -122.369408, 37.816867 ], [ -122.36952, 37.817037 ] ], [ [ -122.372555, 37.833143 ], [ -122.372598, 37.833123 ], [ -122.372641, 37.833101 ], [ -122.372677, 37.833079 ], [ -122.372717, 37.833054 ], [ -122.37275, 37.83303 ], [ -122.37278, 37.833006 ], [ -122.372553, 37.833143 ], [ -122.372555, 37.833143 ] ], [ [ -122.372786, 37.833002 ], [ -122.37282, 37.832972 ], [ -122.372848, 37.832944 ], [ -122.372875, 37.832915 ], [ -122.372903, 37.832881 ], [ -122.372928, 37.832846 ], [ -122.372943, 37.832822 ], [ -122.37278, 37.833006 ], [ -122.372786, 37.833002 ] ], [ [ -122.372951, 37.832811 ], [ -122.372961, 37.832793 ], [ -122.372969, 37.832778 ], [ -122.372978, 37.832759 ], [ -122.372987, 37.83274 ], [ -122.372992, 37.832729 ], [ -122.373125, 37.832412 ], [ -122.372943, 37.832822 ], [ -122.372951, 37.832811 ] ], [ [ -122.367654, 37.819446 ], [ -122.367879, 37.819788 ], [ -122.36872, 37.819004 ], [ -122.367654, 37.819446 ] ], [ [ -122.369066, 37.818936 ], [ -122.368763, 37.819218 ], [ -122.369173, 37.81984 ], [ -122.369556, 37.819682 ], [ -122.369066, 37.818936 ] ], [ [ -122.367902, 37.81767 ], [ -122.366857, 37.818103 ], [ -122.367039, 37.818381 ], [ -122.368081, 37.817942 ], [ -122.367902, 37.81767 ] ], [ [ -122.365955, 37.818477 ], [ -122.364694, 37.818999 ], [ -122.364885, 37.819289 ], [ -122.366142, 37.818761 ], [ -122.365955, 37.818477 ] ], [ [ -122.367467, 37.819523 ], [ -122.366495, 37.819926 ], [ -122.366965, 37.820638 ], [ -122.367731, 37.819925 ], [ -122.367467, 37.819523 ] ], [ [ -122.368218, 37.827262 ], [ -122.367123, 37.827725 ], [ -122.368507, 37.829785 ], [ -122.369603, 37.829322 ], [ -122.368218, 37.827262 ] ], [ [ -122.372662, 37.8262 ], [ -122.372895, 37.826545 ], [ -122.373063, 37.826475 ], [ -122.373913, 37.827741 ], [ -122.374597, 37.827454 ], [ -122.374791, 37.827905 ], [ -122.374963, 37.827422 ], [ -122.374861, 37.827399 ], [ -122.374646, 37.827102 ], [ -122.374196, 37.826406 ], [ -122.374221, 37.826373 ], [ -122.373796, 37.825736 ], [ -122.374459, 37.825457 ], [ -122.373949, 37.824707 ], [ -122.373292, 37.824983 ], [ -122.372788, 37.82423 ], [ -122.372785, 37.82419 ], [ -122.372818, 37.824159 ], [ -122.371795, 37.824588 ], [ -122.37283, 37.826129 ], [ -122.372662, 37.8262 ] ], [ [ -122.365257, 37.81773 ], [ -122.365318, 37.817938 ], [ -122.365406, 37.818141 ], [ -122.36552, 37.818335 ], [ -122.370116, 37.816401 ], [ -122.369873, 37.8161 ], [ -122.369567, 37.815837 ], [ -122.369285, 37.815659 ], [ -122.368892, 37.815483 ], [ -122.368467, 37.815364 ], [ -122.368112, 37.815311 ], [ -122.367662, 37.815302 ], [ -122.367216, 37.815354 ], [ -122.366065, 37.815837 ], [ -122.365888, 37.815979 ], [ -122.365728, 37.816134 ], [ -122.365507, 37.816417 ], [ -122.365338, 37.816742 ], [ -122.365239, 37.81709 ], [ -122.365218, 37.817446 ], [ -122.365257, 37.81773 ] ], [ [ -122.364297, 37.824921 ], [ -122.365357, 37.826506 ], [ -122.365426, 37.826478 ], [ -122.367606, 37.825562 ], [ -122.367444, 37.825319 ], [ -122.368436, 37.824901 ], [ -122.368033, 37.824301 ], [ -122.368211, 37.824227 ], [ -122.368139, 37.82412 ], [ -122.368922, 37.823791 ], [ -122.367997, 37.822414 ], [ -122.366961, 37.823378 ], [ -122.366809, 37.823151 ], [ -122.366223, 37.823397 ], [ -122.366337, 37.823567 ], [ -122.365991, 37.823712 ], [ -122.366149, 37.823948 ], [ -122.365966, 37.824025 ], [ -122.365993, 37.824065 ], [ -122.365008, 37.824479 ], [ -122.365083, 37.82459 ], [ -122.364373, 37.824889 ], [ -122.364297, 37.824921 ] ], [ [ -122.367819, 37.830187 ], [ -122.36811, 37.830623 ], [ -122.368178, 37.830594 ], [ -122.367887, 37.830158 ], [ -122.367819, 37.830187 ] ] ] ] } },
{ "type": "Feature", "properties": { "land_id": "413", "land_name": "SFUSD -- Student Nutrition Services", "category": "Unified School District", "department_name": "School District (SFUSD)" }, "geometry": { "type": "Polygon", "coordinates": [ [ [ -122.420148, 37.783507 ], [ -122.420214, 37.783832 ], [ -122.419932, 37.783868 ], [ -122.419866, 37.783543 ], [ -122.420148, 37.783507 ] ] ] } },
{ "type": "Feature", "properties": { "land_id": "2326", "land_name": "7th & Irving Parking Lot", "category": "MTA", "department_name": "Municipal Transportation Agency" }, "geometry": { "type": "Polygon", "coordinates": [ [ [ -122.463586, 37.76343 ], [ -122.464001, 37.763418 ], [ -122.46402, 37.763686 ], [ -122.463605, 37.763705 ], [ -122.463586, 37.76343 ] ] ] } },
{ "type": "Feature", "properties": { "land_id": "652", "land_name": "BERNAL HEIGHTS RECREATION CENTER", "category": "Recreation & Park", "department_name": "Recreation and Parks" }, "geometry": { "type": "Polygon", "coordinates": [ [ [ -122.415941, 37.738119 ], [ -122.416428, 37.738146 ], [ -122.416371, 37.738781 ], [ -122.415884, 37.73874 ], [ -122.415941, 37.738119 ] ] ] } },
{ "type": "Feature", "properties": { "land_id": "1336", "land_name": "2 Rankin St", "category": "PUC/Wastewater", "department_name": "Public Utilities Commission" }, "geometry": { "type": "Polygon", "coordinates": [ [ [ -122.392138, 37.746167 ], [ -122.391778, 37.74657 ], [ -122.39189, 37.746634 ], [ -122.391572, 37.746991 ], [ -122.390825, 37.746773 ], [ -122.391627, 37.745875 ], [ -122.392138, 37.746167 ] ] ] } },
{ "type": "Feature", "properties": { "land_id": "619", "land_name": "PUC - CITY DISTRUTION DIVISION", "category": "PUC/Wastewater", "department_name": "Public Utilities Commission" }, "geometry": { "type": "Polygon", "coordinates": [ [ [ -122.394977, 37.739235 ], [ -122.394998, 37.738321 ], [ -122.397347, 37.739652 ], [ -122.396953, 37.740089 ], [ -122.396698, 37.739944 ], [ -122.396038, 37.740663 ], [ -122.39482, 37.739967 ], [ -122.394927, 37.739206 ], [ -122.394977, 37.739235 ] ] ] } },
{ "type": "Feature", "properties": { "land_id": "968", "land_name": "Mission Bay Stormwater PS #4", "category": "PUC/Wastewater", "department_name": "Public Utilities Commission" }, "geometry": { "type": "Polygon", "coordinates": [ [ [ -122.397122, 37.770492 ], [ -122.397104, 37.770339 ], [ -122.397244, 37.770326 ], [ -122.397265, 37.770483 ], [ -122.397122, 37.770492 ] ] ] } },
{ "type": "Feature", "properties": { "land_id": "830", "land_name": "TARAVAL SUBSTATION", "category": "MTA", "department_name": "Municipal Transportation Agency" }, "geometry": { "type": "Polygon", "coordinates": [ [ [ -122.498743, 37.74165 ], [ -122.498763, 37.741925 ], [ -122.498676, 37.741928 ], [ -122.498657, 37.741654 ], [ -122.498743, 37.74165 ] ] ] } },
{ "type": "Feature", "properties": { "land_id": "794", "land_name": "BERNAL HEIGHTS LIBRARY", "category": "Public Library", "department_name": "Public Library" }, "geometry": { "type": "Polygon", "coordinates": [ [ [ -122.416371, 37.738781 ], [ -122.416355, 37.738963 ], [ -122.415867, 37.738916 ], [ -122.415884, 37.73874 ], [ -122.416371, 37.738781 ] ] ] } },
{ "type": "Feature", "properties": { "land_id": "800", "land_name": "SUNSET BRANCH LIBRARY", "category": "Public Library", "department_name": "Public Library" }, "geometry": { "type": "Polygon", "coordinates": [ [ [ -122.476459, 37.763484 ], [ -122.476168, 37.763496 ], [ -122.476147, 37.763206 ], [ -122.476444, 37.763196 ], [ -122.476459, 37.763484 ] ] ] } },
{ "type": "Feature", "properties": { "land_id": "707", "land_name": "MISSION CREEK CHANNEL HOUSEBOATS PARCEL", "category": "Port", "department_name": "Port" }, "geometry": { "type": "Polygon", "coordinates": [ [ [ -122.3945, 37.77302 ], [ -122.397217, 37.770874 ], [ -122.397449, 37.771059 ], [ -122.394732, 37.773205 ], [ -122.3945, 37.77302 ] ] ] } },
{ "type": "Feature", "properties": { "land_id": "972", "land_name": "OCME Building Site", "category": "Real Estate", "department_name": "GSA - Real Estate Division" }, "geometry": { "type": "Polygon", "coordinates": [ [ [ -122.37739, 37.739733 ], [ -122.37769, 37.739401 ], [ -122.377775, 37.739373 ], [ -122.377826, 37.739386 ], [ -122.378565, 37.739801 ], [ -122.378208, 37.740193 ], [ -122.37739, 37.739733 ] ] ] } },
{ "type": "Feature", "properties": { "land_id": "1247", "land_name": "Mission Rock St ROW - Mission Bay", "category": "Public Works", "department_name": "Public Works" }, "geometry": { "type": "Polygon", "coordinates": [ [ [ -122.39126, 37.772917 ], [ -122.390032, 37.772991 ], [ -122.38983, 37.772829 ], [ -122.391243, 37.772744 ], [ -122.39126, 37.772917 ] ] ] } },
{ "type": "Feature", "properties": { "land_id": "436", "land_name": "RICHMOND RECREATION CENTER", "category": "Unified School District", "department_name": "School District (SFUSD)" }, "geometry": { "type": "Polygon", "coordinates": [ [ [ -122.477548, 37.783083 ], [ -122.478376, 37.783046 ], [ -122.478406, 37.783457 ], [ -122.477578, 37.783494 ], [ -122.477548, 37.783083 ] ] ] } },
{ "type": "Feature", "properties": { "land_id": "938", "land_name": "Well Site", "category": "PUC/Water", "department_name": "Public Utilities Commission" }, "geometry": { "type": "Polygon", "coordinates": [ [ [ -122.416105, 37.763723 ], [ -122.416149, 37.763721 ], [ -122.416152, 37.763752 ], [ -122.416108, 37.763756 ], [ -122.416105, 37.763723 ] ] ] } },
{ "type": "Feature", "properties": { "land_id": "1248", "land_name": "China Basin St ROW - Mission Bay", "category": "Public Works", "department_name": "Public Works" }, "geometry": { "type": "Polygon", "coordinates": [ [ [ -122.389741, 37.771903 ], [ -122.391155, 37.771818 ], [ -122.391171, 37.771991 ], [ -122.389758, 37.772076 ], [ -122.389741, 37.771903 ] ] ] } },
{ "type": "Feature", "properties": { "land_id": "1249", "land_name": "Channel St ROW - Mission Bay", "category": "Public Works", "department_name": "Public Works" }, "geometry": { "type": "Polygon", "coordinates": [ [ [ -122.391225, 37.774343 ], [ -122.391521, 37.774578 ], [ -122.390006, 37.774669 ], [ -122.389982, 37.774417 ], [ -122.391225, 37.774343 ] ] ] } },
{ "type": "Feature", "properties": { "land_id": "1246", "land_name": "1100-1300 4th St ROW - Mission Bay", "category": "Public Works", "department_name": "Public Works" }, "geometry": { "type": "Polygon", "coordinates": [ [ [ -122.391384, 37.77407 ], [ -122.391354, 37.773906 ], [ -122.391083, 37.771065 ], [ -122.391339, 37.771049 ], [ -122.391606, 37.773846 ], [ -122.391656, 37.774065 ], [ -122.391516, 37.774175 ], [ -122.391384, 37.77407 ] ] ] } },
{ "type": "Feature", "properties": { "land_id": "452", "land_name": "SFUSD -- 1360 43rd Ave", "category": "Unified School District", "department_name": "School District (SFUSD)" }, "geometry": { "type": "Polygon", "coordinates": [ [ [ -122.501792, 37.761061 ], [ -122.502624, 37.761024 ], [ -122.502672, 37.76171 ], [ -122.501841, 37.761747 ], [ -122.501792, 37.761061 ] ] ] } },
{ "type": "Feature", "properties": { "land_id": "810", "land_name": "LAKE MERCED PARK", "category": "PUC/Water", "department_name": "Public Utilities Commission" }, "geometry": { "type": "MultiPolygon", "coordinates": [ [ [ [ -122.471466, 37.708207 ], [ -122.471502, 37.711464 ], [ -122.471506, 37.711882 ], [ -122.471406, 37.711699 ], [ -122.471364, 37.711501 ], [ -122.471328, 37.708208 ], [ -122.471466, 37.708207 ] ] ], [ [ [ -122.502186, 37.729929 ], [ -122.502229, 37.730023 ], [ -122.502223, 37.730119 ], [ -122.502172, 37.730206 ], [ -122.502084, 37.730272 ], [ -122.499737, 37.731203 ], [ -122.499701, 37.731205 ], [ -122.499671, 37.731188 ], [ -122.499673, 37.73114 ], [ -122.500689, 37.730156 ], [ -122.500997, 37.729828 ], [ -122.501283, 37.729488 ], [ -122.501669, 37.728975 ], [ -122.501709, 37.728974 ], [ -122.501738, 37.728996 ], [ -122.50181, 37.729241 ], [ -122.501905, 37.729471 ], [ -122.502025, 37.729693 ], [ -122.502186, 37.729929 ] ] ], [ [ [ -122.488513, 37.710333 ], [ -122.489085, 37.711536 ], [ -122.48919, 37.711669 ], [ -122.489295, 37.711742 ], [ -122.489428, 37.711794 ], [ -122.490157, 37.711882 ], [ -122.490306, 37.71193 ], [ -122.490426, 37.712 ], [ -122.490522, 37.712093 ], [ -122.492205, 37.714191 ], [ -122.492301, 37.714293 ], [ -122.493823, 37.715337 ], [ -122.493975, 37.71538 ], [ -122.494445, 37.715372 ], [ -122.494722, 37.715818 ], [ -122.494115, 37.715634 ], [ -122.493709, 37.715474 ], [ -122.493239, 37.715251 ], [ -122.492902, 37.715032 ], [ -122.492541, 37.714747 ], [ -122.49222, 37.714433 ], [ -122.492029, 37.71421 ], [ -122.491367, 37.71334 ], [ -122.490887, 37.712962 ], [ -122.489535, 37.712085 ], [ -122.489275, 37.711882 ], [ -122.489126, 37.71173 ], [ -122.488998, 37.711566 ], [ -122.488784, 37.711147 ], [ -122.488212, 37.709911 ], [ -122.487929, 37.709374 ], [ -122.487795, 37.709189 ], [ -122.487597, 37.708983 ], [ -122.487333, 37.70878 ], [ -122.48685, 37.708503 ], [ -122.486385, 37.708269 ], [ -122.486228, 37.708149 ], [ -122.487536, 37.708758 ], [ -122.48778, 37.708909 ], [ -122.48797, 37.709067 ], [ -122.488166, 37.709291 ], [ -122.488321, 37.709565 ], [ -122.488384, 37.709749 ], [ -122.488513, 37.710333 ] ] ], [ [ [ -122.484966, 37.70935 ], [ -122.485135, 37.709973 ], [ -122.485232, 37.710508 ], [ -122.485054, 37.714337 ], [ -122.485005, 37.714444 ], [ -122.484897, 37.714512 ], [ -122.484791, 37.714529 ], [ -122.482837, 37.71447 ], [ -122.47919, 37.714336 ], [ -122.477966, 37.714344 ], [ -122.477121, 37.714371 ], [ -122.476701, 37.714346 ], [ -122.476274, 37.714263 ], [ -122.475856, 37.714119 ], [ -122.475458, 37.713963 ], [ -122.474398, 37.713391 ], [ -122.473869, 37.713132 ], [ -122.473918, 37.713028 ], [ -122.475889, 37.71399 ], [ -122.476349, 37.714143 ], [ -122.47682, 37.714233 ], [ -122.477303, 37.714263 ], [ -122.477714, 37.714242 ], [ -122.478927, 37.714228 ], [ -122.483657, 37.714353 ], [ -122.483678, 37.71353 ], [ -122.483694, 37.71353 ], [ -122.483877, 37.713277 ], [ -122.484384, 37.711898 ], [ -122.484507, 37.710158 ], [ -122.484139, 37.709403 ], [ -122.484148, 37.709147 ], [ -122.484038, 37.708412 ], [ -122.483813, 37.7082 ], [ -122.483513, 37.708171 ], [ -122.484274, 37.708163 ], [ -122.48434, 37.708248 ], [ -122.484293, 37.708279 ], [ -122.484284, 37.708328 ], [ -122.484647, 37.708948 ], [ -122.484803, 37.708847 ], [ -122.484834, 37.708853 ], [ -122.484965, 37.708608 ], [ -122.485357, 37.708152 ], [ -122.485526, 37.70815 ], [ -122.485345, 37.708415 ], [ -122.485109, 37.708712 ], [ -122.485027, 37.708855 ], [ -122.484959, 37.709093 ], [ -122.484966, 37.70935 ] ] ], [ [ [ -122.494009, 37.715837 ], [ -122.497636, 37.716929 ], [ -122.497913, 37.717045 ], [ -122.498175, 37.717179 ], [ -122.498422, 37.71733 ], [ -122.498651, 37.717498 ], [ -122.498861, 37.717682 ], [ -122.499037, 37.717869 ], [ -122.499241, 37.718124 ], [ -122.499332, 37.71825 ], [ -122.499218, 37.718315 ], [ -122.498829, 37.719052 ], [ -122.498737, 37.719442 ], [ -122.498829, 37.7199 ], [ -122.499391, 37.720549 ], [ -122.499623, 37.720725 ], [ -122.499918, 37.720711 ], [ -122.500285, 37.72063 ], [ -122.500321, 37.720725 ], [ -122.500457, 37.72096 ], [ -122.500699, 37.721297 ], [ -122.501894, 37.722592 ], [ -122.502245, 37.723032 ], [ -122.502447, 37.723341 ], [ -122.50262, 37.72366 ], [ -122.502696, 37.723822 ], [ -122.50279, 37.724128 ], [ -122.502865, 37.724565 ], [ -122.502876, 37.724943 ], [ -122.502835, 37.725329 ], [ -122.50272, 37.725764 ], [ -122.501827, 37.727955 ], [ -122.501638, 37.728357 ], [ -122.501473, 37.728651 ], [ -122.50123, 37.729022 ], [ -122.500975, 37.729362 ], [ -122.5006, 37.729796 ], [ -122.499145, 37.731216 ], [ -122.499055, 37.731276 ], [ -122.498952, 37.73132 ], [ -122.498839, 37.731346 ], [ -122.498712, 37.731352 ], [ -122.498567, 37.73133 ], [ -122.498443, 37.731284 ], [ -122.498337, 37.731216 ], [ -122.49825, 37.731122 ], [ -122.49746, 37.72951 ], [ -122.497344, 37.729366 ], [ -122.497165, 37.729205 ], [ -122.496932, 37.729061 ], [ -122.496692, 37.728962 ], [ -122.496409, 37.728893 ], [ -122.496087, 37.728869 ], [ -122.495792, 37.728893 ], [ -122.494043, 37.729312 ], [ -122.493766, 37.729338 ], [ -122.493571, 37.729318 ], [ -122.493371, 37.72926 ], [ -122.492766, 37.728951 ], [ -122.492331, 37.728766 ], [ -122.492154, 37.728732 ], [ -122.491992, 37.728723 ], [ -122.491592, 37.728771 ], [ -122.491385, 37.728824 ], [ -122.491203, 37.728893 ], [ -122.491048, 37.728975 ], [ -122.490925, 37.72906 ], [ -122.490616, 37.729356 ], [ -122.49019, 37.729823 ], [ -122.490025, 37.729984 ], [ -122.489914, 37.730069 ], [ -122.489772, 37.730145 ], [ -122.489632, 37.730197 ], [ -122.489483, 37.73023 ], [ -122.489296, 37.730248 ], [ -122.4891, 37.730239 ], [ -122.488937, 37.730206 ], [ -122.4872, 37.729667 ], [ -122.486154, 37.729379 ], [ -122.485979, 37.729314 ], [ -122.485837, 37.729242 ], [ -122.485672, 37.72913 ], [ -122.485531, 37.728998 ], [ -122.484323, 37.72758 ], [ -122.484231, 37.727438 ], [ -122.484153, 37.727266 ], [ -122.484105, 37.727086 ], [ -122.48409, 37.726927 ], [ -122.484111, 37.726698 ], [ -122.485124, 37.724294 ], [ -122.485198, 37.724062 ], [ -122.485236, 37.723824 ], [ -122.485259, 37.720799 ], [ -122.48524, 37.7183 ], [ -122.485254, 37.716928 ], [ -122.485287, 37.716241 ], [ -122.485474, 37.715457 ], [ -122.485547, 37.71523 ], [ -122.485581, 37.71494 ], [ -122.485424, 37.713376 ], [ -122.485563, 37.71048 ], [ -122.485497, 37.709943 ], [ -122.485422, 37.70964 ], [ -122.485313, 37.709324 ], [ -122.485294, 37.709164 ], [ -122.485314, 37.709049 ], [ -122.485356, 37.708938 ], [ -122.485419, 37.708833 ], [ -122.485508, 37.708734 ], [ -122.485674, 37.708618 ], [ -122.485874, 37.708543 ], [ -122.486093, 37.708515 ], [ -122.486312, 37.708536 ], [ -122.486492, 37.708592 ], [ -122.486858, 37.708772 ], [ -122.487182, 37.708966 ], [ -122.487387, 37.709127 ], [ -122.487542, 37.709285 ], [ -122.487678, 37.709466 ], [ -122.487955, 37.709991 ], [ -122.488605, 37.711387 ], [ -122.48875, 37.711662 ], [ -122.488918, 37.711876 ], [ -122.489087, 37.712045 ], [ -122.489278, 37.712199 ], [ -122.490628, 37.713074 ], [ -122.490913, 37.713281 ], [ -122.49115, 37.713476 ], [ -122.491532, 37.71392 ], [ -122.491921, 37.714478 ], [ -122.492026, 37.714594 ], [ -122.492431, 37.714975 ], [ -122.492822, 37.715268 ], [ -122.49308, 37.715431 ], [ -122.493273, 37.715529 ], [ -122.493671, 37.715707 ], [ -122.494009, 37.715837 ] ], [ [ -122.489717, 37.713108 ], [ -122.489766, 37.712857 ], [ -122.489718, 37.712813 ], [ -122.489395, 37.712918 ], [ -122.489717, 37.713108 ] ] ] ] } },
{ "type": "Feature", "properties": { "land_id": "750", "land_name": "PARKSIDE BRANCH LIBRARY", "category": "Public Library", "department_name": "Public Library" }, "geometry": { "type": "Polygon", "coordinates": [ [ [ -122.479054, 37.743303 ], [ -122.479033, 37.743013 ], [ -122.47955, 37.74299 ], [ -122.479565, 37.743279 ], [ -122.479054, 37.743303 ] ] ] } },
{ "type": "Feature", "properties": { "land_id": "1221", "land_name": "450 6th St", "category": "Real Estate", "department_name": "GSA - Real Estate Division" }, "geometry": { "type": "Polygon", "coordinates": [ [ [ -122.403439, 37.776252 ], [ -122.403516, 37.776315 ], [ -122.4037, 37.77617 ], [ -122.403744, 37.776205 ], [ -122.403335, 37.776527 ], [ -122.403213, 37.77643 ], [ -122.403439, 37.776252 ] ] ] } },
{ "type": "Feature", "properties": { "land_id": "730", "land_name": "PORT LANDS", "category": "Port", "department_name": "Port" }, "geometry": { "type": "Polygon", "coordinates": [ [ [ -122.385497, 37.721598 ], [ -122.385542, 37.722206 ], [ -122.385548, 37.722292 ], [ -122.38493, 37.721941 ], [ -122.385326, 37.721501 ], [ -122.385497, 37.721598 ] ] ] } },
{ "type": "Feature", "properties": { "land_id": "731", "land_name": "PORT LANDS", "category": "Port", "department_name": "Port" }, "geometry": { "type": "Polygon", "coordinates": [ [ [ -122.384586, 37.717948 ], [ -122.384527, 37.717268 ], [ -122.385246, 37.717676 ], [ -122.385292, 37.718107 ], [ -122.385148, 37.718267 ], [ -122.384586, 37.717948 ] ] ] } },
{ "type": "Feature", "properties": { "land_id": "627", "land_name": "SUNNYSIDE PLAYGROUND", "category": "Recreation & Park", "department_name": "Recreation and Parks" }, "geometry": { "type": "Polygon", "coordinates": [ [ [ -122.448277, 37.733716 ], [ -122.448278, 37.734006 ], [ -122.448106, 37.73401 ], [ -122.448105, 37.733913 ], [ -122.446656, 37.733943 ], [ -122.446712, 37.733749 ], [ -122.446708, 37.733447 ], [ -122.44834, 37.733442 ], [ -122.448352, 37.733716 ], [ -122.448277, 37.733716 ] ] ] } },
{ "type": "Feature", "properties": { "land_id": "1281", "land_name": "280 Beale St Housing", "category": "Other", "department_name": "Mayor" }, "geometry": { "type": "Polygon", "coordinates": [ [ [ -122.393371, 37.789041 ], [ -122.392925, 37.788686 ], [ -122.393599, 37.788153 ], [ -122.394045, 37.788509 ], [ -122.393371, 37.789041 ] ] ] } },
{ "type": "Feature", "properties": { "land_id": "798", "land_name": "Port Residential Development Site", "category": "Port", "department_name": "Port" }, "geometry": { "type": "MultiPolygon", "coordinates": [ [ [ [ -122.391692, 37.792663 ], [ -122.391645, 37.792701 ], [ -122.391298, 37.792424 ], [ -122.391483, 37.792276 ], [ -122.391517, 37.792371 ], [ -122.391692, 37.792663 ] ] ], [ [ [ -122.391432, 37.791996 ], [ -122.391125, 37.792241 ], [ -122.391068, 37.792022 ], [ -122.391039, 37.791774 ], [ -122.391097, 37.791728 ], [ -122.391432, 37.791996 ] ] ] ] } },
{ "type": "Feature", "properties": { "land_id": "811", "land_name": "SFPUC HEADQUARTERS", "category": "Real Estate", "department_name": "GSA - Real Estate Division" }, "geometry": { "type": "Polygon", "coordinates": [ [ [ -122.419451, 37.780727 ], [ -122.419517, 37.781053 ], [ -122.418897, 37.781132 ], [ -122.418831, 37.780806 ], [ -122.419451, 37.780727 ] ] ] } },
{ "type": "Feature", "properties": { "land_id": "763", "land_name": "GOLDEN GATEWAY GARAGE", "category": "Real Estate", "department_name": "GSA - Real Estate Division" }, "geometry": { "type": "MultiPolygon", "coordinates": [ [ [ [ -122.39908, 37.795962 ], [ -122.398249, 37.796068 ], [ -122.398115, 37.795412 ], [ -122.398947, 37.795306 ], [ -122.398966, 37.7954 ], [ -122.39899, 37.795397 ], [ -122.399085, 37.795865 ], [ -122.399061, 37.795868 ], [ -122.39908, 37.795962 ] ] ], [ [ [ -122.399374, 37.795252 ], [ -122.400225, 37.795143 ], [ -122.400347, 37.795801 ], [ -122.399507, 37.795908 ], [ -122.399488, 37.795814 ], [ -122.399464, 37.795817 ], [ -122.399369, 37.795349 ], [ -122.399393, 37.795346 ], [ -122.399374, 37.795252 ] ] ] ] } },
{ "type": "Feature", "properties": { "land_id": "807", "land_name": "OCEAN VIEW BRANCH LIBRARY", "category": "Public Library", "department_name": "Public Library" }, "geometry": { "type": "Polygon", "coordinates": [ [ [ -122.466093, 37.714091 ], [ -122.466094, 37.714171 ], [ -122.465834, 37.714173 ], [ -122.465833, 37.714093 ], [ -122.466093, 37.714091 ] ] ] } },
{ "type": "Feature", "properties": { "land_id": "978", "land_name": "SFHA -- Egbert Warehouse and Office", "category": "SFHA", "department_name": "San Francisco Housing Authority" }, "geometry": { "type": "Polygon", "coordinates": [ [ [ -122.398961, 37.725485 ], [ -122.399329, 37.725348 ], [ -122.399516, 37.72532 ], [ -122.399706, 37.725323 ], [ -122.399891, 37.725357 ], [ -122.399624, 37.726083 ], [ -122.399941, 37.726157 ], [ -122.399722, 37.726802 ], [ -122.398569, 37.726543 ], [ -122.398961, 37.725485 ] ] ] } },
{ "type": "Feature", "properties": { "land_id": "980", "land_name": "SFHA -- Holly Courts", "category": "SFHA", "department_name": "San Francisco Housing Authority" }, "geometry": { "type": "Polygon", "coordinates": [ [ [ -122.421156, 37.737345 ], [ -122.423041, 37.737437 ], [ -122.422984, 37.738087 ], [ -122.42284, 37.738301 ], [ -122.421056, 37.737577 ], [ -122.421156, 37.737345 ] ] ] } },
{ "type": "Feature", "properties": { "land_id": "708", "land_name": "PORT LANDS", "category": "Port", "department_name": "Port" }, "geometry": { "type": "Polygon", "coordinates": [ [ [ -122.398088, 37.769798 ], [ -122.398332, 37.769993 ], [ -122.396726, 37.771262 ], [ -122.396482, 37.771067 ], [ -122.398088, 37.769798 ] ] ] } },
{ "type": "Feature", "properties": { "land_id": "709", "land_name": "FORMER SEA WALL #33", "category": "Port", "department_name": "Port" }, "geometry": { "type": "Polygon", "coordinates": [ [ [ -122.386854, 37.766921 ], [ -122.386353, 37.766951 ], [ -122.386249, 37.765856 ], [ -122.386802, 37.765822 ], [ -122.386692, 37.766004 ], [ -122.386753, 37.766638 ], [ -122.386854, 37.766921 ] ] ] } },
{ "type": "Feature", "properties": { "land_id": "1218", "land_name": "Boomerang Housing Site", "category": "Real Estate", "department_name": "GSA - Real Estate Division" }, "geometry": { "type": "Polygon", "coordinates": [ [ [ -122.411053, 37.735533 ], [ -122.410936, 37.736839 ], [ -122.409213, 37.736743 ], [ -122.409215, 37.736725 ], [ -122.410308, 37.736708 ], [ -122.410441, 37.73668 ], [ -122.410566, 37.73662 ], [ -122.410661, 37.736535 ], [ -122.410728, 37.736431 ], [ -122.410946, 37.735669 ], [ -122.41099, 37.735593 ], [ -122.411053, 37.735533 ] ] ] } },
{ "type": "Feature", "properties": { "land_id": "1262", "land_name": "OCII Parcel off Howard St", "category": "OCII - Former SFRA", "department_name": "Community Investment and Infrastructure" }, "geometry": { "type": "Polygon", "coordinates": [ [ [ -122.402821, 37.782407 ], [ -122.403189, 37.782714 ], [ -122.402814, 37.782413 ], [ -122.402821, 37.782407 ] ] ] } },
{ "type": "Feature", "properties": { "land_id": "1220", "land_name": "Junipero Serra - Ocean Parking Lot", "category": "MTA", "department_name": "Municipal Transportation Agency" }, "geometry": { "type": "Polygon", "coordinates": [ [ [ -122.472198, 37.731611 ], [ -122.472213, 37.731351 ], [ -122.472536, 37.731496 ], [ -122.472529, 37.731668 ], [ -122.472198, 37.731611 ] ] ] } },
{ "type": "Feature", "properties": { "land_id": "1263", "land_name": "OCII Parcel off Clementina St", "category": "OCII - Former SFRA", "department_name": "Community Investment and Infrastructure" }, "geometry": { "type": "Polygon", "coordinates": [ [ [ -122.402356, 37.78231 ], [ -122.402156, 37.782158 ], [ -122.402161, 37.782154 ], [ -122.402356, 37.78231 ] ] ] } },
{ "type": "Feature", "properties": { "land_id": "20", "land_name": "EXCELSIOR PLAYGROUND", "category": "Recreation & Park", "department_name": "Recreation and Parks" }, "geometry": { "type": "Polygon", "coordinates": [ [ [ -122.433202, 37.72091 ], [ -122.432609, 37.720627 ], [ -122.433235, 37.719801 ], [ -122.433828, 37.720084 ], [ -122.433202, 37.72091 ] ] ] } },
{ "type": "Feature", "properties": { "land_id": "1326", "land_name": "UNDER I-280 PARCELS", "category": "Public Works", "department_name": "Public Works" }, "geometry": { "type": "Polygon", "coordinates": [ [ [ -122.465596, 37.710266 ], [ -122.465972, 37.71016 ], [ -122.466004, 37.710193 ], [ -122.465582, 37.710301 ], [ -122.465234, 37.710368 ], [ -122.464902, 37.710415 ], [ -122.464463, 37.710451 ], [ -122.464463, 37.710424 ], [ -122.464858, 37.710396 ], [ -122.465279, 37.710334 ], [ -122.465596, 37.710266 ] ] ] } },
{ "type": "Feature", "properties": { "land_id": "1250", "land_name": "1500-1700 4th St ROW - Mission Bay", "category": "Public Works", "department_name": "Public Works" }, "geometry": { "type": "Polygon", "coordinates": [ [ [ -122.390618, 37.766942 ], [ -122.391019, 37.766918 ], [ -122.390968, 37.766939 ], [ -122.39095, 37.766982 ], [ -122.391267, 37.770441 ], [ -122.391003, 37.770231 ], [ -122.390694, 37.766997 ], [ -122.390669, 37.766958 ], [ -122.390618, 37.766942 ] ] ] } },
{ "type": "Feature", "properties": { "land_id": "1251", "land_name": "Warriors Way ROW Section", "category": "Public Works", "department_name": "Public Works" }, "geometry": { "type": "Polygon", "coordinates": [ [ [ -122.386141, 37.768916 ], [ -122.389092, 37.768738 ], [ -122.38911, 37.768927 ], [ -122.386159, 37.769104 ], [ -122.386141, 37.768916 ] ] ] } },
{ "type": "Feature", "properties": { "land_id": "809", "land_name": "POLICE PISTOL RANGE", "category": "Police", "department_name": "Police Department" }, "geometry": { "type": "Polygon", "coordinates": [ [ [ -122.499332, 37.71825 ], [ -122.499682, 37.718775 ], [ -122.49987, 37.719155 ], [ -122.499967, 37.719452 ], [ -122.500027, 37.719787 ], [ -122.50011, 37.720098 ], [ -122.500285, 37.72063 ], [ -122.499918, 37.720711 ], [ -122.499623, 37.720725 ], [ -122.499391, 37.720549 ], [ -122.498829, 37.7199 ], [ -122.498737, 37.719442 ], [ -122.498829, 37.719052 ], [ -122.499218, 37.718315 ], [ -122.499332, 37.71825 ] ] ] } },
{ "type": "Feature", "properties": { "land_id": "995", "land_name": "SFHA -- John F Kennedy Towers", "category": "SFHA", "department_name": "San Francisco Housing Authority" }, "geometry": { "type": "Polygon", "coordinates": [ [ [ -122.433462, 37.789441 ], [ -122.433537, 37.789803 ], [ -122.432927, 37.78988 ], [ -122.432854, 37.789519 ], [ -122.433462, 37.789441 ] ] ] } },
{ "type": "Feature", "properties": { "land_id": "453", "land_name": "Yu, Alice Fong Alternative School", "category": "Unified School District", "department_name": "School District (SFUSD)" }, "geometry": { "type": "Polygon", "coordinates": [ [ [ -122.469695, 37.758658 ], [ -122.470111, 37.758658 ], [ -122.470163, 37.759402 ], [ -122.469332, 37.759439 ], [ -122.46926, 37.758407 ], [ -122.469676, 37.758389 ], [ -122.469695, 37.758658 ] ] ] } },
{ "type": "Feature", "properties": { "land_id": "480", "land_name": "Women's Resource Center", "category": "Other", "department_name": "GSA - Office of Contract Administration" }, "geometry": { "type": "Polygon", "coordinates": [ [ [ -122.405625, 37.773749 ], [ -122.405799, 37.773889 ], [ -122.405592, 37.774045 ], [ -122.405283, 37.774147 ], [ -122.405203, 37.774083 ], [ -122.405625, 37.773749 ] ] ] } },
{ "type": "Feature", "properties": { "land_id": "487", "land_name": "Navigation Center", "category": "Other", "department_name": "Mayor" }, "geometry": { "type": "Polygon", "coordinates": [ [ [ -122.419867, 37.765591 ], [ -122.420496, 37.765553 ], [ -122.420548, 37.766101 ], [ -122.41992, 37.766139 ], [ -122.419867, 37.765591 ] ] ] } },
{ "type": "Feature", "properties": { "land_id": "512", "land_name": "MUNICH STREET PUMP STATION", "category": "PUC/Water", "department_name": "Public Utilities Commission" }, "geometry": { "type": "Polygon", "coordinates": [ [ [ -122.426191, 37.720999 ], [ -122.426487, 37.72114 ], [ -122.426444, 37.721197 ], [ -122.426148, 37.721055 ], [ -122.426191, 37.720999 ] ] ] } },
{ "type": "Feature", "properties": { "land_id": "584", "land_name": "BALBOA PARK", "category": "Recreation & Park", "department_name": "Recreation and Parks" }, "geometry": { "type": "Polygon", "coordinates": [ [ [ -122.444956, 37.726652 ], [ -122.441814, 37.726673 ], [ -122.444817, 37.723057 ], [ -122.44674, 37.72306 ], [ -122.446899, 37.723077 ], [ -122.446883, 37.723675 ], [ -122.446812, 37.723893 ], [ -122.44654, 37.724516 ], [ -122.445657, 37.724531 ], [ -122.445668, 37.725079 ], [ -122.446193, 37.725071 ], [ -122.446176, 37.725098 ], [ -122.446206, 37.725109 ], [ -122.44606, 37.725304 ], [ -122.445878, 37.725307 ], [ -122.445395, 37.726003 ], [ -122.445348, 37.725979 ], [ -122.444997, 37.726479 ], [ -122.444983, 37.726528 ], [ -122.445029, 37.726551 ], [ -122.444956, 37.726652 ] ] ] } },
{ "type": "Feature", "properties": { "land_id": "984", "land_name": "SFHA -- Randolph & Head", "category": "SFHA", "department_name": "San Francisco Housing Authority" }, "geometry": { "type": "Polygon", "coordinates": [ [ [ -122.464938, 37.7144 ], [ -122.464941, 37.714674 ], [ -122.464509, 37.714678 ], [ -122.464506, 37.714403 ], [ -122.464938, 37.7144 ] ] ] } },
{ "type": "Feature", "properties": { "land_id": "340", "land_name": "FIRE STATION #24", "category": "Fire", "department_name": "Fire Department" }, "geometry": { "type": "Polygon", "coordinates": [ [ [ -122.441285, 37.753196 ], [ -122.44094, 37.753216 ], [ -122.440925, 37.753063 ], [ -122.44127, 37.753042 ], [ -122.441285, 37.753196 ] ] ] } },
{ "type": "Feature", "properties": { "land_id": "1260", "land_name": "474 Natoma St", "category": "OCII - Former SFRA", "department_name": "Community Investment and Infrastructure" }, "geometry": { "type": "Polygon", "coordinates": [ [ [ -122.407448, 37.780421 ], [ -122.407643, 37.780577 ], [ -122.407582, 37.780626 ], [ -122.407768, 37.780774 ], [ -122.407706, 37.780822 ], [ -122.407521, 37.780674 ], [ -122.407337, 37.78082 ], [ -122.407142, 37.780664 ], [ -122.407448, 37.780421 ] ] ] } },
{ "type": "Feature", "properties": { "land_id": "852", "land_name": "WOH HEI YUEN RECREATION CENTER", "category": "Recreation & Park", "department_name": "Recreation and Parks" }, "geometry": { "type": "Polygon", "coordinates": [ [ [ -122.410644, 37.795933 ], [ -122.410095, 37.796003 ], [ -122.41005, 37.795779 ], [ -122.410336, 37.795743 ], [ -122.410314, 37.795634 ], [ -122.410417, 37.795621 ], [ -122.41045, 37.795787 ], [ -122.41061, 37.795767 ], [ -122.410644, 37.795933 ] ] ] } },
{ "type": "Feature", "properties": { "land_id": "853", "land_name": "PRECITA PARK", "category": "Recreation & Park", "department_name": "Recreation and Parks" }, "geometry": { "type": "Polygon", "coordinates": [ [ [ -122.413394, 37.746813 ], [ -122.413425, 37.747141 ], [ -122.410554, 37.747314 ], [ -122.410728, 37.746973 ], [ -122.413394, 37.746813 ] ] ] } },
{ "type": "Feature", "properties": { "land_id": "458", "land_name": "VIEW PROTECTION (DPW)", "category": "Public Works", "department_name": "Public Works" }, "geometry": { "type": "Polygon", "coordinates": [ [ [ -122.447587, 37.750762 ], [ -122.44743, 37.750883 ], [ -122.446978, 37.751384 ], [ -122.446871, 37.751563 ], [ -122.446846, 37.751731 ], [ -122.44688, 37.751888 ], [ -122.446954, 37.752015 ], [ -122.447212, 37.752315 ], [ -122.447249, 37.75241 ], [ -122.447252, 37.752516 ], [ -122.447224, 37.752601 ], [ -122.447176, 37.752673 ], [ -122.446619, 37.753166 ], [ -122.446553, 37.753311 ], [ -122.446537, 37.753475 ], [ -122.446578, 37.753636 ], [ -122.446658, 37.753763 ], [ -122.446846, 37.753961 ], [ -122.446503, 37.753919 ], [ -122.446464, 37.753755 ], [ -122.446371, 37.753499 ], [ -122.446332, 37.753305 ], [ -122.44638, 37.75316 ], [ -122.446591, 37.752953 ], [ -122.446997, 37.752386 ], [ -122.44661, 37.751723 ], [ -122.446888, 37.751197 ], [ -122.447171, 37.750892 ], [ -122.447228, 37.750565 ], [ -122.447356, 37.75022 ], [ -122.447817, 37.750394 ], [ -122.447926, 37.750661 ], [ -122.44775, 37.750689 ], [ -122.447587, 37.750762 ] ] ] } },
{ "type": "Feature", "properties": { "land_id": "1254", "land_name": "Ellis St ROW", "category": "OCII - Former SFRA", "department_name": "Community Investment and Infrastructure" }, "geometry": { "type": "Polygon", "coordinates": [ [ [ -122.432381, 37.782282 ], [ -122.432419, 37.782469 ], [ -122.432077, 37.782512 ], [ -122.43204, 37.782326 ], [ -122.432381, 37.782282 ] ] ] } },
{ "type": "Feature", "properties": { "land_id": "1256", "land_name": "1330 Fillmore St", "category": "OCII - Former SFRA", "department_name": "Community Investment and Infrastructure" }, "geometry": { "type": "Polygon", "coordinates": [ [ [ -122.432381, 37.782282 ], [ -122.431724, 37.782366 ], [ -122.431573, 37.78162 ], [ -122.43223, 37.781537 ], [ -122.432381, 37.782282 ] ] ] } },
{ "type": "Feature", "properties": { "land_id": "1255", "land_name": "1300 Fillmore St", "category": "OCII - Former SFRA", "department_name": "Community Investment and Infrastructure" }, "geometry": { "type": "Polygon", "coordinates": [ [ [ -122.432381, 37.782282 ], [ -122.431724, 37.782366 ], [ -122.431573, 37.78162 ], [ -122.43223, 37.781537 ], [ -122.432381, 37.782282 ] ] ] } },
{ "type": "Feature", "properties": { "land_id": "466", "land_name": "COMMUNITY COLLEGE ADMIN. BLDG.", "category": "Other", "department_name": "City College" }, "geometry": { "type": "Polygon", "coordinates": [ [ [ -122.421574, 37.771761 ], [ -122.421649, 37.772376 ], [ -122.421493, 37.772514 ], [ -122.420614, 37.771818 ], [ -122.421574, 37.771761 ] ] ] } },
{ "type": "Feature", "properties": { "land_id": "1259", "land_name": "1390 Mission St", "category": "OCII - Former SFRA", "department_name": "Community Investment and Infrastructure" }, "geometry": { "type": "Polygon", "coordinates": [ [ [ -122.415573, 37.776182 ], [ -122.415689, 37.77609 ], [ -122.415653, 37.776061 ], [ -122.415861, 37.775896 ], [ -122.415806, 37.775853 ], [ -122.41588, 37.775794 ], [ -122.415666, 37.775624 ], [ -122.415911, 37.77543 ], [ -122.416391, 37.775813 ], [ -122.415752, 37.776318 ], [ -122.415573, 37.776182 ] ] ] } },
{ "type": "Feature", "properties": { "land_id": "1266", "land_name": "Mariposa Gardens", "category": "OCII - Former SFRA", "department_name": "Community Investment and Infrastructure" }, "geometry": { "type": "Polygon", "coordinates": [ [ [ -122.407404, 37.762392 ], [ -122.408093, 37.762352 ], [ -122.408162, 37.763061 ], [ -122.407473, 37.763101 ], [ -122.407404, 37.762392 ] ] ] } },
{ "type": "Feature", "properties": { "land_id": "1265", "land_name": "Parcel off Rizal St", "category": "Public Works", "department_name": "Public Works" }, "geometry": { "type": "Polygon", "coordinates": [ [ [ -122.399007, 37.782228 ], [ -122.39899, 37.782215 ], [ -122.39979, 37.781585 ], [ -122.399807, 37.781599 ], [ -122.399007, 37.782228 ] ] ] } },
{ "type": "Feature", "properties": { "land_id": "1322", "land_name": "Former Bryant St Pipe Yard", "category": "PUC/Water", "department_name": "Public Utilities Commission" }, "geometry": { "type": "Polygon", "coordinates": [ [ [ -122.398272, 37.778491 ], [ -122.397875, 37.778175 ], [ -122.398076, 37.778017 ], [ -122.398473, 37.778333 ], [ -122.398272, 37.778491 ] ] ] } },
{ "type": "Feature", "properties": { "land_id": "854", "land_name": "VACATED PORTION OF BOCANA ST", "category": "Recreation & Park", "department_name": "Recreation and Parks" }, "geometry": { "type": "Polygon", "coordinates": [ [ [ -122.415033, 37.744553 ], [ -122.415234, 37.744231 ], [ -122.415397, 37.744291 ], [ -122.415194, 37.744617 ], [ -122.415033, 37.744553 ] ] ] } },
{ "type": "Feature", "properties": { "land_id": "856", "land_name": "OPEN SPACE (BERNAL HEIGHTS)", "category": "Recreation & Park", "department_name": "Recreation and Parks" }, "geometry": { "type": "Polygon", "coordinates": [ [ [ -122.406941, 37.74488 ], [ -122.407445, 37.745005 ], [ -122.407368, 37.7452 ], [ -122.406864, 37.745074 ], [ -122.406941, 37.74488 ] ] ] } },
{ "type": "Feature", "properties": { "land_id": "863", "land_name": "Selby Palou Mini Park", "category": "Recreation & Park", "department_name": "Public Works" }, "geometry": { "type": "Polygon", "coordinates": [ [ [ -122.400063, 37.739038 ], [ -122.400467, 37.738592 ], [ -122.400592, 37.738663 ], [ -122.400189, 37.739109 ], [ -122.400063, 37.739038 ] ] ] } },
{ "type": "Feature", "properties": { "land_id": "905", "land_name": "BALBOA SUBSTATION", "category": "MTA", "department_name": "Municipal Transportation Agency" }, "geometry": { "type": "Polygon", "coordinates": [ [ [ -122.491662, 37.776286 ], [ -122.491861, 37.776277 ], [ -122.491868, 37.776365 ], [ -122.491664, 37.776373 ], [ -122.491662, 37.776286 ] ] ] } },
{ "type": "Feature", "properties": { "land_id": "986", "land_name": "SFHA -- 990 Pacific Ave", "category": "SFHA", "department_name": "San Francisco Housing Authority" }, "geometry": { "type": "Polygon", "coordinates": [ [ [ -122.411527, 37.79684 ], [ -122.411233, 37.796877 ], [ -122.411141, 37.79643 ], [ -122.411616, 37.796369 ], [ -122.411663, 37.7966 ], [ -122.411484, 37.796623 ], [ -122.411527, 37.79684 ] ] ] } },
{ "type": "Feature", "properties": { "land_id": "988", "land_name": "SFHA -- Ping Yuen", "category": "SFHA", "department_name": "San Francisco Housing Authority" }, "geometry": { "type": "Polygon", "coordinates": [ [ [ -122.406928, 37.796441 ], [ -122.407885, 37.796321 ], [ -122.407866, 37.796229 ], [ -122.408208, 37.796186 ], [ -122.408302, 37.79665 ], [ -122.407003, 37.796813 ], [ -122.406928, 37.796441 ] ] ] } },
{ "type": "Feature", "properties": { "land_id": "864", "land_name": "MISSION OFFSTREET PARKING", "category": "Real Estate", "department_name": "GSA - Real Estate Division" }, "geometry": { "type": "Polygon", "coordinates": [ [ [ -122.417817, 37.751933 ], [ -122.417841, 37.752178 ], [ -122.417444, 37.752202 ], [ -122.417429, 37.75205 ], [ -122.417636, 37.752037 ], [ -122.417817, 37.751933 ] ] ] } },
{ "type": "Feature", "properties": { "land_id": "383", "land_name": "LAGUNA HONDA HOSPITAL", "category": "Health", "department_name": "Public Health" }, "geometry": { "type": "Polygon", "coordinates": [ [ [ -122.456937, 37.751277 ], [ -122.456746, 37.751291 ], [ -122.456493, 37.751335 ], [ -122.456168, 37.751311 ], [ -122.456263, 37.751262 ], [ -122.456446, 37.751197 ], [ -122.456892, 37.751149 ], [ -122.45711, 37.751148 ], [ -122.457371, 37.751168 ], [ -122.457627, 37.751209 ], [ -122.457836, 37.751259 ], [ -122.457123, 37.750684 ], [ -122.454635, 37.750714 ], [ -122.45461, 37.748604 ], [ -122.452898, 37.748605 ], [ -122.452849, 37.748591 ], [ -122.452264, 37.748588 ], [ -122.452209, 37.748546 ], [ -122.452175, 37.748378 ], [ -122.4521, 37.748226 ], [ -122.451782, 37.747878 ], [ -122.454122, 37.747876 ], [ -122.454598, 37.746615 ], [ -122.455752, 37.746893 ], [ -122.455876, 37.746553 ], [ -122.456676, 37.746731 ], [ -122.457889, 37.746926 ], [ -122.458565, 37.746938 ], [ -122.458627, 37.746957 ], [ -122.458867, 37.747221 ], [ -122.458883, 37.747272 ], [ -122.458866, 37.747311 ], [ -122.458652, 37.747547 ], [ -122.458575, 37.747691 ], [ -122.45855, 37.747805 ], [ -122.458553, 37.74792 ], [ -122.458583, 37.748032 ], [ -122.458642, 37.748142 ], [ -122.458557, 37.748148 ], [ -122.458542, 37.748163 ], [ -122.458551, 37.748238 ], [ -122.458498, 37.748376 ], [ -122.458558, 37.748488 ], [ -122.458599, 37.748488 ], [ -122.458726, 37.748403 ], [ -122.459111, 37.748627 ], [ -122.460236, 37.749716 ], [ -122.460387, 37.749888 ], [ -122.460531, 37.750138 ], [ -122.460698, 37.751322 ], [ -122.458923, 37.751789 ], [ -122.457284, 37.751314 ], [ -122.457107, 37.751285 ], [ -122.456937, 37.751277 ] ] ] } },
{ "type": "Feature", "properties": { "land_id": "30", "land_name": "BAYVIEW PLAYGROUND", "category": "Recreation & Park", "department_name": "Recreation and Parks" }, "geometry": { "type": "Polygon", "coordinates": [ [ [ -122.393368, 37.725114 ], [ -122.394049, 37.7255 ], [ -122.393467, 37.726786 ], [ -122.392406, 37.726184 ], [ -122.393368, 37.725114 ] ] ] } },
{ "type": "Feature", "properties": { "land_id": "42", "land_name": "SEWER RIGHT-OF-WAY AT PALOU", "category": "PUC/Wastewater", "department_name": "Public Utilities Commission" }, "geometry": { "type": "Polygon", "coordinates": [ [ [ -122.38566, 37.731137 ], [ -122.38573, 37.731177 ], [ -122.385529, 37.731401 ], [ -122.385459, 37.731361 ], [ -122.38566, 37.731137 ] ] ] } },
{ "type": "Feature", "properties": { "land_id": "949", "land_name": "900 Innes Ave Site", "category": "Recreation & Park", "department_name": "Recreation and Parks" }, "geometry": { "type": "MultiPolygon", "coordinates": [ [ [ [ -122.37441, 37.732986 ], [ -122.374813, 37.73254 ], [ -122.375024, 37.73266 ], [ -122.374621, 37.733106 ], [ -122.37441, 37.732986 ] ] ], [ [ [ -122.375365, 37.732583 ], [ -122.375768, 37.732137 ], [ -122.37619, 37.732377 ], [ -122.375988, 37.7326 ], [ -122.376199, 37.73272 ], [ -122.375998, 37.732943 ], [ -122.375365, 37.732583 ] ] ], [ [ [ -122.374801, 37.733208 ], [ -122.375204, 37.732762 ], [ -122.375977, 37.733201 ], [ -122.375574, 37.733648 ], [ -122.374801, 37.733208 ] ] ] ] } },
{ "type": "Feature", "properties": { "land_id": "1271", "land_name": "Burke Ave ROW Parcel NW", "category": "Public Works", "department_name": "Public Works" }, "geometry": { "type": "Polygon", "coordinates": [ [ [ -122.387037, 37.74474 ], [ -122.386995, 37.744859 ], [ -122.386831, 37.744766 ], [ -122.386941, 37.744784 ], [ -122.387037, 37.74474 ] ] ] } },
{ "type": "Feature", "properties": { "land_id": "152", "land_name": "EUREKA VALLEY OFF-STREET PRKG", "category": "Real Estate", "department_name": "GSA - Real Estate Division" }, "geometry": { "type": "Polygon", "coordinates": [ [ [ -122.434443, 37.761865 ], [ -122.434422, 37.761642 ], [ -122.434492, 37.761638 ], [ -122.434489, 37.761614 ], [ -122.434921, 37.761588 ], [ -122.434927, 37.761656 ], [ -122.434651, 37.761673 ], [ -122.43467, 37.761879 ], [ -122.434498, 37.761889 ], [ -122.434495, 37.761862 ], [ -122.434443, 37.761865 ] ] ] } },
{ "type": "Feature", "properties": { "land_id": "729", "land_name": "PORT LANDS", "category": "Port", "department_name": "Port" }, "geometry": { "type": "Polygon", "coordinates": [ [ [ -122.38489, 37.722868 ], [ -122.384848, 37.722164 ], [ -122.385567, 37.722573 ], [ -122.385609, 37.723277 ], [ -122.38489, 37.722868 ] ] ] } },
{ "type": "Feature", "properties": { "land_id": "258", "land_name": "SEWER R/W (FOR SEWER ACCESS) AT JOOST & BADEN I", "category": "PUC/Wastewater", "department_name": "Public Utilities Commission" }, "geometry": { "type": "Polygon", "coordinates": [ [ [ -122.440806, 37.733008 ], [ -122.440791, 37.732459 ], [ -122.440878, 37.732459 ], [ -122.440892, 37.733008 ], [ -122.440806, 37.733008 ] ] ] } },
{ "type": "Feature", "properties": { "land_id": "239", "land_name": "VACANT LAND - CARROLL AVE WATER LOT", "category": "Public Works", "department_name": "Public Works" }, "geometry": { "type": "Polygon", "coordinates": [ [ [ -122.36569, 37.710082 ], [ -122.36609, 37.709637 ], [ -122.36616, 37.709677 ], [ -122.36576, 37.710122 ], [ -122.36569, 37.710082 ] ] ] } },
{ "type": "Feature", "properties": { "land_id": "539", "land_name": "Burton, Phillip and Sala High School", "category": "Unified School District", "department_name": "School District (SFUSD)" }, "geometry": { "type": "Polygon", "coordinates": [ [ [ -122.405535, 37.723054 ], [ -122.404614, 37.720807 ], [ -122.407571, 37.720037 ], [ -122.408491, 37.722281 ], [ -122.405535, 37.723054 ] ] ] } },
{ "type": "Feature", "properties": { "land_id": "4", "land_name": "GEORGE CHRISTOPHER PLAYGROUND", "category": "Recreation & Park", "department_name": "Recreation and Parks" }, "geometry": { "type": "Polygon", "coordinates": [ [ [ -122.439111, 37.742974 ], [ -122.440005, 37.742964 ], [ -122.440809, 37.742695 ], [ -122.441098, 37.742501 ], [ -122.441238, 37.742314 ], [ -122.441475, 37.742469 ], [ -122.441844, 37.743517 ], [ -122.440694, 37.743847 ], [ -122.440591, 37.744616 ], [ -122.440838, 37.744637 ], [ -122.44076, 37.745176 ], [ -122.440697, 37.74518 ], [ -122.440759, 37.744678 ], [ -122.440258, 37.744632 ], [ -122.440022, 37.74493 ], [ -122.439793, 37.744714 ], [ -122.439459, 37.744494 ], [ -122.439982, 37.744553 ], [ -122.440117, 37.743547 ], [ -122.439888, 37.743522 ], [ -122.439925, 37.743168 ], [ -122.439333, 37.743116 ], [ -122.439329, 37.743161 ], [ -122.438955, 37.743135 ], [ -122.43797, 37.743387 ], [ -122.43798, 37.743319 ], [ -122.438252, 37.743249 ], [ -122.438218, 37.743171 ], [ -122.439111, 37.742974 ] ] ] } },
{ "type": "Feature", "properties": { "land_id": "5", "land_name": "DOUGLAS PLAYGROUND", "category": "Recreation & Park", "department_name": "Recreation and Parks" }, "geometry": { "type": "Polygon", "coordinates": [ [ [ -122.439158, 37.74627 ], [ -122.439225, 37.746286 ], [ -122.439292, 37.746273 ], [ -122.439343, 37.746235 ], [ -122.439363, 37.746182 ], [ -122.44001, 37.746343 ], [ -122.439995, 37.7465 ], [ -122.440004, 37.746625 ], [ -122.439401, 37.747303 ], [ -122.439433, 37.748535 ], [ -122.438338, 37.748534 ], [ -122.438123, 37.74631 ], [ -122.439158, 37.74627 ] ] ] } },
{ "type": "Feature", "properties": { "land_id": "6", "land_name": "FORT FUNSTON REMAINDER", "category": "Recreation & Park", "department_name": "Recreation and Parks" }, "geometry": { "type": "Polygon", "coordinates": [ [ [ -122.502936, 37.726112 ], [ -122.503093, 37.725768 ], [ -122.503133, 37.725716 ], [ -122.503259, 37.725645 ], [ -122.503419, 37.725635 ], [ -122.503499, 37.725659 ], [ -122.504184, 37.725975 ], [ -122.504705, 37.726242 ], [ -122.505112, 37.726487 ], [ -122.502726, 37.726479 ], [ -122.502936, 37.726112 ] ] ] } },
{ "type": "Feature", "properties": { "land_id": "918", "land_name": "Materials Management Warehouse", "category": "MTA", "department_name": "Municipal Transportation Agency" }, "geometry": { "type": "Polygon", "coordinates": [ [ [ -122.38655, 37.744876 ], [ -122.386087, 37.745412 ], [ -122.385361, 37.745 ], [ -122.385413, 37.744935 ], [ -122.384718, 37.744544 ], [ -122.385138, 37.744073 ], [ -122.38655, 37.744876 ] ] ] } },
{ "type": "Feature", "properties": { "land_id": "13", "land_name": "BROOKS PARK", "category": "Recreation & Park", "department_name": "Recreation and Parks" }, "geometry": { "type": "MultiPolygon", "coordinates": [ [ [ [ -122.467921, 37.716865 ], [ -122.467924, 37.71714 ], [ -122.467579, 37.717142 ], [ -122.467576, 37.716867 ], [ -122.467921, 37.716865 ] ] ], [ [ [ -122.467025, 37.717222 ], [ -122.467032, 37.71784 ], [ -122.466687, 37.717842 ], [ -122.466683, 37.717567 ], [ -122.466335, 37.71757 ], [ -122.466331, 37.717226 ], [ -122.467025, 37.717222 ] ] ] ] } },
{ "type": "Feature", "properties": { "land_id": "94", "land_name": "GRATTAN PLAYGROUND", "category": "Recreation & Park", "department_name": "Recreation and Parks" }, "geometry": { "type": "Polygon", "coordinates": [ [ [ -122.451992, 37.762253 ], [ -122.452101, 37.76279 ], [ -122.450963, 37.762935 ], [ -122.450853, 37.762395 ], [ -122.451992, 37.762253 ] ] ] } },
{ "type": "Feature", "properties": { "land_id": "9", "land_name": "CAYUGA PLAYGROUND", "category": "Recreation & Park", "department_name": "Recreation and Parks" }, "geometry": { "type": "Polygon", "coordinates": [ [ [ -122.451237, 37.713716 ], [ -122.450066, 37.714663 ], [ -122.44956, 37.714253 ], [ -122.449896, 37.713981 ], [ -122.449656, 37.713785 ], [ -122.449626, 37.713743 ], [ -122.450148, 37.713496 ], [ -122.450624, 37.713228 ], [ -122.451237, 37.713716 ] ] ] } },
{ "type": "Feature", "properties": { "land_id": "21", "land_name": "KELLOCH & VELASCO PARK", "category": "Recreation & Park", "department_name": "Recreation and Parks" }, "geometry": { "type": "Polygon", "coordinates": [ [ [ -122.412367, 37.708585 ], [ -122.412567, 37.708125 ], [ -122.413938, 37.708497 ], [ -122.41373, 37.708966 ], [ -122.412367, 37.708585 ] ] ] } },
{ "type": "Feature", "properties": { "land_id": "35", "land_name": "SOUTH OF MARKET RECREATION CENTER", "category": "Recreation & Park", "department_name": "Recreation and Parks" }, "geometry": { "type": "Polygon", "coordinates": [ [ [ -122.406194, 37.778205 ], [ -122.406864, 37.778742 ], [ -122.40668, 37.778888 ], [ -122.40674, 37.778936 ], [ -122.406547, 37.779089 ], [ -122.405816, 37.778505 ], [ -122.406194, 37.778205 ] ] ] } },
{ "type": "Feature", "properties": { "land_id": "1217", "land_name": "1036 Mission St Housing", "category": "Other", "department_name": "Mayor" }, "geometry": { "type": "Polygon", "coordinates": [ [ [ -122.409922, 37.780786 ], [ -122.409532, 37.780476 ], [ -122.409766, 37.780292 ], [ -122.410155, 37.780602 ], [ -122.409922, 37.780786 ] ] ] } },
{ "type": "Feature", "properties": { "land_id": "1290", "land_name": "921 Howard St", "category": "Other", "department_name": "Mayor" }, "geometry": { "type": "Polygon", "coordinates": [ [ [ -122.405104, 37.781201 ], [ -122.404725, 37.780898 ], [ -122.40505, 37.780641 ], [ -122.405422, 37.78095 ], [ -122.405104, 37.781201 ] ] ] } },
{ "type": "Feature", "properties": { "land_id": "16", "land_name": "GARFIELD SQUARE", "category": "Recreation & Park", "department_name": "Recreation and Parks" }, "geometry": { "type": "Polygon", "coordinates": [ [ [ -122.411744, 37.749515 ], [ -122.412592, 37.749464 ], [ -122.412727, 37.750887 ], [ -122.41188, 37.750938 ], [ -122.411744, 37.749515 ] ] ] } },
{ "type": "Feature", "properties": { "land_id": "953", "land_name": "66 RAYMOND AVE", "category": "Real Estate", "department_name": "GSA - Real Estate Division" }, "geometry": { "type": "Polygon", "coordinates": [ [ [ -122.404104, 37.71254 ], [ -122.404256, 37.712293 ], [ -122.404566, 37.712414 ], [ -122.404414, 37.712661 ], [ -122.404104, 37.71254 ] ] ] } },
{ "type": "Feature", "properties": { "land_id": "105", "land_name": "KOSHLAND PARK", "category": "Recreation & Park", "department_name": "Recreation and Parks" }, "geometry": { "type": "Polygon", "coordinates": [ [ [ -122.426248, 37.773118 ], [ -122.427135, 37.773005 ], [ -122.427211, 37.773378 ], [ -122.426323, 37.773491 ], [ -122.426248, 37.773118 ] ] ] } },
{ "type": "Feature", "properties": { "land_id": "124", "land_name": "FATHER ALFRED E. BOEDDEKER PARK", "category": "Recreation & Park", "department_name": "Recreation and Parks" }, "geometry": { "type": "Polygon", "coordinates": [ [ [ -122.411989, 37.784873 ], [ -122.411707, 37.784909 ], [ -122.411632, 37.784539 ], [ -122.411803, 37.784517 ], [ -122.411728, 37.784144 ], [ -122.412496, 37.784047 ], [ -122.412572, 37.78442 ], [ -122.411914, 37.784503 ], [ -122.411989, 37.784873 ] ] ] } },
{ "type": "Feature", "properties": { "land_id": "338", "land_name": "FIRE STATION #28", "category": "Fire", "department_name": "Fire Department" }, "geometry": { "type": "Polygon", "coordinates": [ [ [ -122.409204, 37.802518 ], [ -122.40948, 37.802483 ], [ -122.409499, 37.802578 ], [ -122.409223, 37.802613 ], [ -122.409204, 37.802518 ] ] ] } },
{ "type": "Feature", "properties": { "land_id": "917", "land_name": "GOLDEN GATEWAY PLAZA/PUBLIC PARK", "category": "Recreation & Park", "department_name": "Recreation and Parks" }, "geometry": { "type": "MultiPolygon", "coordinates": [ [ [ [ -122.39908, 37.795962 ], [ -122.398249, 37.796068 ], [ -122.398115, 37.795412 ], [ -122.398947, 37.795306 ], [ -122.398966, 37.7954 ], [ -122.39899, 37.795397 ], [ -122.399085, 37.795865 ], [ -122.399061, 37.795868 ], [ -122.39908, 37.795962 ] ], [ [ -122.398583, 37.795408 ], [ -122.398367, 37.795435 ], [ -122.398398, 37.79559 ], [ -122.398253, 37.795608 ], [ -122.398302, 37.795848 ], [ -122.398447, 37.795829 ], [ -122.398478, 37.795983 ], [ -122.398694, 37.795956 ], [ -122.398583, 37.795408 ] ] ], [ [ [ -122.399374, 37.795252 ], [ -122.400225, 37.795143 ], [ -122.400347, 37.795801 ], [ -122.399507, 37.795908 ], [ -122.399488, 37.795814 ], [ -122.399464, 37.795817 ], [ -122.399369, 37.795349 ], [ -122.399393, 37.795346 ], [ -122.399374, 37.795252 ] ], [ [ -122.399952, 37.795234 ], [ -122.399736, 37.795261 ], [ -122.399846, 37.795809 ], [ -122.400062, 37.795782 ], [ -122.400033, 37.795638 ], [ -122.400178, 37.795619 ], [ -122.400124, 37.795349 ], [ -122.399979, 37.795367 ], [ -122.399952, 37.795234 ] ] ] ] } },
{ "type": "Feature", "properties": { "land_id": "137", "land_name": "LOMBARD RESERVOIR WATER FACILITIES", "category": "PUC/Water", "department_name": "Public Utilities Commission" }, "geometry": { "type": "Polygon", "coordinates": [ [ [ -122.420971, 37.800968 ], [ -122.421122, 37.801714 ], [ -122.419718, 37.801888 ], [ -122.419563, 37.801142 ], [ -122.420971, 37.800968 ] ] ] } },
{ "type": "Feature", "properties": { "land_id": "44", "land_name": "MINI PARK (24TH & YORK)", "category": "Recreation & Park", "department_name": "Recreation and Parks" }, "geometry": { "type": "Polygon", "coordinates": [ [ [ -122.408648, 37.752913 ], [ -122.408675, 37.753198 ], [ -122.408503, 37.753208 ], [ -122.408476, 37.752923 ], [ -122.408648, 37.752913 ] ] ] } },
{ "type": "Feature", "properties": { "land_id": "743", "land_name": "JAPANESE CENTER GARAGE", "category": "Real Estate", "department_name": "GSA - Real Estate Division" }, "geometry": { "type": "Polygon", "coordinates": [ [ [ -122.428792, 37.785599 ], [ -122.428682, 37.785075 ], [ -122.430187, 37.784883 ], [ -122.430722, 37.784849 ], [ -122.430737, 37.784921 ], [ -122.431044, 37.784882 ], [ -122.431091, 37.78504 ], [ -122.431075, 37.785042 ], [ -122.431128, 37.785307 ], [ -122.428792, 37.785599 ] ] ] } },
{ "type": "Feature", "properties": { "land_id": "72", "land_name": "CORONA HTS PLAYGROUND", "category": "Recreation & Park", "department_name": "Recreation and Parks" }, "geometry": { "type": "Polygon", "coordinates": [ [ [ -122.436876, 37.765374 ], [ -122.437173, 37.765271 ], [ -122.437124, 37.765183 ], [ -122.437251, 37.765139 ], [ -122.436756, 37.764247 ], [ -122.437148, 37.764088 ], [ -122.437311, 37.76407 ], [ -122.437352, 37.763845 ], [ -122.437337, 37.763706 ], [ -122.437166, 37.76371 ], [ -122.437141, 37.763417 ], [ -122.438028, 37.763363 ], [ -122.439124, 37.763548 ], [ -122.438814, 37.763931 ], [ -122.438877, 37.76396 ], [ -122.438843, 37.764024 ], [ -122.438874, 37.764095 ], [ -122.438931, 37.764121 ], [ -122.439078, 37.764119 ], [ -122.439199, 37.764149 ], [ -122.439923, 37.764487 ], [ -122.440611, 37.764832 ], [ -122.440793, 37.76497 ], [ -122.441004, 37.765209 ], [ -122.440433, 37.765192 ], [ -122.440427, 37.76533 ], [ -122.439328, 37.766163 ], [ -122.438422, 37.765904 ], [ -122.438301, 37.766162 ], [ -122.437746, 37.766001 ], [ -122.437864, 37.765745 ], [ -122.43735, 37.765591 ], [ -122.437273, 37.765449 ], [ -122.436974, 37.765553 ], [ -122.436876, 37.765374 ] ] ] } },
{ "type": "Feature", "properties": { "land_id": "66", "land_name": "NOE VALLEY TENNIS COURTS", "category": "Recreation & Park", "department_name": "Recreation and Parks" }, "geometry": { "type": "Polygon", "coordinates": [ [ [ -122.439195, 37.751072 ], [ -122.439256, 37.751697 ], [ -122.438646, 37.751734 ], [ -122.438586, 37.75111 ], [ -122.439195, 37.751072 ] ] ] } },
{ "type": "Feature", "properties": { "land_id": "253", "land_name": "BOSWORTH ST (REMAINDER AT BURNSIDE)", "category": "Public Works", "department_name": "Public Works" }, "geometry": { "type": "Polygon", "coordinates": [ [ [ -122.438224, 37.734639 ], [ -122.436671, 37.73433 ], [ -122.436722, 37.734167 ], [ -122.438277, 37.734476 ], [ -122.438224, 37.734639 ] ] ] } },
{ "type": "Feature", "properties": { "land_id": "1112", "land_name": "CCSF - Chinatown/North Beach", "category": "Other", "department_name": "City College" }, "geometry": { "type": "Polygon", "coordinates": [ [ [ -122.40442, 37.795472 ], [ -122.404851, 37.795415 ], [ -122.404906, 37.795688 ], [ -122.404476, 37.795743 ], [ -122.40442, 37.795472 ] ] ] } },
{ "type": "Feature", "properties": { "land_id": "718", "land_name": "PORT LANDS", "category": "Port", "department_name": "Port" }, "geometry": { "type": "Polygon", "coordinates": [ [ [ -122.380963, 37.751295 ], [ -122.381026, 37.751933 ], [ -122.380854, 37.751943 ], [ -122.38079, 37.751305 ], [ -122.380963, 37.751295 ] ] ] } },
{ "type": "Feature", "properties": { "land_id": "126", "land_name": "COLLINS P. HUNTINGTON PARK", "category": "Recreation & Park", "department_name": "Recreation and Parks" }, "geometry": { "type": "Polygon", "coordinates": [ [ [ -122.412368, 37.791757 ], [ -122.412519, 37.792502 ], [ -122.411938, 37.792573 ], [ -122.411787, 37.791831 ], [ -122.412368, 37.791757 ] ] ] } },
{ "type": "Feature", "properties": { "land_id": "128", "land_name": "CHINESE PLAYGROUND", "category": "Recreation & Park", "department_name": "Recreation and Parks" }, "geometry": { "type": "Polygon", "coordinates": [ [ [ -122.407307, 37.793462 ], [ -122.407425, 37.793447 ], [ -122.407547, 37.794037 ], [ -122.407492, 37.794044 ], [ -122.40745, 37.793839 ], [ -122.407272, 37.793862 ], [ -122.407253, 37.793785 ], [ -122.407151, 37.793798 ], [ -122.407118, 37.793639 ], [ -122.406789, 37.793681 ], [ -122.406764, 37.793555 ], [ -122.406897, 37.793539 ], [ -122.40686, 37.793352 ], [ -122.407274, 37.793302 ], [ -122.407307, 37.793462 ] ] ] } },
{ "type": "Feature", "properties": { "land_id": "88", "land_name": "DUPONT TENNIS COURTS", "category": "Recreation & Park", "department_name": "Recreation and Parks" }, "geometry": { "type": "Polygon", "coordinates": [ [ [ -122.490405, 37.782501 ], [ -122.491231, 37.782464 ], [ -122.491261, 37.782875 ], [ -122.490435, 37.782912 ], [ -122.490405, 37.782501 ] ] ] } },
{ "type": "Feature", "properties": { "land_id": "125", "land_name": "UNION SQUARE", "category": "Recreation & Park", "department_name": "Recreation and Parks" }, "geometry": { "type": "Polygon", "coordinates": [ [ [ -122.408127, 37.787469 ], [ -122.408281, 37.788215 ], [ -122.406872, 37.788393 ], [ -122.406722, 37.787647 ], [ -122.408127, 37.787469 ] ] ] } },
{ "type": "Feature", "properties": { "land_id": "746", "land_name": "PARK EMERGENCY HOSPITAL", "category": "Recreation & Park", "department_name": "Recreation and Parks" }, "geometry": { "type": "Polygon", "coordinates": [ [ [ -122.453235, 37.767199 ], [ -122.453148, 37.766772 ], [ -122.453511, 37.766749 ], [ -122.453595, 37.767156 ], [ -122.453235, 37.767199 ] ] ] } },
{ "type": "Feature", "properties": { "land_id": "1008", "land_name": "SFHA -- Woodside Gardens", "category": "SFHA", "department_name": "San Francisco Housing Authority" }, "geometry": { "type": "Polygon", "coordinates": [ [ [ -122.454731, 37.746259 ], [ -122.455876, 37.746553 ], [ -122.455752, 37.746893 ], [ -122.454595, 37.746622 ], [ -122.454731, 37.746259 ] ] ] } },
{ "type": "Feature", "properties": { "land_id": "1219", "land_name": "598 Portola Dr - Gas Station", "category": "Health", "department_name": "Public Health" }, "geometry": { "type": "Polygon", "coordinates": [ [ [ -122.451685, 37.745725 ], [ -122.45213, 37.745756 ], [ -122.452174, 37.745798 ], [ -122.452052, 37.746017 ], [ -122.451226, 37.745938 ], [ -122.451685, 37.745725 ] ] ] } },
{ "type": "Feature", "properties": { "land_id": "944", "land_name": "1294-8 Shotwell St", "category": "Other", "department_name": "Mayor" }, "geometry": { "type": "Polygon", "coordinates": [ [ [ -122.415031, 37.748444 ], [ -122.415383, 37.74847 ], [ -122.415392, 37.74854 ], [ -122.415289, 37.748855 ], [ -122.415072, 37.748861 ], [ -122.415031, 37.748444 ] ] ] } },
{ "type": "Feature", "properties": { "land_id": "157", "land_name": "8th - Clement Parking Lot", "category": "Real Estate", "department_name": "Municipal Transportation Agency" }, "geometry": { "type": "Polygon", "coordinates": [ [ [ -122.466403, 37.782258 ], [ -122.466418, 37.782471 ], [ -122.466001, 37.782489 ], [ -122.466006, 37.782558 ], [ -122.4658, 37.782568 ], [ -122.46579, 37.78243 ], [ -122.465996, 37.782421 ], [ -122.465985, 37.782277 ], [ -122.466403, 37.782258 ] ] ] } },
{ "type": "Feature", "properties": { "land_id": "185", "land_name": "DAVIES SYMPH HALL/ZELLERBACH HALL", "category": "Other", "department_name": "War Memorial" }, "geometry": { "type": "Polygon", "coordinates": [ [ [ -122.421235, 37.777202 ], [ -122.421385, 37.777946 ], [ -122.42007, 37.778114 ], [ -122.41992, 37.777369 ], [ -122.421235, 37.777202 ] ] ] } },
{ "type": "Feature", "properties": { "land_id": "149", "land_name": "WEST PORTAL OFF-STREET PARKING", "category": "Real Estate", "department_name": "GSA - Real Estate Division" }, "geometry": { "type": "Polygon", "coordinates": [ [ [ -122.467922, 37.739134 ], [ -122.468067, 37.739012 ], [ -122.468321, 37.739205 ], [ -122.468182, 37.739326 ], [ -122.467922, 37.739134 ] ] ] } },
{ "type": "Feature", "properties": { "land_id": "139", "land_name": "NOE VALLEY OFFSTREET PARKING", "category": "Real Estate", "department_name": "GSA - Real Estate Division" }, "geometry": { "type": "Polygon", "coordinates": [ [ [ -122.433177, 37.750947 ], [ -122.433207, 37.751259 ], [ -122.433035, 37.751269 ], [ -122.433005, 37.750957 ], [ -122.433177, 37.750947 ] ] ] } },
{ "type": "Feature", "properties": { "land_id": "151", "land_name": "ONE SOUTH VAN NESS", "category": "Real Estate", "department_name": "GSA - Real Estate Division" }, "geometry": { "type": "Polygon", "coordinates": [ [ [ -122.418768, 37.774248 ], [ -122.418959, 37.774857 ], [ -122.418998, 37.775129 ], [ -122.418655, 37.7754 ], [ -122.417987, 37.774867 ], [ -122.418768, 37.774248 ] ] ] } },
{ "type": "Feature", "properties": { "land_id": "209", "land_name": "ASIAN ART MUSEUM", "category": "Other", "department_name": "Asian Art Museum" }, "geometry": { "type": "Polygon", "coordinates": [ [ [ -122.416634, 37.779824 ], [ -122.416756, 37.780441 ], [ -122.415418, 37.780607 ], [ -122.415295, 37.77999 ], [ -122.416634, 37.779824 ] ] ] } },
{ "type": "Feature", "properties": { "land_id": "297", "land_name": "SEWER DRAINAGE (JOOST)", "category": "PUC/Wastewater", "department_name": "Public Utilities Commission" }, "geometry": { "type": "Polygon", "coordinates": [ [ [ -122.448164, 37.732426 ], [ -122.448164, 37.732975 ], [ -122.448078, 37.732976 ], [ -122.448077, 37.732426 ], [ -122.448164, 37.732426 ] ] ] } },
{ "type": "Feature", "properties": { "land_id": "1232", "land_name": "500 Pine Rooftop Park", "category": "Recreation & Park", "department_name": "Recreation and Parks" }, "geometry": { "type": "Polygon", "coordinates": [ [ [ -122.404785, 37.791924 ], [ -122.404737, 37.79193 ], [ -122.404731, 37.791904 ], [ -122.404412, 37.791951 ], [ -122.404374, 37.791764 ], [ -122.404743, 37.791717 ], [ -122.404785, 37.791924 ] ] ] } },
{ "type": "Feature", "properties": { "land_id": "263", "land_name": "PALMETTO AVE (REMAINDER)", "category": "Public Works", "department_name": "Public Works" }, "geometry": { "type": "Polygon", "coordinates": [ [ [ -122.465787, 37.709751 ], [ -122.465738, 37.709701 ], [ -122.465826, 37.709725 ], [ -122.465787, 37.709751 ] ] ] } },
{ "type": "Feature", "properties": { "land_id": "956", "land_name": "Central Shops", "category": "Other", "department_name": "GSA - Office of Contract Administration" }, "geometry": { "type": "Polygon", "coordinates": [ [ [ -122.394619, 37.743459 ], [ -122.395752, 37.744103 ], [ -122.395079, 37.744857 ], [ -122.394223, 37.74437 ], [ -122.394295, 37.743882 ], [ -122.39432, 37.743817 ], [ -122.394439, 37.743624 ], [ -122.394619, 37.743459 ] ] ] } },
{ "type": "Feature", "properties": { "land_id": "309", "land_name": "Fire Station #9", "category": "Fire", "department_name": "Fire Department" }, "geometry": { "type": "Polygon", "coordinates": [ [ [ -122.401273, 37.745392 ], [ -122.400959, 37.745214 ], [ -122.401218, 37.744929 ], [ -122.401534, 37.745108 ], [ -122.401273, 37.745392 ] ] ] } },
{ "type": "Feature", "properties": { "land_id": "1237", "land_name": "North Beach Place Apartments", "category": "SFHA", "department_name": "San Francisco Housing Authority" }, "geometry": { "type": "MultiPolygon", "coordinates": [ [ [ [ -122.415188, 37.804559 ], [ -122.415984, 37.804462 ], [ -122.416562, 37.804859 ], [ -122.416534, 37.804885 ], [ -122.416455, 37.804895 ], [ -122.416512, 37.805163 ], [ -122.415341, 37.805311 ], [ -122.415188, 37.804559 ] ] ], [ [ [ -122.413564, 37.804763 ], [ -122.414954, 37.80459 ], [ -122.415106, 37.805337 ], [ -122.413712, 37.805508 ], [ -122.413564, 37.804763 ] ] ] ] } },
{ "type": "Feature", "properties": { "land_id": "180", "land_name": "POWER HOUSE - CIVIC CTR.", "category": "Public Works", "department_name": "Public Works" }, "geometry": { "type": "Polygon", "coordinates": [ [ [ -122.416907, 37.780857 ], [ -122.416611, 37.780893 ], [ -122.416563, 37.780656 ], [ -122.416858, 37.780619 ], [ -122.416907, 37.780857 ] ] ] } },
{ "type": "Feature", "properties": { "land_id": "242", "land_name": "SEWER RIGHT-OF-WAY AT QUINT", "category": "PUC/Wastewater", "department_name": "Public Utilities Commission" }, "geometry": { "type": "Polygon", "coordinates": [ [ [ -122.398076, 37.735279 ], [ -122.397331, 37.734912 ], [ -122.397348, 37.734888 ], [ -122.39809, 37.735254 ], [ -122.398076, 37.735279 ] ] ] } },
{ "type": "Feature", "properties": { "land_id": "1240", "land_name": "Parcels btwn I-280 and BART Tracks", "category": "Public Works", "department_name": "Public Works" }, "geometry": { "type": "Polygon", "coordinates": [ [ [ -122.466454, 37.709295 ], [ -122.466444, 37.709435 ], [ -122.466331, 37.709746 ], [ -122.466089, 37.709678 ], [ -122.465981, 37.709606 ], [ -122.465847, 37.709554 ], [ -122.465956, 37.709529 ], [ -122.466302, 37.709391 ], [ -122.466413, 37.709335 ], [ -122.466454, 37.709295 ] ] ] } },
{ "type": "Feature", "properties": { "land_id": "337", "land_name": "FIRE STATION #2", "category": "Fire", "department_name": "Fire Department" }, "geometry": { "type": "Polygon", "coordinates": [ [ [ -122.40974, 37.796956 ], [ -122.409747, 37.796988 ], [ -122.410045, 37.79695 ], [ -122.410071, 37.797076 ], [ -122.409746, 37.797118 ], [ -122.409701, 37.796962 ], [ -122.40974, 37.796956 ] ] ] } },
{ "type": "Feature", "properties": { "land_id": "8", "land_name": "MINI PARK (LESSING & LIEBIG)", "category": "Recreation & Park", "department_name": "Recreation and Parks" }, "geometry": { "type": "Polygon", "coordinates": [ [ [ -122.455241, 37.708447 ], [ -122.455503, 37.708626 ], [ -122.455356, 37.708764 ], [ -122.455105, 37.708575 ], [ -122.455241, 37.708447 ] ] ] } },
{ "type": "Feature", "properties": { "land_id": "392", "land_name": "Parker, Jean Elementary/Early Education", "category": "Unified School District", "department_name": "School District (SFUSD)" }, "geometry": { "type": "Polygon", "coordinates": [ [ [ -122.410694, 37.797801 ], [ -122.410635, 37.79749 ], [ -122.411344, 37.7974 ], [ -122.411418, 37.797773 ], [ -122.410948, 37.797833 ], [ -122.410936, 37.79777 ], [ -122.410694, 37.797801 ] ] ] } },
{ "type": "Feature", "properties": { "land_id": "395", "land_name": "Chinese Education Center Elementary School", "category": "Unified School District", "department_name": "School District (SFUSD)" }, "geometry": { "type": "Polygon", "coordinates": [ [ [ -122.404119, 37.794609 ], [ -122.40418, 37.794904 ], [ -122.403996, 37.794927 ], [ -122.403936, 37.794633 ], [ -122.404119, 37.794609 ] ] ] } },
{ "type": "Feature", "properties": { "land_id": "398", "land_name": "Galileo High School", "category": "Unified School District", "department_name": "School District (SFUSD)" }, "geometry": { "type": "MultiPolygon", "coordinates": [ [ [ [ -122.424915, 37.804266 ], [ -122.425066, 37.805012 ], [ -122.423754, 37.805179 ], [ -122.423602, 37.804433 ], [ -122.424915, 37.804266 ] ] ], [ [ [ -122.424726, 37.803334 ], [ -122.424877, 37.80408 ], [ -122.423565, 37.804247 ], [ -122.423413, 37.803501 ], [ -122.424726, 37.803334 ] ] ] ] } },
{ "type": "Feature", "properties": { "land_id": "150", "land_name": "Claremont - Ulloa Parking Lot", "category": "MTA", "department_name": "Municipal Transportation Agency" }, "geometry": { "type": "Polygon", "coordinates": [ [ [ -122.465707, 37.740302 ], [ -122.465691, 37.740431 ], [ -122.465624, 37.740423 ], [ -122.46562, 37.74045 ], [ -122.46555, 37.74043 ], [ -122.465369, 37.74041 ], [ -122.465309, 37.740577 ], [ -122.465239, 37.740537 ], [ -122.465235, 37.740504 ], [ -122.465329, 37.740212 ], [ -122.465707, 37.740302 ] ] ] } },
{ "type": "Feature", "properties": { "land_id": "373", "land_name": "Fifth St Homeless Center", "category": "Other", "department_name": "Homelessness and Supportive Housing" }, "geometry": { "type": "Polygon", "coordinates": [ [ [ -122.399903, 37.777956 ], [ -122.399508, 37.777641 ], [ -122.399704, 37.777486 ], [ -122.4001, 37.777802 ], [ -122.399903, 37.777956 ] ] ] } },
{ "type": "Feature", "properties": { "land_id": "1238", "land_name": "NW Corner Lot at Ellis and Stockton", "category": "Real Estate", "department_name": "GSA - Real Estate Division" }, "geometry": { "type": "Polygon", "coordinates": [ [ [ -122.406354, 37.785817 ], [ -122.406346, 37.785777 ], [ -122.406476, 37.78576 ], [ -122.406484, 37.785801 ], [ -122.406354, 37.785817 ] ] ] } },
{ "type": "Feature", "properties": { "land_id": "186", "land_name": "WAR MEMORIAL", "category": "Other", "department_name": "War Memorial" }, "geometry": { "type": "Polygon", "coordinates": [ [ [ -122.421423, 37.778133 ], [ -122.421762, 37.779811 ], [ -122.420448, 37.779978 ], [ -122.420108, 37.7783 ], [ -122.421423, 37.778133 ] ] ] } },
{ "type": "Feature", "properties": { "land_id": "1278", "land_name": "OCII Parcels - Block 4591D", "category": "OCII - Former SFRA", "department_name": "Community Investment and Infrastructure" }, "geometry": { "type": "MultiPolygon", "coordinates": [ [ [ [ -122.376054, 37.728215 ], [ -122.376099, 37.727761 ], [ -122.376247, 37.72777 ], [ -122.376202, 37.728224 ], [ -122.376054, 37.728215 ] ] ], [ [ [ -122.376778, 37.728263 ], [ -122.376863, 37.727812 ], [ -122.377169, 37.727869 ], [ -122.377083, 37.728086 ], [ -122.377038, 37.728076 ], [ -122.37696, 37.728295 ], [ -122.376778, 37.728263 ] ] ], [ [ [ -122.378002, 37.729492 ], [ -122.376134, 37.728432 ], [ -122.375492, 37.729145 ], [ -122.373976, 37.728284 ], [ -122.374067, 37.728265 ], [ -122.37416, 37.728268 ], [ -122.374559, 37.728364 ], [ -122.374636, 37.728167 ], [ -122.374883, 37.728228 ], [ -122.374806, 37.728425 ], [ -122.375283, 37.728533 ], [ -122.375876, 37.728576 ], [ -122.375965, 37.728512 ], [ -122.375979, 37.728376 ], [ -122.376413, 37.728403 ], [ -122.376403, 37.728497 ], [ -122.377643, 37.729019 ], [ -122.378167, 37.729184 ], [ -122.378365, 37.728979 ], [ -122.378331, 37.728969 ], [ -122.378394, 37.7289 ], [ -122.378377, 37.728895 ], [ -122.378413, 37.728818 ], [ -122.37848, 37.728809 ], [ -122.378633, 37.728639 ], [ -122.37808, 37.728475 ], [ -122.377749, 37.72834 ], [ -122.377614, 37.728542 ], [ -122.377483, 37.728486 ], [ -122.377744, 37.728061 ], [ -122.378757, 37.728421 ], [ -122.3788, 37.728346 ], [ -122.378857, 37.728367 ], [ -122.378899, 37.728292 ], [ -122.378949, 37.728289 ], [ -122.379039, 37.72834 ], [ -122.378002, 37.729492 ] ] ], [ [ [ -122.379099, 37.728122 ], [ -122.378079, 37.727759 ], [ -122.377966, 37.727959 ], [ -122.37783, 37.727911 ], [ -122.377929, 37.727736 ], [ -122.377379, 37.727548 ], [ -122.377299, 37.727729 ], [ -122.377071, 37.727677 ], [ -122.376846, 37.727644 ], [ -122.376877, 37.727453 ], [ -122.376282, 37.727414 ], [ -122.376264, 37.727605 ], [ -122.376115, 37.727596 ], [ -122.376134, 37.727405 ], [ -122.375528, 37.727372 ], [ -122.375339, 37.727391 ], [ -122.375162, 37.727435 ], [ -122.374998, 37.727503 ], [ -122.374852, 37.727595 ], [ -122.375017, 37.727735 ], [ -122.374752, 37.728011 ], [ -122.374709, 37.728013 ], [ -122.374211, 37.727899 ], [ -122.374039, 37.727895 ], [ -122.373866, 37.727922 ], [ -122.373856, 37.727896 ], [ -122.373792, 37.727904 ], [ -122.374602, 37.726998 ], [ -122.375015, 37.727128 ], [ -122.375341, 37.727165 ], [ -122.375626, 37.727182 ], [ -122.376145, 37.727157 ], [ -122.376289, 37.727133 ], [ -122.377013, 37.7274 ], [ -122.37801, 37.727656 ], [ -122.379356, 37.727836 ], [ -122.379099, 37.728122 ] ] ] ] } },
{ "type": "Feature", "properties": { "land_id": "178", "land_name": "COSO ST (VACATED PORTION)", "category": "Recreation & Park", "department_name": "Recreation and Parks" }, "geometry": { "type": "Polygon", "coordinates": [ [ [ -122.415119, 37.744737 ], [ -122.41555, 37.744913 ], [ -122.415519, 37.744962 ], [ -122.415065, 37.744824 ], [ -122.415119, 37.744737 ] ] ] } },
{ "type": "Feature", "properties": { "land_id": "517", "land_name": "REIS TRACT LOTS - ARLETA II", "category": "PUC/Water", "department_name": "Public Utilities Commission" }, "geometry": { "type": "MultiPolygon", "coordinates": [ [ [ [ -122.405975, 37.713564 ], [ -122.40582, 37.713504 ], [ -122.405971, 37.713258 ], [ -122.405893, 37.713228 ], [ -122.406045, 37.712981 ], [ -122.4062, 37.713042 ], [ -122.406048, 37.713289 ], [ -122.406126, 37.713319 ], [ -122.405975, 37.713564 ] ] ], [ [ [ -122.406366, 37.712617 ], [ -122.406443, 37.712647 ], [ -122.406291, 37.712894 ], [ -122.406136, 37.712833 ], [ -122.406288, 37.712587 ], [ -122.406211, 37.712557 ], [ -122.406363, 37.71231 ], [ -122.406518, 37.71237 ], [ -122.406366, 37.712617 ] ] ] ] } },
{ "type": "Feature", "properties": { "land_id": "909", "land_name": "M LINE R/W", "category": "MTA", "department_name": "Municipal Transportation Agency" }, "geometry": { "type": "Polygon", "coordinates": [ [ [ -122.47424, 37.731176 ], [ -122.474363, 37.731176 ], [ -122.474231, 37.731371 ], [ -122.473866, 37.73184 ], [ -122.473771, 37.731799 ], [ -122.473771, 37.731798 ], [ -122.47424, 37.731176 ] ] ] } },
{ "type": "Feature", "properties": { "land_id": "908", "land_name": "LAGUNA HONDA SUBSTATION (RECTIFIER)", "category": "MTA", "department_name": "Municipal Transportation Agency" }, "geometry": { "type": "Polygon", "coordinates": [ [ [ -122.458642, 37.748142 ], [ -122.458683, 37.748338 ], [ -122.458726, 37.748403 ], [ -122.458599, 37.748488 ], [ -122.458558, 37.748488 ], [ -122.458498, 37.748376 ], [ -122.458551, 37.748238 ], [ -122.458542, 37.748163 ], [ -122.458557, 37.748148 ], [ -122.458642, 37.748142 ] ] ] } },
{ "type": "Feature", "properties": { "land_id": "234", "land_name": "HUNTERS PT EXPWY (REMAINDER)", "category": "Public Works", "department_name": "Public Works" }, "geometry": { "type": "Polygon", "coordinates": [ [ [ -122.38397, 37.709117 ], [ -122.383941, 37.708426 ], [ -122.384644, 37.708825 ], [ -122.384667, 37.70919 ], [ -122.3843, 37.709173 ], [ -122.384139, 37.709213 ], [ -122.38397, 37.709117 ] ] ] } },
{ "type": "Feature", "properties": { "land_id": "1227", "land_name": "772 Pacific Ave", "category": "Real Estate", "department_name": "GSA - Real Estate Division" }, "geometry": { "type": "Polygon", "coordinates": [ [ [ -122.408095, 37.796812 ], [ -122.40817, 37.797188 ], [ -122.407988, 37.79721 ], [ -122.407977, 37.797156 ], [ -122.407923, 37.797163 ], [ -122.407857, 37.796842 ], [ -122.408095, 37.796812 ] ] ] } },
{ "type": "Feature", "properties": { "land_id": "46", "land_name": "JACKSON PLAYGROUND", "category": "Recreation & Park", "department_name": "Recreation and Parks" }, "geometry": { "type": "Polygon", "coordinates": [ [ [ -122.400385, 37.763718 ], [ -122.400487, 37.764812 ], [ -122.39883, 37.764912 ], [ -122.398727, 37.763818 ], [ -122.400385, 37.763718 ] ] ] } },
{ "type": "Feature", "properties": { "land_id": "549", "land_name": "NORTH BEACH Parking Garage", "category": "MTA", "department_name": "Municipal Transportation Agency" }, "geometry": { "type": "Polygon", "coordinates": [ [ [ -122.4093, 37.798035 ], [ -122.409768, 37.797978 ], [ -122.409843, 37.798351 ], [ -122.409375, 37.798409 ], [ -122.4093, 37.798035 ] ] ] } },
{ "type": "Feature", "properties": { "land_id": "574", "land_name": "PARKING AREA", "category": "Recreation & Park", "department_name": "Recreation and Parks" }, "geometry": { "type": "Polygon", "coordinates": [ [ [ -122.498406, 37.747974 ], [ -122.498394, 37.747772 ], [ -122.499541, 37.747721 ], [ -122.499554, 37.747935 ], [ -122.498406, 37.747974 ] ] ] } },
{ "type": "Feature", "properties": { "land_id": "352", "land_name": "SEA CLIFF #2 PUMP STATION", "category": "PUC/Wastewater", "department_name": "Public Utilities Commission" }, "geometry": { "type": "Polygon", "coordinates": [ [ [ -122.486764, 37.788946 ], [ -122.486904, 37.788911 ], [ -122.486945, 37.789485 ], [ -122.486814, 37.789584 ], [ -122.486764, 37.788946 ] ] ] } },
{ "type": "Feature", "properties": { "land_id": "1276", "land_name": "OCII Parcel E of Ridgetop Plaza", "category": "OCII - Former SFRA", "department_name": "Community Investment and Infrastructure" }, "geometry": { "type": "Polygon", "coordinates": [ [ [ -122.383405, 37.734331 ], [ -122.382983, 37.734415 ], [ -122.382706, 37.733996 ], [ -122.382442, 37.733699 ], [ -122.382431, 37.733649 ], [ -122.38246, 37.733602 ], [ -122.382659, 37.733495 ], [ -122.382787, 37.733448 ], [ -122.382865, 37.73367 ], [ -122.383089, 37.733621 ], [ -122.383114, 37.733694 ], [ -122.383063, 37.733705 ], [ -122.383119, 37.733875 ], [ -122.383255, 37.733851 ], [ -122.383405, 37.734331 ] ] ] } },
{ "type": "Feature", "properties": { "land_id": "183", "land_name": "CORONA COURT", "category": "Public Works", "department_name": "Public Works" }, "geometry": { "type": "Polygon", "coordinates": [ [ [ -122.466839, 37.726021 ], [ -122.466828, 37.726079 ], [ -122.466743, 37.726111 ], [ -122.466644, 37.726096 ], [ -122.466593, 37.726043 ], [ -122.466619, 37.725994 ], [ -122.466694, 37.725969 ], [ -122.466783, 37.72598 ], [ -122.466839, 37.726021 ] ] ] } },
{ "type": "Feature", "properties": { "land_id": "233", "land_name": "O'Connell, John High School", "category": "Unified School District", "department_name": "School District (SFUSD)" }, "geometry": { "type": "Polygon", "coordinates": [ [ [ -122.412749, 37.760017 ], [ -122.412662, 37.759107 ], [ -122.41397, 37.759028 ], [ -122.413994, 37.759288 ], [ -122.414581, 37.759252 ], [ -122.414633, 37.759804 ], [ -122.413585, 37.759867 ], [ -122.413594, 37.759964 ], [ -122.412749, 37.760017 ] ] ] } },
{ "type": "Feature", "properties": { "land_id": "211", "land_name": "MISSION CULTURAL CTR", "category": "Other", "department_name": "Arts Commission" }, "geometry": { "type": "Polygon", "coordinates": [ [ [ -122.418859, 37.750872 ], [ -122.418892, 37.751217 ], [ -122.418747, 37.751225 ], [ -122.41873, 37.751047 ], [ -122.418471, 37.751063 ], [ -122.418455, 37.750897 ], [ -122.418859, 37.750872 ] ] ] } },
{ "type": "Feature", "properties": { "land_id": "650", "land_name": "AMAZON RESERVOIR TRACT", "category": "PUC/Hetch Hetchy", "department_name": "Public Utilities Commission" }, "geometry": { "type": "Polygon", "coordinates": [ [ [ -122.426557, 37.711655 ], [ -122.427469, 37.711926 ], [ -122.427577, 37.71168 ], [ -122.428553, 37.712116 ], [ -122.429291, 37.712377 ], [ -122.433545, 37.713254 ], [ -122.43274, 37.71437 ], [ -122.432698, 37.714355 ], [ -122.431079, 37.716499 ], [ -122.427021, 37.715616 ], [ -122.427253, 37.714892 ], [ -122.425305, 37.714391 ], [ -122.426557, 37.711655 ] ] ] } },
{ "type": "Feature", "properties": { "land_id": "1233", "land_name": "730 Stanyan Street Site", "category": "Other", "department_name": "Mayor" }, "geometry": { "type": "Polygon", "coordinates": [ [ [ -122.452756, 37.768403 ], [ -122.453225, 37.768343 ], [ -122.453377, 37.76909 ], [ -122.452907, 37.76915 ], [ -122.452756, 37.768403 ] ] ] } },
{ "type": "Feature", "properties": { "land_id": "635", "land_name": "SAN FRANCISCO INTERNATIONAL AIRPORT", "category": "Other", "department_name": "Airport (SFO)" }, "geometry": { "type": "Polygon", "coordinates": [ [ [ -122.384399, 37.640148 ], [ -122.380986, 37.639034 ], [ -122.374147, 37.639024 ], [ -122.374204, 37.635419 ], [ -122.360658, 37.635432 ], [ -122.360648, 37.632051 ], [ -122.35586, 37.631973 ], [ -122.355894, 37.628342 ], [ -122.351292, 37.628267 ], [ -122.35138, 37.62464 ], [ -122.346924, 37.624572 ], [ -122.346955, 37.620997 ], [ -122.342386, 37.620988 ], [ -122.342397, 37.617369 ], [ -122.337902, 37.617321 ], [ -122.337907, 37.613823 ], [ -122.333137, 37.613787 ], [ -122.3332, 37.610117 ], [ -122.328609, 37.610116 ], [ -122.328615, 37.606432 ], [ -122.323845, 37.606395 ], [ -122.323854, 37.603199 ], [ -122.319542, 37.603189 ], [ -122.319542, 37.599362 ], [ -122.321856, 37.599395 ], [ -122.351314, 37.599211 ], [ -122.351456, 37.606285 ], [ -122.36968, 37.606312 ], [ -122.372512, 37.604631 ], [ -122.373778, 37.605138 ], [ -122.377183, 37.60496 ], [ -122.377415, 37.604629 ], [ -122.378017, 37.604195 ], [ -122.378125, 37.604142 ], [ -122.378246, 37.60411 ], [ -122.378427, 37.604105 ], [ -122.37876, 37.604181 ], [ -122.378933, 37.604191 ], [ -122.38146, 37.603944 ], [ -122.381602, 37.603954 ], [ -122.381763, 37.603988 ], [ -122.381893, 37.604034 ], [ -122.382031, 37.604108 ], [ -122.386696, 37.607102 ], [ -122.391662, 37.610353 ], [ -122.394432, 37.61222 ], [ -122.394617, 37.612367 ], [ -122.394806, 37.61258 ], [ -122.39495, 37.612842 ], [ -122.394994, 37.613003 ], [ -122.394958, 37.613216 ], [ -122.394897, 37.613331 ], [ -122.394797, 37.61345 ], [ -122.393913, 37.613981 ], [ -122.393288, 37.614217 ], [ -122.39362, 37.614923 ], [ -122.39417, 37.614802 ], [ -122.39621, 37.614833 ], [ -122.396326, 37.614849 ], [ -122.39663, 37.614931 ], [ -122.396924, 37.615081 ], [ -122.397144, 37.615267 ], [ -122.397344, 37.61554 ], [ -122.397631, 37.616007 ], [ -122.397911, 37.616547 ], [ -122.400856, 37.625349 ], [ -122.401261, 37.626476 ], [ -122.401709, 37.629228 ], [ -122.401705, 37.629432 ], [ -122.401679, 37.629606 ], [ -122.401621, 37.629805 ], [ -122.401548, 37.629971 ], [ -122.400448, 37.631771 ], [ -122.400302, 37.631966 ], [ -122.400022, 37.632223 ], [ -122.399711, 37.632412 ], [ -122.399556, 37.632482 ], [ -122.398474, 37.632879 ], [ -122.398514, 37.632947 ], [ -122.399961, 37.632421 ], [ -122.400069, 37.632637 ], [ -122.399419, 37.632874 ], [ -122.399442, 37.63292 ], [ -122.400189, 37.632659 ], [ -122.400437, 37.632622 ], [ -122.400688, 37.632625 ], [ -122.400935, 37.632666 ], [ -122.401917, 37.633138 ], [ -122.40202, 37.633211 ], [ -122.402106, 37.633295 ], [ -122.402174, 37.63339 ], [ -122.402221, 37.633493 ], [ -122.402705, 37.635441 ], [ -122.402628, 37.635664 ], [ -122.402584, 37.635863 ], [ -122.402563, 37.636265 ], [ -122.40146, 37.637121 ], [ -122.40062, 37.637739 ], [ -122.400823, 37.63808 ], [ -122.40064, 37.638072 ], [ -122.400365, 37.638136 ], [ -122.40034, 37.638091 ], [ -122.399795, 37.63829 ], [ -122.399586, 37.638337 ], [ -122.399402, 37.638358 ], [ -122.396606, 37.638354 ], [ -122.394976, 37.639058 ], [ -122.390104, 37.639047 ], [ -122.390102, 37.639187 ], [ -122.385539, 37.640142 ], [ -122.384399, 37.640148 ] ], [ [ -122.391257, 37.633216 ], [ -122.389702, 37.630288 ], [ -122.388343, 37.630275 ], [ -122.388297, 37.633472 ], [ -122.389507, 37.633831 ], [ -122.391257, 37.633216 ] ] ] } },
{ "type": "Feature", "properties": { "land_id": "596", "land_name": "Rodriguez School/Mission CDC", "category": "Unified School District", "department_name": "School District (SFUSD)" }, "geometry": { "type": "MultiPolygon", "coordinates": [ [ [ [ -122.419243, 37.750026 ], [ -122.419262, 37.750218 ], [ -122.418854, 37.750243 ], [ -122.418836, 37.750051 ], [ -122.419243, 37.750026 ] ] ], [ [ [ -122.418741, 37.749602 ], [ -122.41878, 37.750012 ], [ -122.418373, 37.750037 ], [ -122.418334, 37.749626 ], [ -122.418741, 37.749602 ] ] ] ] } },
{ "type": "Feature", "properties": { "land_id": "1010", "land_name": "SFHA -- Valencia Gardens", "category": "SFHA", "department_name": "San Francisco Housing Authority" }, "geometry": { "type": "Polygon", "coordinates": [ [ [ -122.424226, 37.767563 ], [ -122.422295, 37.767688 ], [ -122.422193, 37.766619 ], [ -122.424021, 37.766508 ], [ -122.424039, 37.7667 ], [ -122.424143, 37.766694 ], [ -122.424226, 37.767563 ] ] ] } },
{ "type": "Feature", "properties": { "land_id": "390", "land_name": "SLOPE PROTECTION AND WALKWAY", "category": "Recreation & Park", "department_name": "Recreation and Parks" }, "geometry": { "type": "Polygon", "coordinates": [ [ [ -122.43732, 37.766506 ], [ -122.437299, 37.766289 ], [ -122.437384, 37.766314 ], [ -122.437339, 37.76641 ], [ -122.437475, 37.766372 ], [ -122.437652, 37.766376 ], [ -122.437702, 37.766392 ], [ -122.437642, 37.766522 ], [ -122.437515, 37.766551 ], [ -122.437407, 37.766599 ], [ -122.43728, 37.766701 ], [ -122.437202, 37.76683 ], [ -122.437091, 37.766837 ], [ -122.437061, 37.766522 ], [ -122.43732, 37.766506 ] ] ] } },
{ "type": "Feature", "properties": { "land_id": "341", "land_name": "PINE LAKE PARK", "category": "Recreation & Park", "department_name": "Recreation and Parks" }, "geometry": { "type": "Polygon", "coordinates": [ [ [ -122.481868, 37.735669 ], [ -122.482299, 37.735743 ], [ -122.48238, 37.735491 ], [ -122.482665, 37.735527 ], [ -122.482954, 37.735543 ], [ -122.483243, 37.735539 ], [ -122.48353, 37.735514 ], [ -122.483818, 37.735457 ], [ -122.484519, 37.735261 ], [ -122.485143, 37.735158 ], [ -122.485165, 37.735353 ], [ -122.485776, 37.735286 ], [ -122.485794, 37.73542 ], [ -122.48616, 37.735405 ], [ -122.486499, 37.735412 ], [ -122.487581, 37.735544 ], [ -122.4878, 37.73556 ], [ -122.48856, 37.735556 ], [ -122.488971, 37.735596 ], [ -122.489262, 37.735661 ], [ -122.489459, 37.735732 ], [ -122.489674, 37.735851 ], [ -122.489841, 37.735985 ], [ -122.490043, 37.736246 ], [ -122.490189, 37.736569 ], [ -122.490296, 37.736752 ], [ -122.490658, 37.73722 ], [ -122.491025, 37.737142 ], [ -122.49106, 37.737189 ], [ -122.491063, 37.737231 ], [ -122.490976, 37.737382 ], [ -122.490864, 37.737516 ], [ -122.490594, 37.737683 ], [ -122.490438, 37.737749 ], [ -122.490263, 37.737788 ], [ -122.490097, 37.737797 ], [ -122.489912, 37.737779 ], [ -122.489678, 37.737718 ], [ -122.489727, 37.737589 ], [ -122.489698, 37.73749 ], [ -122.489516, 37.737314 ], [ -122.489296, 37.737007 ], [ -122.489197, 37.736933 ], [ -122.489075, 37.736879 ], [ -122.488717, 37.73677 ], [ -122.488503, 37.736727 ], [ -122.4878, 37.736697 ], [ -122.487209, 37.736629 ], [ -122.486773, 37.736612 ], [ -122.486645, 37.73659 ], [ -122.486328, 37.736502 ], [ -122.485973, 37.736484 ], [ -122.485467, 37.736539 ], [ -122.485345, 37.736572 ], [ -122.485226, 37.736625 ], [ -122.485035, 37.736772 ], [ -122.485052, 37.736993 ], [ -122.484966, 37.737028 ], [ -122.482803, 37.73713 ], [ -122.482823, 37.737417 ], [ -122.4826, 37.737426 ], [ -122.482377, 37.737404 ], [ -122.482184, 37.737358 ], [ -122.481983, 37.73728 ], [ -122.481819, 37.737186 ], [ -122.481666, 37.737065 ], [ -122.481653, 37.736461 ], [ -122.481766, 37.736455 ], [ -122.481868, 37.735669 ] ] ] } },
{ "type": "Feature", "properties": { "land_id": "1277", "land_name": "OCII Parcel off Ingalls St and Kiska Rd", "category": "OCII - Former SFRA", "department_name": "Community Investment and Infrastructure" }, "geometry": { "type": "Polygon", "coordinates": [ [ [ -122.378953, 37.731582 ], [ -122.379244, 37.731083 ], [ -122.379282, 37.731066 ], [ -122.379327, 37.731079 ], [ -122.379375, 37.731121 ], [ -122.379386, 37.731175 ], [ -122.379285, 37.73138 ], [ -122.379249, 37.731584 ], [ -122.379204, 37.731615 ], [ -122.379131, 37.731623 ], [ -122.379038, 37.731613 ], [ -122.378953, 37.731582 ] ] ] } },
{ "type": "Feature", "properties": { "land_id": "551", "land_name": "UNION STREET PARCELS (STAIRS)", "category": "Public Works", "department_name": "Public Works" }, "geometry": { "type": "Polygon", "coordinates": [ [ [ -122.40403, 37.801153 ], [ -122.404136, 37.801139 ], [ -122.404142, 37.80117 ], [ -122.404036, 37.801184 ], [ -122.40403, 37.801153 ] ] ] } },
{ "type": "Feature", "properties": { "land_id": "673", "land_name": "WEST SUNSET PLAYGROUND", "category": "Recreation & Park", "department_name": "Recreation and Parks" }, "geometry": { "type": "Polygon", "coordinates": [ [ [ -122.498394, 37.747772 ], [ -122.498406, 37.747974 ], [ -122.499556, 37.747935 ], [ -122.499673, 37.749607 ], [ -122.498374, 37.749665 ], [ -122.498487, 37.751288 ], [ -122.498347, 37.751294 ], [ -122.498333, 37.751012 ], [ -122.497843, 37.751033 ], [ -122.497861, 37.751316 ], [ -122.497629, 37.751326 ], [ -122.49748, 37.749199 ], [ -122.496425, 37.749246 ], [ -122.496328, 37.747863 ], [ -122.498394, 37.747772 ] ] ] } },
{ "type": "Feature", "properties": { "land_id": "548", "land_name": "TENDERLOIN TASK FORCE POLICE STATION", "category": "Police", "department_name": "Police Department" }, "geometry": { "type": "Polygon", "coordinates": [ [ [ -122.41311, 37.7835 ], [ -122.413166, 37.783771 ], [ -122.412697, 37.783831 ], [ -122.412643, 37.783559 ], [ -122.41311, 37.7835 ] ] ] } },
{ "type": "Feature", "properties": { "land_id": "543", "land_name": "JESSIE ST", "category": "Public Works", "department_name": "Public Works" }, "geometry": { "type": "Polygon", "coordinates": [ [ [ -122.420971, 37.771012 ], [ -122.420957, 37.7709 ], [ -122.421085, 37.770929 ], [ -122.421092, 37.771005 ], [ -122.420971, 37.771012 ] ] ] } },
{ "type": "Feature", "properties": { "land_id": "937", "land_name": "In Chan Kaajal Park", "category": "Recreation & Park", "department_name": "Recreation and Parks" }, "geometry": { "type": "Polygon", "coordinates": [ [ [ -122.416105, 37.763723 ], [ -122.416108, 37.763756 ], [ -122.416152, 37.763752 ], [ -122.416183, 37.764077 ], [ -122.415339, 37.764128 ], [ -122.415305, 37.763772 ], [ -122.416105, 37.763723 ] ] ] } },
{ "type": "Feature", "properties": { "land_id": "818", "land_name": "OUTER MISSION SUBSTATION", "category": "MTA", "department_name": "Municipal Transportation Agency" }, "geometry": { "type": "Polygon", "coordinates": [ [ [ -122.436869, 37.721018 ], [ -122.436688, 37.721258 ], [ -122.436539, 37.721187 ], [ -122.43672, 37.720948 ], [ -122.436869, 37.721018 ] ] ] } },
{ "type": "Feature", "properties": { "land_id": "567", "land_name": "BAYVIEW POLICE STATION", "category": "Police", "department_name": "Police Department" }, "geometry": { "type": "Polygon", "coordinates": [ [ [ -122.398563, 37.729388 ], [ -122.398442, 37.72998 ], [ -122.397609, 37.72986 ], [ -122.398107, 37.729297 ], [ -122.398563, 37.729388 ] ] ] } },
{ "type": "Feature", "properties": { "land_id": "1282", "land_name": "25 Essex St Housing", "category": "Other", "department_name": "Mayor" }, "geometry": { "type": "Polygon", "coordinates": [ [ [ -122.394847, 37.78646 ], [ -122.394909, 37.786412 ], [ -122.394941, 37.786437 ], [ -122.394934, 37.786282 ], [ -122.395134, 37.786125 ], [ -122.395447, 37.786374 ], [ -122.395081, 37.786663 ], [ -122.394847, 37.78646 ] ] ] } },
{ "type": "Feature", "properties": { "land_id": "698", "land_name": "FORMER SEA WALL #20", "category": "Port", "department_name": "Port" }, "geometry": { "type": "Polygon", "coordinates": [ [ [ -122.388184, 37.786311 ], [ -122.388268, 37.785292 ], [ -122.389086, 37.785945 ], [ -122.388698, 37.78625 ], [ -122.389047, 37.786529 ], [ -122.388747, 37.786765 ], [ -122.388184, 37.786311 ] ] ] } },
{ "type": "Feature", "properties": { "land_id": "870", "land_name": "CITY-OWNED PARCEL (0792022)", "category": "MTA", "department_name": "Municipal Transportation Agency" }, "geometry": { "type": "Polygon", "coordinates": [ [ [ -122.422109, 37.778428 ], [ -122.422184, 37.778801 ], [ -122.42209, 37.778813 ], [ -122.422015, 37.77844 ], [ -122.422109, 37.778428 ] ] ] } },
{ "type": "Feature", "properties": { "land_id": "638", "land_name": "Lakeshore Elementary School", "category": "Unified School District", "department_name": "School District (SFUSD)" }, "geometry": { "type": "Polygon", "coordinates": [ [ [ -122.485737, 37.729519 ], [ -122.486006, 37.729628 ], [ -122.486441, 37.729745 ], [ -122.486142, 37.73037 ], [ -122.486093, 37.730556 ], [ -122.486071, 37.730795 ], [ -122.484395, 37.730932 ], [ -122.484461, 37.730634 ], [ -122.484434, 37.73022 ], [ -122.4848, 37.730145 ], [ -122.485202, 37.729911 ], [ -122.485483, 37.729863 ], [ -122.485654, 37.729673 ], [ -122.485737, 37.729519 ] ] ] } },
{ "type": "Feature", "properties": { "land_id": "1283", "land_name": "Foods Co - Future Development", "category": "Other", "department_name": "Mayor" }, "geometry": { "type": "Polygon", "coordinates": [ [ [ -122.398442, 37.72998 ], [ -122.398563, 37.729388 ], [ -122.400083, 37.72969 ], [ -122.400071, 37.729723 ], [ -122.400183, 37.729787 ], [ -122.399833, 37.73018 ], [ -122.398442, 37.72998 ] ] ] } },
{ "type": "Feature", "properties": { "land_id": "1284", "land_name": "Westbrook Health Clinic", "category": "Other", "department_name": "Mayor" }, "geometry": { "type": "Polygon", "coordinates": [ [ [ -122.408196, 37.777504 ], [ -122.408393, 37.777349 ], [ -122.408815, 37.777685 ], [ -122.408591, 37.777862 ], [ -122.408517, 37.777804 ], [ -122.408333, 37.777949 ], [ -122.408091, 37.777756 ], [ -122.408103, 37.777746 ], [ -122.40807, 37.77772 ], [ -122.40827, 37.777562 ], [ -122.408196, 37.777504 ] ] ] } },
{ "type": "Feature", "properties": { "land_id": "661", "land_name": "INGLESIDE POLICE STATION", "category": "Police", "department_name": "Police Department" }, "geometry": { "type": "Polygon", "coordinates": [ [ [ -122.44654, 37.724516 ], [ -122.446531, 37.72473 ], [ -122.446388, 37.724963 ], [ -122.446278, 37.724939 ], [ -122.446193, 37.725071 ], [ -122.445668, 37.725079 ], [ -122.445657, 37.724531 ], [ -122.44654, 37.724516 ] ] ] } },
{ "type": "Feature", "properties": { "land_id": "671", "land_name": "ST MARY'S SQUARE", "category": "Recreation & Park", "department_name": "Recreation and Parks" }, "geometry": { "type": "Polygon", "coordinates": [ [ [ -122.404998, 37.791685 ], [ -122.405439, 37.791629 ], [ -122.405593, 37.792374 ], [ -122.405141, 37.792431 ], [ -122.404998, 37.791685 ] ] ] } },
{ "type": "Feature", "properties": { "land_id": "1285", "land_name": "1939 Market St", "category": "Other", "department_name": "Mayor" }, "geometry": { "type": "Polygon", "coordinates": [ [ [ -122.425382, 37.769797 ], [ -122.425387, 37.769851 ], [ -122.425532, 37.769966 ], [ -122.425348, 37.770111 ], [ -122.425136, 37.769942 ], [ -122.425123, 37.769812 ], [ -122.425382, 37.769797 ] ] ] } },
{ "type": "Feature", "properties": { "land_id": "1177", "land_name": "Sustainable Streets Shops", "category": "MTA", "department_name": "Municipal Transportation Agency" }, "geometry": { "type": "Polygon", "coordinates": [ [ [ -122.391563, 37.725041 ], [ -122.391167, 37.725481 ], [ -122.390534, 37.725122 ], [ -122.39093, 37.724682 ], [ -122.391563, 37.725041 ] ] ] } },
{ "type": "Feature", "properties": { "land_id": "1222", "land_name": "Shoreview Park", "category": "Recreation & Park", "department_name": "Recreation and Parks" }, "geometry": { "type": "Polygon", "coordinates": [ [ [ -122.381484, 37.73182 ], [ -122.381223, 37.732116 ], [ -122.381223, 37.732226 ], [ -122.381048, 37.73214 ], [ -122.380976, 37.732156 ], [ -122.380706, 37.732055 ], [ -122.380653, 37.732004 ], [ -122.380657, 37.73195 ], [ -122.380729, 37.731855 ], [ -122.381026, 37.731527 ], [ -122.38108, 37.731498 ], [ -122.381134, 37.731498 ], [ -122.381182, 37.731519 ], [ -122.381335, 37.73167 ], [ -122.381381, 37.731771 ], [ -122.381484, 37.73182 ] ] ] } },
{ "type": "Feature", "properties": { "land_id": "1223", "land_name": "Ground Lease - 210 Taylor St", "category": "Other", "department_name": "Mayor" }, "geometry": { "type": "Polygon", "coordinates": [ [ [ -122.410938, 37.784663 ], [ -122.410468, 37.784722 ], [ -122.410385, 37.78431 ], [ -122.410855, 37.784251 ], [ -122.410938, 37.784663 ] ] ] } },
{ "type": "Feature", "properties": { "land_id": "842", "land_name": "JUNIPERO SERRA (REMAINDER)", "category": "Other", "department_name": "Mayor" }, "geometry": { "type": "Polygon", "coordinates": [ [ [ -122.472157, 37.718215 ], [ -122.472154, 37.71794 ], [ -122.472256, 37.717939 ], [ -122.472241, 37.718214 ], [ -122.472157, 37.718215 ] ] ] } },
{ "type": "Feature", "properties": { "land_id": "566", "land_name": "JOHN MCLAREN PARK PARCEL (DUBLIN ST)", "category": "Recreation & Park", "department_name": "Recreation and Parks" }, "geometry": { "type": "Polygon", "coordinates": [ [ [ -122.426225, 37.718233 ], [ -122.426425, 37.718329 ], [ -122.42634, 37.71844 ], [ -122.426175, 37.718362 ], [ -122.426225, 37.718233 ] ] ] } },
{ "type": "Feature", "properties": { "land_id": "277", "land_name": "Future Bay Shore Blvd. Widening", "category": "MTA", "department_name": "Municipal Transportation Agency" }, "geometry": { "type": "Polygon", "coordinates": [ [ [ -122.399135, 37.714409 ], [ -122.39893, 37.714911 ], [ -122.398884, 37.71491 ], [ -122.399074, 37.714481 ], [ -122.399165, 37.714342 ], [ -122.399214, 37.714277 ], [ -122.399266, 37.714214 ], [ -122.399135, 37.714409 ] ] ] } },
{ "type": "Feature", "properties": { "land_id": "826", "land_name": "RICHMOND SUBSTATION", "category": "MTA", "department_name": "Municipal Transportation Agency" }, "geometry": { "type": "Polygon", "coordinates": [ [ [ -122.466906, 37.78011 ], [ -122.466916, 37.780247 ], [ -122.466502, 37.780266 ], [ -122.466492, 37.780129 ], [ -122.466906, 37.78011 ] ] ] } },
{ "type": "Feature", "properties": { "land_id": "1175", "land_name": "Willie Mays Boys & Girls Club", "category": "Unified School District", "department_name": "School District (SFUSD)" }, "geometry": { "type": "Polygon", "coordinates": [ [ [ -122.378599, 37.729484 ], [ -122.378097, 37.730033 ], [ -122.377826, 37.729955 ], [ -122.377545, 37.729902 ], [ -122.377507, 37.729951 ], [ -122.377258, 37.729936 ], [ -122.377225, 37.72991 ], [ -122.377184, 37.729753 ], [ -122.377123, 37.729608 ], [ -122.376987, 37.729397 ], [ -122.376717, 37.729093 ], [ -122.376583, 37.729026 ], [ -122.376573, 37.72897 ], [ -122.376442, 37.728922 ], [ -122.376373, 37.728938 ], [ -122.376323, 37.728977 ], [ -122.376301, 37.729031 ], [ -122.376314, 37.729086 ], [ -122.376634, 37.729228 ], [ -122.376833, 37.72946 ], [ -122.376927, 37.729594 ], [ -122.377, 37.729743 ], [ -122.37705, 37.729914 ], [ -122.377026, 37.729953 ], [ -122.376673, 37.730037 ], [ -122.376487, 37.730065 ], [ -122.376255, 37.730071 ], [ -122.376025, 37.730046 ], [ -122.375735, 37.729979 ], [ -122.375745, 37.729968 ], [ -122.37508, 37.729603 ], [ -122.376134, 37.728432 ], [ -122.378002, 37.729492 ], [ -122.378208, 37.729263 ], [ -122.378599, 37.729484 ] ] ] } },
{ "type": "Feature", "properties": { "land_id": "403", "land_name": "CALIFORNIA ST OFF-STREET PARKING", "category": "MTA", "department_name": "Municipal Transportation Agency" }, "geometry": { "type": "Polygon", "coordinates": [ [ [ -122.434688, 37.788917 ], [ -122.435208, 37.78885 ], [ -122.435266, 37.78914 ], [ -122.435088, 37.789162 ], [ -122.435103, 37.789233 ], [ -122.434761, 37.789276 ], [ -122.434688, 37.788917 ] ] ] } },
{ "type": "Feature", "properties": { "land_id": "936", "land_name": "MOH - 2060 Folsom", "category": "Other", "department_name": "Mayor" }, "geometry": { "type": "Polygon", "coordinates": [ [ [ -122.416183, 37.764077 ], [ -122.416208, 37.764337 ], [ -122.415863, 37.764358 ], [ -122.415874, 37.764467 ], [ -122.415374, 37.764497 ], [ -122.415339, 37.764128 ], [ -122.416183, 37.764077 ] ] ] } },
{ "type": "Feature", "properties": { "land_id": "999", "land_name": "SFHA -- 939 Eddy St", "category": "SFHA", "department_name": "San Francisco Housing Authority" }, "geometry": { "type": "Polygon", "coordinates": [ [ [ -122.423192, 37.782115 ], [ -122.423267, 37.782487 ], [ -122.423032, 37.782517 ], [ -122.422957, 37.782144 ], [ -122.423192, 37.782115 ] ] ] } },
{ "type": "Feature", "properties": { "land_id": "451", "land_name": "MOSCONE CENTER", "category": "OCII - Former SFRA", "department_name": "GSA - Convention Facilities Management" }, "geometry": { "type": "Polygon", "coordinates": [ [ [ -122.40116, 37.782182 ], [ -122.402502, 37.783257 ], [ -122.400478, 37.784856 ], [ -122.399132, 37.783785 ], [ -122.399852, 37.783216 ], [ -122.399828, 37.783196 ], [ -122.400872, 37.782371 ], [ -122.400897, 37.782391 ], [ -122.40116, 37.782182 ] ] ] } },
{ "type": "Feature", "properties": { "land_id": "1111", "land_name": "CCSF -- Chinatown / North Beach Annex", "category": "Other", "department_name": "City College" }, "geometry": { "type": "Polygon", "coordinates": [ [ [ -122.404139, 37.795509 ], [ -122.404195, 37.795781 ], [ -122.404109, 37.795792 ], [ -122.404146, 37.795972 ], [ -122.40399, 37.795864 ], [ -122.40402, 37.795836 ], [ -122.403959, 37.795533 ], [ -122.404139, 37.795509 ] ] ] } },
{ "type": "Feature", "properties": { "land_id": "396", "land_name": "STATE RELINQUISHMENT", "category": "Public Works", "department_name": "Public Works" }, "geometry": { "type": "Polygon", "coordinates": [ [ [ -122.420961, 37.732185 ], [ -122.420996, 37.732251 ], [ -122.42091, 37.732256 ], [ -122.420962, 37.732402 ], [ -122.420835, 37.732429 ], [ -122.420788, 37.732294 ], [ -122.420266, 37.732323 ], [ -122.420097, 37.732323 ], [ -122.42009, 37.732303 ], [ -122.419833, 37.73231 ], [ -122.420502, 37.732252 ], [ -122.420961, 37.732185 ] ] ] } },
{ "type": "Feature", "properties": { "land_id": "503", "land_name": "I.M. SCOTT SCHOOL (ELEMENTARY) (CLOSED)", "category": "Unified School District", "department_name": "School District (SFUSD)" }, "geometry": { "type": "Polygon", "coordinates": [ [ [ -122.389431, 37.758353 ], [ -122.390117, 37.758312 ], [ -122.390155, 37.758722 ], [ -122.389469, 37.758764 ], [ -122.389431, 37.758353 ] ] ] } },
{ "type": "Feature", "properties": { "land_id": "570", "land_name": "STATE RELINQUISHMENT", "category": "Public Works", "department_name": "Public Works" }, "geometry": { "type": "Polygon", "coordinates": [ [ [ -122.42889, 37.731789 ], [ -122.428904, 37.731786 ], [ -122.428925, 37.731834 ], [ -122.428911, 37.731838 ], [ -122.42889, 37.731789 ] ] ] } },
{ "type": "Feature", "properties": { "land_id": "1179", "land_name": "CCSF - Evans", "category": "Other", "department_name": "City College" }, "geometry": { "type": "Polygon", "coordinates": [ [ [ -122.384834, 37.74243 ], [ -122.38409, 37.742324 ], [ -122.384042, 37.742299 ], [ -122.384022, 37.742256 ], [ -122.384105, 37.741902 ], [ -122.384214, 37.741674 ], [ -122.384289, 37.741568 ], [ -122.384649, 37.741167 ], [ -122.384692, 37.741138 ], [ -122.384743, 37.741127 ], [ -122.384821, 37.741144 ], [ -122.385528, 37.741544 ], [ -122.384832, 37.742311 ], [ -122.384834, 37.74243 ] ] ] } },
{ "type": "Feature", "properties": { "land_id": "50", "land_name": "JUSTIN HERMAN PLAZA", "category": "Recreation & Park", "department_name": "Recreation and Parks" }, "geometry": { "type": "Polygon", "coordinates": [ [ [ -122.393795, 37.793874 ], [ -122.39481, 37.794683 ], [ -122.395009, 37.794527 ], [ -122.395788, 37.795151 ], [ -122.395889, 37.795646 ], [ -122.395227, 37.79573 ], [ -122.395207, 37.795631 ], [ -122.39526, 37.795586 ], [ -122.393454, 37.794144 ], [ -122.393795, 37.793874 ] ] ] } },
{ "type": "Feature", "properties": { "land_id": "1106", "land_name": "Fire Division of Training - Treasure Island", "category": "Fire", "department_name": "Fire Department" }, "geometry": { "type": "Polygon", "coordinates": [ [ [ -122.3674, 37.826294 ], [ -122.367973, 37.827166 ], [ -122.366629, 37.827734 ], [ -122.366046, 37.826838 ], [ -122.3674, 37.826294 ] ] ] } },
{ "type": "Feature", "properties": { "land_id": "1003", "land_name": "SFHA -- 1750 McAllister", "category": "SFHA", "department_name": "San Francisco Housing Authority" }, "geometry": { "type": "Polygon", "coordinates": [ [ [ -122.440625, 37.777984 ], [ -122.440611, 37.777917 ], [ -122.440526, 37.777928 ], [ -122.440465, 37.777623 ], [ -122.441195, 37.77753 ], [ -122.441271, 37.777902 ], [ -122.440625, 37.777984 ] ] ] } },
{ "type": "Feature", "properties": { "land_id": "987", "land_name": "SFHA -- Ping Yuen North", "category": "SFHA", "department_name": "San Francisco Housing Authority" }, "geometry": { "type": "Polygon", "coordinates": [ [ [ -122.409047, 37.797459 ], [ -122.408893, 37.796715 ], [ -122.40967, 37.796615 ], [ -122.40974, 37.796956 ], [ -122.409701, 37.796962 ], [ -122.409809, 37.797363 ], [ -122.409047, 37.797459 ] ] ] } },
{ "type": "Feature", "properties": { "land_id": "1009", "land_name": "SFHA -- 25 Sanchez", "category": "SFHA", "department_name": "San Francisco Housing Authority" }, "geometry": { "type": "Polygon", "coordinates": [ [ [ -122.430744, 37.768948 ], [ -122.430718, 37.768676 ], [ -122.431149, 37.76865 ], [ -122.431203, 37.769215 ], [ -122.430857, 37.769237 ], [ -122.430829, 37.768943 ], [ -122.430744, 37.768948 ] ] ] } },
{ "type": "Feature", "properties": { "land_id": "1011", "land_name": "SFHA -- Mission Dolores", "category": "SFHA", "department_name": "San Francisco Housing Authority" }, "geometry": { "type": "Polygon", "coordinates": [ [ [ -122.425772, 37.765778 ], [ -122.425791, 37.765974 ], [ -122.425875, 37.765969 ], [ -122.425898, 37.766219 ], [ -122.425331, 37.766253 ], [ -122.425294, 37.765893 ], [ -122.4253, 37.765774 ], [ -122.425718, 37.765787 ], [ -122.425772, 37.765778 ] ] ] } },
{ "type": "Feature", "properties": { "land_id": "368", "land_name": "50 Raymond Community Center", "category": "Real Estate", "department_name": "GSA - Real Estate Division" }, "geometry": { "type": "Polygon", "coordinates": [ [ [ -122.403868, 37.712142 ], [ -122.404256, 37.712293 ], [ -122.404104, 37.71254 ], [ -122.403716, 37.712389 ], [ -122.403868, 37.712142 ] ] ] } },
{ "type": "Feature", "properties": { "land_id": "997", "land_name": "SFHA -- 1760 Bush", "category": "SFHA", "department_name": "San Francisco Housing Authority" }, "geometry": { "type": "Polygon", "coordinates": [ [ [ -122.426678, 37.787982 ], [ -122.426744, 37.788307 ], [ -122.426146, 37.788384 ], [ -122.42608, 37.788058 ], [ -122.426678, 37.787982 ] ] ] } },
{ "type": "Feature", "properties": { "land_id": "996", "land_name": "SFHA -- 1880 Pine", "category": "SFHA", "department_name": "San Francisco Housing Authority" }, "geometry": { "type": "Polygon", "coordinates": [ [ [ -122.426311, 37.788978 ], [ -122.426777, 37.788918 ], [ -122.426853, 37.789291 ], [ -122.426386, 37.78935 ], [ -122.426311, 37.788978 ] ] ] } },
{ "type": "Feature", "properties": { "land_id": "989", "land_name": "SFHA -- 666 Ellis St", "category": "SFHA", "department_name": "San Francisco Housing Authority" }, "geometry": { "type": "Polygon", "coordinates": [ [ [ -122.417376, 37.784379 ], [ -122.417455, 37.784752 ], [ -122.417103, 37.784797 ], [ -122.417023, 37.784424 ], [ -122.417376, 37.784379 ] ] ] } },
{ "type": "Feature", "properties": { "land_id": "1001", "land_name": "SFHA -- 462 Duboce", "category": "SFHA", "department_name": "San Francisco Housing Authority" }, "geometry": { "type": "Polygon", "coordinates": [ [ [ -122.430676, 37.769753 ], [ -122.430762, 37.769742 ], [ -122.430707, 37.769467 ], [ -122.430811, 37.769461 ], [ -122.430927, 37.770039 ], [ -122.430739, 37.770063 ], [ -122.430676, 37.769753 ] ] ] } },
{ "type": "Feature", "properties": { "land_id": "1226", "land_name": "49 South Van Ness Ave Site", "category": "Real Estate", "department_name": "GSA - Real Estate Division" }, "geometry": { "type": "Polygon", "coordinates": [ [ [ -122.418768, 37.774248 ], [ -122.417987, 37.774867 ], [ -122.417316, 37.774332 ], [ -122.418475, 37.773423 ], [ -122.418518, 37.773448 ], [ -122.418768, 37.774248 ] ] ] } },
{ "type": "Feature", "properties": { "land_id": "283", "land_name": "SLOPE PROTECTION AT EL CAMINO DEL MAR", "category": "Public Works", "department_name": "Public Works" }, "geometry": { "type": "Polygon", "coordinates": [ [ [ -122.509605, 37.780445 ], [ -122.509636, 37.780517 ], [ -122.509612, 37.780542 ], [ -122.509605, 37.780445 ] ] ] } },
{ "type": "Feature", "properties": { "land_id": "26", "land_name": "ST MARY'S PLAYGROUND", "category": "Recreation & Park", "department_name": "Recreation and Parks" }, "geometry": { "type": "Polygon", "coordinates": [ [ [ -122.420996, 37.732251 ], [ -122.421448, 37.733103 ], [ -122.4217, 37.733317 ], [ -122.421778, 37.733426 ], [ -122.422102, 37.734133 ], [ -122.422256, 37.734353 ], [ -122.42174, 37.734716 ], [ -122.421769, 37.73475 ], [ -122.421745, 37.735057 ], [ -122.42008, 37.734973 ], [ -122.420167, 37.73405 ], [ -122.419194, 37.734001 ], [ -122.419254, 37.733283 ], [ -122.419309, 37.732998 ], [ -122.419396, 37.7328 ], [ -122.419529, 37.732619 ], [ -122.419564, 37.732314 ], [ -122.42009, 37.732303 ], [ -122.420097, 37.732323 ], [ -122.420266, 37.732323 ], [ -122.420788, 37.732294 ], [ -122.420835, 37.732429 ], [ -122.420962, 37.732402 ], [ -122.42091, 37.732256 ], [ -122.420996, 37.732251 ] ] ] } },
{ "type": "Feature", "properties": { "land_id": "36", "land_name": "YOUNGBLOOD-COLEMAN PLAYGROUND", "category": "Recreation & Park", "department_name": "Recreation and Parks" }, "geometry": { "type": "Polygon", "coordinates": [ [ [ -122.384032, 37.737645 ], [ -122.384184, 37.737793 ], [ -122.384379, 37.73794 ], [ -122.384157, 37.738184 ], [ -122.386027, 37.739245 ], [ -122.385465, 37.739869 ], [ -122.383252, 37.738612 ], [ -122.383202, 37.73817 ], [ -122.383622, 37.738147 ], [ -122.383582, 37.737663 ], [ -122.383682, 37.737668 ], [ -122.383988, 37.737628 ], [ -122.384032, 37.737645 ] ] ] } },
{ "type": "Feature", "properties": { "land_id": "290", "land_name": "MARKET ST (REMAINDER)", "category": "Public Works", "department_name": "Public Works" }, "geometry": { "type": "Polygon", "coordinates": [ [ [ -122.440177, 37.761219 ], [ -122.440176, 37.761206 ], [ -122.440298, 37.761197 ], [ -122.440177, 37.761219 ] ] ] } },
{ "type": "Feature", "properties": { "land_id": "568", "land_name": "JOHN MCLAREN PARK PARCEL (ALBERTA ST)", "category": "Recreation & Park", "department_name": "Recreation and Parks" }, "geometry": { "type": "Polygon", "coordinates": [ [ [ -122.409387, 37.716505 ], [ -122.409714, 37.716594 ], [ -122.409686, 37.716659 ], [ -122.409359, 37.71657 ], [ -122.409387, 37.716505 ] ] ] } },
{ "type": "Feature", "properties": { "land_id": "571", "land_name": "STATE RELINQUISHMENT", "category": "Public Works", "department_name": "Public Works" }, "geometry": { "type": "Polygon", "coordinates": [ [ [ -122.434365, 37.732391 ], [ -122.434329, 37.732519 ], [ -122.433064, 37.733064 ], [ -122.433132, 37.733163 ], [ -122.433046, 37.733199 ], [ -122.432694, 37.73311 ], [ -122.434365, 37.732391 ] ] ] } },
{ "type": "Feature", "properties": { "land_id": "1", "land_name": "OPEN SPACE (460 BEACON ST)", "category": "Recreation & Park", "department_name": "Recreation and Parks" }, "geometry": { "type": "Polygon", "coordinates": [ [ [ -122.432503, 37.741317 ], [ -122.432209, 37.740988 ], [ -122.432609, 37.740775 ], [ -122.432818, 37.740878 ], [ -122.433919, 37.741217 ], [ -122.434115, 37.74132 ], [ -122.43427, 37.74146 ], [ -122.434653, 37.742086 ], [ -122.434328, 37.742105 ], [ -122.434298, 37.741792 ], [ -122.43417, 37.74157 ], [ -122.434107, 37.741571 ], [ -122.434067, 37.741528 ], [ -122.434008, 37.741505 ], [ -122.433918, 37.741512 ], [ -122.43382, 37.741591 ], [ -122.433549, 37.741669 ], [ -122.43253, 37.741723 ], [ -122.432424, 37.741697 ], [ -122.432352, 37.741661 ], [ -122.432092, 37.741481 ], [ -122.432274, 37.741384 ], [ -122.432503, 37.741317 ] ] ] } },
{ "type": "Feature", "properties": { "land_id": "18", "land_name": "UPPER NOE REC CENTER", "category": "Recreation & Park", "department_name": "Recreation and Parks" }, "geometry": { "type": "Polygon", "coordinates": [ [ [ -122.42706, 37.742463 ], [ -122.427031, 37.742155 ], [ -122.428595, 37.74206 ], [ -122.428655, 37.742685 ], [ -122.426918, 37.74279 ], [ -122.426888, 37.742473 ], [ -122.42706, 37.742463 ] ] ] } },
{ "type": "Feature", "properties": { "land_id": "19", "land_name": "OPEN SPACE (JURI COMMONS)", "category": "Recreation & Park", "department_name": "Recreation and Parks" }, "geometry": { "type": "Polygon", "coordinates": [ [ [ -122.422419, 37.749252 ], [ -122.421984, 37.749586 ], [ -122.421979, 37.749528 ], [ -122.421882, 37.749602 ], [ -122.421887, 37.74966 ], [ -122.421577, 37.749898 ], [ -122.421501, 37.749903 ], [ -122.421493, 37.749816 ], [ -122.422456, 37.749077 ], [ -122.422472, 37.749244 ], [ -122.422419, 37.749252 ] ] ] } },
{ "type": "Feature", "properties": { "land_id": "22", "land_name": "VISITACION VALLEY PLAYGROUND", "category": "Recreation & Park", "department_name": "Recreation and Parks" }, "geometry": { "type": "Polygon", "coordinates": [ [ [ -122.409695, 37.712038 ], [ -122.409275, 37.712984 ], [ -122.408476, 37.712767 ], [ -122.408897, 37.711817 ], [ -122.409695, 37.712038 ] ] ] } },
{ "type": "Feature", "properties": { "land_id": "10", "land_name": "RANDOLPH & BRIGHT MINI PARK", "category": "Recreation & Park", "department_name": "Recreation and Parks" }, "geometry": { "type": "Polygon", "coordinates": [ [ [ -122.463782, 37.714614 ], [ -122.463607, 37.714616 ], [ -122.463605, 37.71441 ], [ -122.46378, 37.714408 ], [ -122.463782, 37.714614 ] ] ] } },
{ "type": "Feature", "properties": { "land_id": "11", "land_name": "MERCED HEIGHTS PLAYGROUND", "category": "Recreation & Park", "department_name": "Recreation and Parks" }, "geometry": { "type": "Polygon", "coordinates": [ [ [ -122.469934, 37.717203 ], [ -122.470622, 37.717198 ], [ -122.470629, 37.717816 ], [ -122.469941, 37.71782 ], [ -122.469934, 37.717203 ] ] ] } },
{ "type": "Feature", "properties": { "land_id": "14", "land_name": "MINNIE & LOVE WARD REC CENTER (OCEAN VIEW)", "category": "Recreation & Park", "department_name": "Recreation and Parks" }, "geometry": { "type": "Polygon", "coordinates": [ [ [ -122.456177, 37.71501 ], [ -122.458943, 37.714991 ], [ -122.458962, 37.716532 ], [ -122.456198, 37.716549 ], [ -122.456177, 37.71501 ] ] ] } },
{ "type": "Feature", "properties": { "land_id": "24", "land_name": "PALEGA RECREATION CENTER", "category": "Recreation & Park", "department_name": "Recreation and Parks" }, "geometry": { "type": "Polygon", "coordinates": [ [ [ -122.408677, 37.729051 ], [ -122.410451, 37.728588 ], [ -122.410883, 37.729633 ], [ -122.409109, 37.730097 ], [ -122.408677, 37.729051 ] ] ] } },
{ "type": "Feature", "properties": { "land_id": "117", "land_name": "HAMILTON PLAYGROUND", "category": "Recreation & Park", "department_name": "Recreation and Parks" }, "geometry": { "type": "Polygon", "coordinates": [ [ [ -122.437768, 37.783917 ], [ -122.437876, 37.784454 ], [ -122.434826, 37.784836 ], [ -122.434769, 37.784555 ], [ -122.434821, 37.784548 ], [ -122.434777, 37.784332 ], [ -122.435534, 37.784202 ], [ -122.437768, 37.783917 ] ] ] } },
{ "type": "Feature", "properties": { "land_id": "38", "land_name": "HILLTOP PARK", "category": "Recreation & Park", "department_name": "Recreation and Parks" }, "geometry": { "type": "Polygon", "coordinates": [ [ [ -122.382126, 37.73334 ], [ -122.382501, 37.733052 ], [ -122.383195, 37.732279 ], [ -122.383847, 37.732541 ], [ -122.384259, 37.73273 ], [ -122.384759, 37.732994 ], [ -122.384798, 37.733046 ], [ -122.384774, 37.73311 ], [ -122.384584, 37.733277 ], [ -122.384502, 37.733308 ], [ -122.384437, 37.733304 ], [ -122.384154, 37.733213 ], [ -122.383874, 37.733149 ], [ -122.383626, 37.733137 ], [ -122.3834, 37.733153 ], [ -122.38273, 37.733304 ], [ -122.382575, 37.733358 ], [ -122.382344, 37.733471 ], [ -122.38224, 37.733451 ], [ -122.382126, 37.73334 ] ] ] } },
{ "type": "Feature", "properties": { "land_id": "734", "land_name": "MISSION BAY PARCEL", "category": "Port", "department_name": "Port" }, "geometry": { "type": "Polygon", "coordinates": [ [ [ -122.395697, 37.773785 ], [ -122.395577, 37.77388 ], [ -122.394991, 37.773412 ], [ -122.397015, 37.771814 ], [ -122.397158, 37.771928 ], [ -122.395254, 37.773432 ], [ -122.395697, 37.773785 ] ] ] } },
{ "type": "Feature", "properties": { "land_id": "753", "land_name": "VACATED STREET", "category": "Public Works", "department_name": "Public Works" }, "geometry": { "type": "Polygon", "coordinates": [ [ [ -122.382113, 37.725073 ], [ -122.382676, 37.724447 ], [ -122.384364, 37.725405 ], [ -122.384203, 37.725584 ], [ -122.383847, 37.725382 ], [ -122.383645, 37.725433 ], [ -122.383339, 37.725598 ], [ -122.383219, 37.7257 ], [ -122.382113, 37.725073 ] ] ] } },
{ "type": "Feature", "properties": { "land_id": "738", "land_name": "CHINA BASIN WALKWAY (ADJACENT TO BALL PARK)", "category": "Port", "department_name": "Port" }, "geometry": { "type": "Polygon", "coordinates": [ [ [ -122.387593, 37.778437 ], [ -122.387415, 37.778295 ], [ -122.390422, 37.777152 ], [ -122.390452, 37.777175 ], [ -122.390451, 37.777206 ], [ -122.387676, 37.778268 ], [ -122.387728, 37.778361 ], [ -122.387607, 37.778365 ], [ -122.387588, 37.778382 ], [ -122.387593, 37.778437 ] ] ] } },
{ "type": "Feature", "properties": { "land_id": "622", "land_name": "ALICE CHALMERS PLAYGROUND", "category": "Recreation & Park", "department_name": "Recreation and Parks" }, "geometry": { "type": "Polygon", "coordinates": [ [ [ -122.446245, 37.71028 ], [ -122.445957, 37.709748 ], [ -122.447054, 37.709373 ], [ -122.447344, 37.709909 ], [ -122.446245, 37.71028 ] ] ] } },
{ "type": "Feature", "properties": { "land_id": "69", "land_name": "VIEW PROTECTION (REC/PARK)", "category": "Recreation & Park", "department_name": "Recreation and Parks" }, "geometry": { "type": "MultiPolygon", "coordinates": [ [ [ [ -122.446848, 37.753259 ], [ -122.447333, 37.752823 ], [ -122.447424, 37.752703 ], [ -122.447494, 37.75267 ], [ -122.447572, 37.752669 ], [ -122.447626, 37.752688 ], [ -122.447669, 37.752724 ], [ -122.447871, 37.753095 ], [ -122.448062, 37.753306 ], [ -122.448097, 37.753399 ], [ -122.44809, 37.753496 ], [ -122.448035, 37.753593 ], [ -122.447938, 37.753667 ], [ -122.447849, 37.7537 ], [ -122.447669, 37.753725 ], [ -122.447575, 37.753752 ], [ -122.447469, 37.753811 ], [ -122.447324, 37.753939 ], [ -122.447263, 37.753959 ], [ -122.447197, 37.753958 ], [ -122.447129, 37.753929 ], [ -122.447018, 37.75383 ], [ -122.446805, 37.753573 ], [ -122.446778, 37.753494 ], [ -122.446777, 37.753412 ], [ -122.4468, 37.753332 ], [ -122.446848, 37.753259 ] ] ], [ [ [ -122.447176, 37.751487 ], [ -122.447629, 37.75098 ], [ -122.447793, 37.750871 ], [ -122.447956, 37.750847 ], [ -122.448475, 37.750908 ], [ -122.448535, 37.750933 ], [ -122.448576, 37.750976 ], [ -122.448591, 37.751032 ], [ -122.448453, 37.751384 ], [ -122.448405, 37.751712 ], [ -122.448349, 37.751837 ], [ -122.448224, 37.751954 ], [ -122.447626, 37.752301 ], [ -122.447544, 37.752308 ], [ -122.447473, 37.752276 ], [ -122.44713, 37.751876 ], [ -122.447092, 37.751776 ], [ -122.447088, 37.75168 ], [ -122.447116, 37.751578 ], [ -122.447176, 37.751487 ] ] ], [ [ [ -122.450014, 37.750302 ], [ -122.449517, 37.751213 ], [ -122.449399, 37.751148 ], [ -122.449278, 37.751318 ], [ -122.449233, 37.751431 ], [ -122.44912, 37.751991 ], [ -122.448451, 37.752292 ], [ -122.448197, 37.752535 ], [ -122.4482, 37.752802 ], [ -122.448596, 37.753265 ], [ -122.448936, 37.753815 ], [ -122.448935, 37.754017 ], [ -122.448629, 37.754121 ], [ -122.448236, 37.754122 ], [ -122.4475, 37.754032 ], [ -122.447501, 37.75393 ], [ -122.447543, 37.753877 ], [ -122.447656, 37.753821 ], [ -122.447883, 37.753783 ], [ -122.448025, 37.753721 ], [ -122.448145, 37.753608 ], [ -122.4482, 37.753467 ], [ -122.448196, 37.753371 ], [ -122.448161, 37.753278 ], [ -122.447942, 37.753014 ], [ -122.4477, 37.752576 ], [ -122.447682, 37.752498 ], [ -122.4477, 37.752415 ], [ -122.447779, 37.752324 ], [ -122.448283, 37.752029 ], [ -122.448403, 37.751927 ], [ -122.448493, 37.751778 ], [ -122.448579, 37.75135 ], [ -122.448648, 37.751173 ], [ -122.44874, 37.750999 ], [ -122.448883, 37.750859 ], [ -122.449288, 37.750623 ], [ -122.449411, 37.750506 ], [ -122.4495, 37.750391 ], [ -122.449553, 37.750298 ], [ -122.449746, 37.749821 ], [ -122.449759, 37.749589 ], [ -122.449713, 37.749341 ], [ -122.44967, 37.749256 ], [ -122.449611, 37.749187 ], [ -122.449423, 37.74907 ], [ -122.44935, 37.749056 ], [ -122.44927, 37.74906 ], [ -122.44908, 37.749134 ], [ -122.448975, 37.7492 ], [ -122.448887, 37.74928 ], [ -122.448207, 37.750151 ], [ -122.4481, 37.750213 ], [ -122.447963, 37.750226 ], [ -122.447876, 37.750204 ], [ -122.447477, 37.750022 ], [ -122.447333, 37.749989 ], [ -122.447059, 37.749958 ], [ -122.446848, 37.749876 ], [ -122.445815, 37.749248 ], [ -122.445745, 37.749173 ], [ -122.445703, 37.749087 ], [ -122.445691, 37.748982 ], [ -122.445715, 37.748919 ], [ -122.445823, 37.748842 ], [ -122.445953, 37.748793 ], [ -122.446089, 37.748779 ], [ -122.446216, 37.748797 ], [ -122.446477, 37.748912 ], [ -122.447151, 37.749393 ], [ -122.44745, 37.749537 ], [ -122.447589, 37.749566 ], [ -122.44774, 37.749556 ], [ -122.447871, 37.749509 ], [ -122.44798, 37.749426 ], [ -122.447661, 37.749943 ], [ -122.447993, 37.750083 ], [ -122.448064, 37.750059 ], [ -122.448193, 37.749924 ], [ -122.448687, 37.74926 ], [ -122.448834, 37.74912 ], [ -122.448977, 37.749012 ], [ -122.449122, 37.748942 ], [ -122.449282, 37.748912 ], [ -122.449454, 37.748925 ], [ -122.449604, 37.748978 ], [ -122.449719, 37.749057 ], [ -122.449807, 37.749144 ], [ -122.449874, 37.749241 ], [ -122.44992, 37.749347 ], [ -122.449978, 37.749639 ], [ -122.450014, 37.750302 ] ] ], [ [ [ -122.447028, 37.753983 ], [ -122.445645, 37.753814 ], [ -122.445741, 37.753685 ], [ -122.445872, 37.753359 ], [ -122.44602, 37.753124 ], [ -122.446191, 37.752942 ], [ -122.446571, 37.752666 ], [ -122.446641, 37.752581 ], [ -122.44668, 37.752491 ], [ -122.446693, 37.752376 ], [ -122.446668, 37.752268 ], [ -122.446336, 37.75168 ], [ -122.446314, 37.751549 ], [ -122.446333, 37.751416 ], [ -122.446723, 37.75149 ], [ -122.446888, 37.751197 ], [ -122.447171, 37.750892 ], [ -122.447228, 37.750565 ], [ -122.447356, 37.75022 ], [ -122.446985, 37.750137 ], [ -122.446768, 37.750056 ], [ -122.44561, 37.749399 ], [ -122.44549, 37.749294 ], [ -122.445415, 37.749187 ], [ -122.44539, 37.74901 ], [ -122.445425, 37.748841 ], [ -122.445479, 37.748757 ], [ -122.445554, 37.748684 ], [ -122.445646, 37.748625 ], [ -122.445761, 37.74858 ], [ -122.446056, 37.748544 ], [ -122.446351, 37.748575 ], [ -122.446492, 37.748625 ], [ -122.446759, 37.748765 ], [ -122.447389, 37.749219 ], [ -122.447594, 37.749318 ], [ -122.447981, 37.748634 ], [ -122.448069, 37.748641 ], [ -122.448525, 37.746652 ], [ -122.448607, 37.746654 ], [ -122.448686, 37.746631 ], [ -122.448755, 37.746578 ], [ -122.44879, 37.746505 ], [ -122.448962, 37.746399 ], [ -122.449196, 37.746286 ], [ -122.449482, 37.746186 ], [ -122.449859, 37.746106 ], [ -122.450646, 37.74601 ], [ -122.450692, 37.746014 ], [ -122.450738, 37.746059 ], [ -122.45071, 37.746111 ], [ -122.450431, 37.74614 ], [ -122.450194, 37.746183 ], [ -122.450019, 37.746242 ], [ -122.449416, 37.746551 ], [ -122.449273, 37.74665 ], [ -122.449166, 37.746754 ], [ -122.449037, 37.746952 ], [ -122.448675, 37.747832 ], [ -122.44835, 37.748341 ], [ -122.447732, 37.749403 ], [ -122.447685, 37.749442 ], [ -122.447617, 37.749465 ], [ -122.447537, 37.749465 ], [ -122.447312, 37.749384 ], [ -122.447185, 37.749307 ], [ -122.446596, 37.748875 ], [ -122.446422, 37.748781 ], [ -122.446241, 37.748714 ], [ -122.446069, 37.748694 ], [ -122.445886, 37.748721 ], [ -122.445683, 37.748807 ], [ -122.445597, 37.7489 ], [ -122.445576, 37.748998 ], [ -122.445588, 37.749102 ], [ -122.445632, 37.749202 ], [ -122.445699, 37.749283 ], [ -122.44578, 37.749347 ], [ -122.446559, 37.749822 ], [ -122.446776, 37.749937 ], [ -122.447009, 37.750029 ], [ -122.447961, 37.750308 ], [ -122.448138, 37.750293 ], [ -122.448283, 37.750211 ], [ -122.448973, 37.749315 ], [ -122.449122, 37.749203 ], [ -122.449272, 37.749141 ], [ -122.449345, 37.749138 ], [ -122.449411, 37.749153 ], [ -122.44954, 37.749249 ], [ -122.449611, 37.749385 ], [ -122.449636, 37.749598 ], [ -122.449612, 37.749821 ], [ -122.449373, 37.750369 ], [ -122.449301, 37.750474 ], [ -122.449214, 37.750559 ], [ -122.448835, 37.750783 ], [ -122.448684, 37.750822 ], [ -122.448492, 37.750829 ], [ -122.447965, 37.750757 ], [ -122.447843, 37.750767 ], [ -122.447732, 37.7508 ], [ -122.447616, 37.750866 ], [ -122.447529, 37.750939 ], [ -122.447028, 37.751505 ], [ -122.446969, 37.751672 ], [ -122.44699, 37.751844 ], [ -122.447057, 37.751965 ], [ -122.447321, 37.752274 ], [ -122.447367, 37.752387 ], [ -122.447375, 37.752498 ], [ -122.447346, 37.752615 ], [ -122.447275, 37.752728 ], [ -122.44672, 37.753221 ], [ -122.44668, 37.753305 ], [ -122.446657, 37.753467 ], [ -122.446703, 37.753626 ], [ -122.446758, 37.753709 ], [ -122.447028, 37.753983 ] ] ] ] } },
{ "type": "Feature", "properties": { "land_id": "40", "land_name": "INDIA BASIN OPEN SPACE", "category": "Recreation & Park", "department_name": "Recreation and Parks" }, "geometry": { "type": "MultiPolygon", "coordinates": [ [ [ [ -122.37482, 37.735819 ], [ -122.375085, 37.73553 ], [ -122.375196, 37.735594 ], [ -122.374932, 37.735882 ], [ -122.37482, 37.735819 ] ] ], [ [ [ -122.373694, 37.73518 ], [ -122.373958, 37.734891 ], [ -122.374071, 37.734955 ], [ -122.373806, 37.735243 ], [ -122.373694, 37.73518 ] ] ], [ [ [ -122.373672, 37.734458 ], [ -122.374075, 37.734012 ], [ -122.374779, 37.734411 ], [ -122.374376, 37.734858 ], [ -122.373672, 37.734458 ] ] ], [ [ [ -122.376317, 37.73407 ], [ -122.375574, 37.733648 ], [ -122.375977, 37.733201 ], [ -122.376702, 37.733613 ], [ -122.376684, 37.733655 ], [ -122.376732, 37.733928 ], [ -122.37641, 37.733833 ], [ -122.376452, 37.733921 ], [ -122.376317, 37.73407 ] ] ], [ [ [ -122.374516, 37.734938 ], [ -122.374919, 37.734491 ], [ -122.375763, 37.73497 ], [ -122.37536, 37.735417 ], [ -122.374516, 37.734938 ] ] ], [ [ [ -122.374518, 37.733993 ], [ -122.374719, 37.73377 ], [ -122.37486, 37.73385 ], [ -122.375061, 37.733627 ], [ -122.376194, 37.73427 ], [ -122.376244, 37.734351 ], [ -122.376041, 37.734493 ], [ -122.376004, 37.734704 ], [ -122.375924, 37.734792 ], [ -122.374518, 37.733993 ] ] ] ] } },
{ "type": "Feature", "properties": { "land_id": "275", "land_name": "STAIRWAY & OPEN SPACE", "category": "Public Works", "department_name": "Public Works" }, "geometry": { "type": "Polygon", "coordinates": [ [ [ -122.442481, 37.752994 ], [ -122.442248, 37.752954 ], [ -122.442376, 37.752821 ], [ -122.44255, 37.752708 ], [ -122.442481, 37.752994 ] ] ] } },
{ "type": "Feature", "properties": { "land_id": "41", "land_name": "SHORELINE PARK", "category": "Recreation & Park", "department_name": "Recreation and Parks" }, "geometry": { "type": "MultiPolygon", "coordinates": [ [ [ [ -122.371336, 37.733615 ], [ -122.370667, 37.733101 ], [ -122.370317, 37.732859 ], [ -122.369776, 37.732516 ], [ -122.371463, 37.733474 ], [ -122.371336, 37.733615 ] ] ], [ [ [ -122.374158, 37.732168 ], [ -122.374439, 37.732328 ], [ -122.374236, 37.732553 ], [ -122.373913, 37.732704 ], [ -122.373603, 37.732529 ], [ -122.374057, 37.73228 ], [ -122.374158, 37.732168 ] ] ], [ [ [ -122.373538, 37.732932 ], [ -122.373407, 37.733106 ], [ -122.373237, 37.733266 ], [ -122.372944, 37.7331 ], [ -122.373245, 37.732723 ], [ -122.373357, 37.732659 ], [ -122.373675, 37.73284 ], [ -122.373538, 37.732932 ] ] ], [ [ [ -122.37249, 37.734057 ], [ -122.372396, 37.734125 ], [ -122.37228, 37.734165 ], [ -122.372153, 37.734176 ], [ -122.372029, 37.734155 ], [ -122.371941, 37.734117 ], [ -122.371806, 37.734024 ], [ -122.371483, 37.733754 ], [ -122.371643, 37.733576 ], [ -122.37249, 37.734057 ] ] ], [ [ [ -122.369995, 37.732273 ], [ -122.370608, 37.732427 ], [ -122.370706, 37.73248 ], [ -122.370792, 37.732586 ], [ -122.371696, 37.733105 ], [ -122.371721, 37.733189 ], [ -122.371625, 37.733296 ], [ -122.369937, 37.732337 ], [ -122.369995, 37.732273 ] ] ], [ [ [ -122.372035, 37.733279 ], [ -122.372304, 37.733433 ], [ -122.372632, 37.733193 ], [ -122.373054, 37.733432 ], [ -122.372848, 37.733614 ], [ -122.37263, 37.733866 ], [ -122.371805, 37.733398 ], [ -122.3719, 37.733292 ], [ -122.372035, 37.733279 ] ] ] ] } },
{ "type": "Feature", "properties": { "land_id": "291", "land_name": "OLD BURNETT AVE (VACATED)", "category": "Public Works", "department_name": "Public Works" }, "geometry": { "type": "Polygon", "coordinates": [ [ [ -122.445386, 37.756682 ], [ -122.445697, 37.756627 ], [ -122.445552, 37.756745 ], [ -122.445411, 37.756811 ], [ -122.44516, 37.756991 ], [ -122.44511, 37.756985 ], [ -122.445209, 37.756792 ], [ -122.445386, 37.756682 ] ] ] } },
{ "type": "Feature", "properties": { "land_id": "479", "land_name": "EMBARCADERO ROADWAY PROJECT", "category": "Public Works", "department_name": "Public Works" }, "geometry": { "type": "MultiPolygon", "coordinates": [ [ [ [ -122.390202, 37.791014 ], [ -122.389865, 37.791281 ], [ -122.38976, 37.791197 ], [ -122.390097, 37.790931 ], [ -122.390202, 37.791014 ] ] ], [ [ [ -122.389976, 37.79137 ], [ -122.390314, 37.791104 ], [ -122.390537, 37.791282 ], [ -122.3902, 37.791549 ], [ -122.389976, 37.79137 ] ] ], [ [ [ -122.390312, 37.791638 ], [ -122.390649, 37.791371 ], [ -122.391097, 37.791728 ], [ -122.391039, 37.791774 ], [ -122.391068, 37.792022 ], [ -122.391125, 37.792241 ], [ -122.391097, 37.792264 ], [ -122.390312, 37.791638 ] ] ] ] } },
{ "type": "Feature", "properties": { "land_id": "740", "land_name": "UNION SQUARE GARAGE (SUB-SURFACE)", "category": "Recreation & Park", "department_name": "Recreation and Parks" }, "geometry": { "type": "Polygon", "coordinates": [ [ [ -122.408127, 37.787469 ], [ -122.408281, 37.788215 ], [ -122.406872, 37.788393 ], [ -122.406722, 37.787647 ], [ -122.408127, 37.787469 ] ] ] } },
{ "type": "Feature", "properties": { "land_id": "43", "land_name": "JAMES ROLPH JR PLAYGROUND", "category": "Recreation & Park", "department_name": "Recreation and Parks" }, "geometry": { "type": "Polygon", "coordinates": [ [ [ -122.406228, 37.750643 ], [ -122.405508, 37.749247 ], [ -122.405526, 37.749219 ], [ -122.40563, 37.749184 ], [ -122.406423, 37.749047 ], [ -122.406904, 37.749941 ], [ -122.406911, 37.75001 ], [ -122.406603, 37.750196 ], [ -122.406618, 37.750359 ], [ -122.406414, 37.750372 ], [ -122.406256, 37.750633 ], [ -122.406228, 37.750643 ] ] ] } },
{ "type": "Feature", "properties": { "land_id": "281", "land_name": "UNDEDICATED ST", "category": "Public Works", "department_name": "Public Works" }, "geometry": { "type": "Polygon", "coordinates": [ [ [ -122.457102, 37.764793 ], [ -122.457535, 37.764668 ], [ -122.45754, 37.764737 ], [ -122.457102, 37.764793 ] ] ] } },
{ "type": "Feature", "properties": { "land_id": "45", "land_name": "POTRERO HILL RECREATION CENTER", "category": "Recreation & Park", "department_name": "Recreation and Parks" }, "geometry": { "type": "Polygon", "coordinates": [ [ [ -122.395942, 37.755002 ], [ -122.397597, 37.754902 ], [ -122.397822, 37.757277 ], [ -122.396166, 37.757377 ], [ -122.395942, 37.755002 ] ] ] } },
{ "type": "Feature", "properties": { "land_id": "54", "land_name": "MISSION PLAYGROUND", "category": "Recreation & Park", "department_name": "Recreation and Parks" }, "geometry": { "type": "Polygon", "coordinates": [ [ [ -122.421798, 37.758872 ], [ -122.422703, 37.758818 ], [ -122.42281, 37.759929 ], [ -122.422456, 37.759951 ], [ -122.422319, 37.759647 ], [ -122.422147, 37.759657 ], [ -122.422099, 37.759257 ], [ -122.422046, 37.759234 ], [ -122.421833, 37.759246 ], [ -122.421798, 37.758872 ] ] ] } },
{ "type": "Feature", "properties": { "land_id": "70", "land_name": "MOUNT OLYMPUS (UPPER TERRACE)", "category": "Recreation & Park", "department_name": "Recreation and Parks" }, "geometry": { "type": "Polygon", "coordinates": [ [ [ -122.445471, 37.763119 ], [ -122.445774, 37.763252 ], [ -122.445609, 37.763493 ], [ -122.445306, 37.763361 ], [ -122.445471, 37.763119 ] ] ] } },
{ "type": "Feature", "properties": { "land_id": "56", "land_name": "GOLDEN GATE PARK", "category": "Recreation & Park", "department_name": "Recreation and Parks" }, "geometry": { "type": "MultiPolygon", "coordinates": [ [ [ [ -122.440923, 37.772774 ], [ -122.445616, 37.772178 ], [ -122.445768, 37.772929 ], [ -122.441075, 37.773525 ], [ -122.440923, 37.772774 ] ] ], [ [ [ -122.454737, 37.774614 ], [ -122.454179, 37.771861 ], [ -122.446003, 37.772899 ], [ -122.445851, 37.772148 ], [ -122.454027, 37.77111 ], [ -122.453651, 37.769256 ], [ -122.453625, 37.769243 ], [ -122.453592, 37.76908 ], [ -122.453609, 37.76905 ], [ -122.453235, 37.767199 ], [ -122.453595, 37.767156 ], [ -122.453511, 37.766749 ], [ -122.453148, 37.766772 ], [ -122.453111, 37.766591 ], [ -122.454012, 37.766558 ], [ -122.453969, 37.766342 ], [ -122.454495, 37.766275 ], [ -122.454548, 37.766539 ], [ -122.454788, 37.766532 ], [ -122.45473, 37.766245 ], [ -122.456891, 37.765976 ], [ -122.457274, 37.765996 ], [ -122.457641, 37.766082 ], [ -122.457675, 37.766444 ], [ -122.457881, 37.766438 ], [ -122.458593, 37.766368 ], [ -122.460486, 37.76628 ], [ -122.500741, 37.764499 ], [ -122.51017, 37.764088 ], [ -122.510212, 37.764098 ], [ -122.510237, 37.764128 ], [ -122.510251, 37.764625 ], [ -122.510168, 37.765681 ], [ -122.510181, 37.766472 ], [ -122.510236, 37.767193 ], [ -122.510295, 37.767711 ], [ -122.510331, 37.76774 ], [ -122.510425, 37.768192 ], [ -122.510415, 37.768352 ], [ -122.510471, 37.7686 ], [ -122.510524, 37.768643 ], [ -122.510633, 37.769171 ], [ -122.510784, 37.770295 ], [ -122.510761, 37.770348 ], [ -122.510701, 37.770361 ], [ -122.510693, 37.770499 ], [ -122.510767, 37.770514 ], [ -122.510804, 37.770561 ], [ -122.510833, 37.770813 ], [ -122.510803, 37.770927 ], [ -122.510845, 37.771221 ], [ -122.510818, 37.771248 ], [ -122.465242, 37.773327 ], [ -122.464913, 37.773356 ], [ -122.454795, 37.774649 ], [ -122.454758, 37.774641 ], [ -122.454737, 37.774614 ] ], [ [ -122.455336, 37.76755 ], [ -122.455009, 37.767492 ], [ -122.454866, 37.767557 ], [ -122.454871, 37.768081 ], [ -122.45516, 37.768052 ], [ -122.455659, 37.767942 ], [ -122.455636, 37.767887 ], [ -122.455336, 37.76755 ] ], [ [ -122.468606, 37.772204 ], [ -122.4691, 37.771899 ], [ -122.469252, 37.772008 ], [ -122.469792, 37.771625 ], [ -122.468843, 37.770824 ], [ -122.467902, 37.771535 ], [ -122.468606, 37.772204 ] ] ] ] } },
{ "type": "Feature", "properties": { "land_id": "282", "land_name": "Malcolm X Elementary School", "category": "Unified School District", "department_name": "School District (SFUSD)" }, "geometry": { "type": "Polygon", "coordinates": [ [ [ -122.379857, 37.733842 ], [ -122.3799, 37.733866 ], [ -122.379631, 37.734154 ], [ -122.379905, 37.734313 ], [ -122.380095, 37.734294 ], [ -122.380196, 37.734352 ], [ -122.380451, 37.73432 ], [ -122.380679, 37.734066 ], [ -122.380649, 37.73388 ], [ -122.380538, 37.733818 ], [ -122.380475, 37.733708 ], [ -122.380196, 37.73355 ], [ -122.380217, 37.733528 ], [ -122.381328, 37.734151 ], [ -122.381421, 37.734256 ], [ -122.381475, 37.734374 ], [ -122.38163, 37.73526 ], [ -122.381422, 37.735366 ], [ -122.381363, 37.735317 ], [ -122.379538, 37.73429 ], [ -122.379545, 37.734192 ], [ -122.379857, 37.733842 ] ] ] } },
{ "type": "Feature", "properties": { "land_id": "757", "land_name": "OPEN SPACE (QUESADA)", "category": "Recreation & Park", "department_name": "Recreation and Parks" }, "geometry": { "type": "MultiPolygon", "coordinates": [ [ [ [ -122.394485, 37.735534 ], [ -122.394687, 37.735311 ], [ -122.394757, 37.735351 ], [ -122.394556, 37.735574 ], [ -122.394485, 37.735534 ] ] ], [ [ [ -122.394837, 37.735734 ], [ -122.394697, 37.735654 ], [ -122.394898, 37.735431 ], [ -122.395039, 37.73551 ], [ -122.394837, 37.735734 ] ] ], [ [ [ -122.393359, 37.734896 ], [ -122.393561, 37.734673 ], [ -122.394617, 37.735271 ], [ -122.394415, 37.735494 ], [ -122.393359, 37.734896 ] ] ] ] } },
{ "type": "Feature", "properties": { "land_id": "370", "land_name": "PORT LANDS", "category": "Port", "department_name": "Port" }, "geometry": { "type": "MultiPolygon", "coordinates": [ [ [ [ -122.40019, 37.801723 ], [ -122.400337, 37.801643 ], [ -122.400399, 37.80196 ], [ -122.40019, 37.801723 ] ] ], [ [ [ -122.401647, 37.803376 ], [ -122.401884, 37.803346 ], [ -122.401962, 37.803729 ], [ -122.401647, 37.803376 ] ] ], [ [ [ -122.396308, 37.797126 ], [ -122.396008, 37.796846 ], [ -122.396247, 37.796815 ], [ -122.396509, 37.796995 ], [ -122.39653, 37.797098 ], [ -122.396308, 37.797126 ] ] ], [ [ [ -122.409832, 37.808096 ], [ -122.410592, 37.807999 ], [ -122.410641, 37.808221 ], [ -122.409832, 37.808096 ] ] ], [ [ [ -122.405265, 37.805804 ], [ -122.405489, 37.805776 ], [ -122.405605, 37.806354 ], [ -122.405349, 37.806222 ], [ -122.405265, 37.805804 ] ] ], [ [ [ -122.40476, 37.805868 ], [ -122.404531, 37.805706 ], [ -122.405228, 37.805618 ], [ -122.405265, 37.805804 ], [ -122.40476, 37.805868 ] ] ], [ [ [ -122.381644, 37.758464 ], [ -122.381626, 37.758272 ], [ -122.381263, 37.758293 ], [ -122.381239, 37.758266 ], [ -122.381122, 37.758272 ], [ -122.381115, 37.758201 ], [ -122.38126, 37.758193 ], [ -122.381255, 37.75813 ], [ -122.381373, 37.757913 ], [ -122.381386, 37.757834 ], [ -122.381793, 37.75781 ], [ -122.381634, 37.758194 ], [ -122.381642, 37.758271 ], [ -122.381925, 37.758254 ], [ -122.381942, 37.758446 ], [ -122.381644, 37.758464 ] ] ], [ [ [ -122.387271, 37.758998 ], [ -122.387309, 37.759401 ], [ -122.386619, 37.759441 ], [ -122.386581, 37.759039 ], [ -122.387271, 37.758998 ] ] ], [ [ [ -122.403392, 37.804885 ], [ -122.402487, 37.804243 ], [ -122.403247, 37.804147 ], [ -122.403392, 37.804885 ] ] ], [ [ [ -122.413788, 37.808567 ], [ -122.415701, 37.808327 ], [ -122.415761, 37.808631 ], [ -122.413788, 37.808567 ] ] ], [ [ [ -122.406178, 37.806645 ], [ -122.407088, 37.806531 ], [ -122.407209, 37.807171 ], [ -122.406178, 37.806645 ] ] ], [ [ [ -122.407742, 37.807404 ], [ -122.408841, 37.807266 ], [ -122.408971, 37.807922 ], [ -122.407742, 37.807404 ] ] ], [ [ [ -122.400054, 37.801577 ], [ -122.399389, 37.800817 ], [ -122.400148, 37.800721 ], [ -122.400295, 37.801446 ], [ -122.400054, 37.801577 ] ] ], [ [ [ -122.410883, 37.808255 ], [ -122.410822, 37.807976 ], [ -122.412232, 37.807798 ], [ -122.41238, 37.808478 ], [ -122.410883, 37.808255 ] ] ], [ [ [ -122.39921, 37.800649 ], [ -122.398844, 37.800213 ], [ -122.39794, 37.799214 ], [ -122.398073, 37.799135 ], [ -122.398225, 37.799075 ], [ -122.398372, 37.799039 ], [ -122.398599, 37.799008 ], [ -122.398753, 37.799802 ], [ -122.398871, 37.799926 ], [ -122.399964, 37.799792 ], [ -122.400113, 37.800534 ], [ -122.39921, 37.800649 ] ] ], [ [ [ -122.418931, 37.809449 ], [ -122.417897, 37.809029 ], [ -122.41794, 37.80894 ], [ -122.417947, 37.80887 ], [ -122.417987, 37.808869 ], [ -122.417986, 37.808841 ], [ -122.417844, 37.80883 ], [ -122.41782, 37.808697 ], [ -122.4177, 37.808693 ], [ -122.41768, 37.808592 ], [ -122.417602, 37.808579 ], [ -122.417489, 37.808584 ], [ -122.417485, 37.808421 ], [ -122.417587, 37.808408 ], [ -122.417577, 37.808385 ], [ -122.417638, 37.808379 ], [ -122.417581, 37.808087 ], [ -122.418975, 37.807908 ], [ -122.419148, 37.808656 ], [ -122.418623, 37.808723 ], [ -122.417901, 37.8087 ], [ -122.417923, 37.808822 ], [ -122.418011, 37.808841 ], [ -122.418895, 37.808836 ], [ -122.418894, 37.80876 ], [ -122.418932, 37.808758 ], [ -122.418935, 37.808881 ], [ -122.419948, 37.808902 ], [ -122.419938, 37.809126 ], [ -122.419083, 37.809091 ], [ -122.419077, 37.809157 ], [ -122.418887, 37.809084 ], [ -122.418359, 37.809069 ], [ -122.418314, 37.809145 ], [ -122.41897, 37.809397 ], [ -122.418931, 37.809449 ] ] ], [ [ [ -122.422844, 37.810256 ], [ -122.421366, 37.809161 ], [ -122.42121, 37.80919 ], [ -122.421036, 37.808957 ], [ -122.420944, 37.808967 ], [ -122.420911, 37.808797 ], [ -122.420858, 37.808796 ], [ -122.420717, 37.8089 ], [ -122.42076, 37.809085 ], [ -122.420694, 37.80908 ], [ -122.420677, 37.809022 ], [ -122.420416, 37.809021 ], [ -122.420361, 37.809004 ], [ -122.420385, 37.808934 ], [ -122.420668, 37.808958 ], [ -122.420641, 37.808789 ], [ -122.419812, 37.808762 ], [ -122.420524, 37.80867 ], [ -122.420462, 37.808303 ], [ -122.419337, 37.808439 ], [ -122.419207, 37.807878 ], [ -122.420643, 37.807694 ], [ -122.420826, 37.808631 ], [ -122.422004, 37.80848 ], [ -122.422076, 37.808835 ], [ -122.421102, 37.808804 ], [ -122.421495, 37.809133 ], [ -122.421448, 37.809163 ], [ -122.422886, 37.810219 ], [ -122.422844, 37.810256 ] ] ], [ [ [ -122.397525, 37.79997 ], [ -122.397593, 37.799911 ], [ -122.397642, 37.799842 ], [ -122.397382, 37.799549 ], [ -122.397363, 37.79956 ], [ -122.397257, 37.799442 ], [ -122.396973, 37.79961 ], [ -122.396897, 37.799633 ], [ -122.396944, 37.799579 ], [ -122.397251, 37.799401 ], [ -122.396741, 37.798834 ], [ -122.396702, 37.798856 ], [ -122.39667, 37.798822 ], [ -122.396613, 37.798851 ], [ -122.396579, 37.798833 ], [ -122.39571, 37.799334 ], [ -122.395682, 37.799401 ], [ -122.395581, 37.799459 ], [ -122.395492, 37.799462 ], [ -122.394471, 37.800049 ], [ -122.394486, 37.800063 ], [ -122.394463, 37.80011 ], [ -122.394496, 37.800144 ], [ -122.394437, 37.800182 ], [ -122.394338, 37.800158 ], [ -122.394252, 37.800074 ], [ -122.394244, 37.799994 ], [ -122.394306, 37.799956 ], [ -122.39434, 37.799987 ], [ -122.394406, 37.799984 ], [ -122.39442, 37.799998 ], [ -122.395444, 37.799408 ], [ -122.395461, 37.799349 ], [ -122.395565, 37.799287 ], [ -122.395651, 37.799284 ], [ -122.396526, 37.798778 ], [ -122.396509, 37.798743 ], [ -122.396562, 37.798709 ], [ -122.396529, 37.798675 ], [ -122.396574, 37.79865 ], [ -122.396499, 37.798568 ], [ -122.396467, 37.798586 ], [ -122.396357, 37.798472 ], [ -122.396393, 37.798452 ], [ -122.395861, 37.797871 ], [ -122.395688, 37.797903 ], [ -122.395526, 37.797968 ], [ -122.393837, 37.798941 ], [ -122.393804, 37.798934 ], [ -122.393557, 37.798659 ], [ -122.393564, 37.798631 ], [ -122.395455, 37.797549 ], [ -122.395493, 37.79747 ], [ -122.395634, 37.797388 ], [ -122.396299, 37.798105 ], [ -122.398527, 37.800592 ], [ -122.398383, 37.800673 ], [ -122.397989, 37.80023 ], [ -122.395762, 37.801475 ], [ -122.39573, 37.801469 ], [ -122.395445, 37.801168 ], [ -122.395451, 37.801137 ], [ -122.397525, 37.79997 ] ] ], [ [ [ -122.379536, 37.763495 ], [ -122.379202, 37.759938 ], [ -122.381597, 37.759623 ], [ -122.381838, 37.762119 ], [ -122.381336, 37.762148 ], [ -122.381148, 37.760158 ], [ -122.380611, 37.760188 ], [ -122.380913, 37.763336 ], [ -122.380702, 37.763342 ], [ -122.3804, 37.7602 ], [ -122.379507, 37.76025 ], [ -122.37981, 37.763484 ], [ -122.379536, 37.763495 ] ] ], [ [ [ -122.389152, 37.791071 ], [ -122.389261, 37.791216 ], [ -122.390877, 37.792574 ], [ -122.390992, 37.792704 ], [ -122.391314, 37.792998 ], [ -122.392254, 37.79379 ], [ -122.392189, 37.793828 ], [ -122.392532, 37.794202 ], [ -122.392509, 37.794215 ], [ -122.393461, 37.795208 ], [ -122.393561, 37.795156 ], [ -122.393895, 37.795535 ], [ -122.393814, 37.795582 ], [ -122.394327, 37.796136 ], [ -122.394379, 37.796106 ], [ -122.3948, 37.796605 ], [ -122.39487, 37.796564 ], [ -122.395314, 37.797043 ], [ -122.395175, 37.797121 ], [ -122.395016, 37.797124 ], [ -122.394842, 37.797228 ], [ -122.394877, 37.797258 ], [ -122.393208, 37.79825 ], [ -122.393175, 37.798243 ], [ -122.392923, 37.797977 ], [ -122.392925, 37.79795 ], [ -122.393418, 37.797664 ], [ -122.393858, 37.797294 ], [ -122.394535, 37.796891 ], [ -122.394518, 37.796875 ], [ -122.394797, 37.796709 ], [ -122.394681, 37.796582 ], [ -122.393517, 37.797258 ], [ -122.393551, 37.797294 ], [ -122.393169, 37.797508 ], [ -122.393092, 37.797426 ], [ -122.393469, 37.797208 ], [ -122.393491, 37.797233 ], [ -122.394127, 37.796863 ], [ -122.393932, 37.796649 ], [ -122.39385, 37.796688 ], [ -122.393743, 37.796575 ], [ -122.393878, 37.796504 ], [ -122.393598, 37.796198 ], [ -122.393524, 37.796237 ], [ -122.393397, 37.796098 ], [ -122.393482, 37.796057 ], [ -122.393263, 37.795831 ], [ -122.393199, 37.795863 ], [ -122.393014, 37.795655 ], [ -122.393055, 37.795628 ], [ -122.392998, 37.795561 ], [ -122.39159, 37.796205 ], [ -122.391196, 37.795779 ], [ -122.392411, 37.79482 ], [ -122.392267, 37.794668 ], [ -122.391941, 37.794854 ], [ -122.391649, 37.794547 ], [ -122.391828, 37.794445 ], [ -122.391802, 37.794417 ], [ -122.391946, 37.794335 ], [ -122.39179, 37.794171 ], [ -122.391734, 37.794203 ], [ -122.391667, 37.794132 ], [ -122.391722, 37.794101 ], [ -122.391673, 37.794048 ], [ -122.391982, 37.793872 ], [ -122.391589, 37.793528 ], [ -122.391724, 37.793429 ], [ -122.388808, 37.790978 ], [ -122.38893, 37.79088 ], [ -122.388565, 37.790229 ], [ -122.388667, 37.790199 ], [ -122.389152, 37.791071 ] ] ], [ [ [ -122.372342, 37.738275 ], [ -122.371242, 37.73818 ], [ -122.370977, 37.738172 ], [ -122.370543, 37.738206 ], [ -122.369977, 37.738214 ], [ -122.369391, 37.738274 ], [ -122.368884, 37.738247 ], [ -122.368468, 37.738252 ], [ -122.367516, 37.73834 ], [ -122.367429, 37.738306 ], [ -122.367394, 37.738234 ], [ -122.367404, 37.738194 ], [ -122.367452, 37.738154 ], [ -122.367613, 37.738082 ], [ -122.368042, 37.738005 ], [ -122.368647, 37.737936 ], [ -122.36886, 37.737866 ], [ -122.369028, 37.737765 ], [ -122.36926, 37.737758 ], [ -122.369518, 37.737718 ], [ -122.369739, 37.737655 ], [ -122.369956, 37.737563 ], [ -122.370307, 37.737489 ], [ -122.370448, 37.737434 ], [ -122.370563, 37.737368 ], [ -122.370701, 37.737378 ], [ -122.370784, 37.737366 ], [ -122.370873, 37.737321 ], [ -122.370964, 37.737221 ], [ -122.371053, 37.737153 ], [ -122.371158, 37.7371 ], [ -122.371275, 37.737067 ], [ -122.371358, 37.737055 ], [ -122.371478, 37.737076 ], [ -122.371612, 37.73708 ], [ -122.371861, 37.737036 ], [ -122.371951, 37.737036 ], [ -122.372042, 37.73707 ], [ -122.372129, 37.737163 ], [ -122.372281, 37.73713 ], [ -122.372299, 37.737089 ], [ -122.372479, 37.737065 ], [ -122.372874, 37.737042 ], [ -122.373126, 37.737059 ], [ -122.373347, 37.737106 ], [ -122.373537, 37.737176 ], [ -122.374314, 37.737782 ], [ -122.374408, 37.737819 ], [ -122.374512, 37.73782 ], [ -122.374635, 37.739292 ], [ -122.373887, 37.739339 ], [ -122.373794, 37.739196 ], [ -122.373629, 37.738849 ], [ -122.373529, 37.738721 ], [ -122.373407, 37.738605 ], [ -122.373229, 37.738481 ], [ -122.373047, 37.738392 ], [ -122.372827, 37.738321 ], [ -122.372595, 37.738282 ], [ -122.372342, 37.738275 ] ] ], [ [ [ -122.387348, 37.789311 ], [ -122.385346, 37.789791 ], [ -122.385308, 37.789781 ], [ -122.385283, 37.789757 ], [ -122.385106, 37.78932 ], [ -122.385142, 37.789278 ], [ -122.387188, 37.788774 ], [ -122.387049, 37.788229 ], [ -122.385261, 37.78852 ], [ -122.385212, 37.788488 ], [ -122.385126, 37.788141 ], [ -122.385167, 37.788104 ], [ -122.387154, 37.787781 ], [ -122.387381, 37.787721 ], [ -122.387407, 37.787241 ], [ -122.38702, 37.787247 ], [ -122.384562, 37.787401 ], [ -122.384521, 37.787391 ], [ -122.384499, 37.787361 ], [ -122.384341, 37.785748 ], [ -122.384364, 37.785708 ], [ -122.387285, 37.785523 ], [ -122.38743, 37.785501 ], [ -122.387577, 37.785453 ], [ -122.387631, 37.784865 ], [ -122.385459, 37.784994 ], [ -122.385415, 37.784607 ], [ -122.387222, 37.784502 ], [ -122.38749, 37.784466 ], [ -122.387674, 37.784396 ], [ -122.38771, 37.783876 ], [ -122.386288, 37.783959 ], [ -122.386237, 37.783406 ], [ -122.387526, 37.783331 ], [ -122.387696, 37.783279 ], [ -122.387752, 37.783246 ], [ -122.387777, 37.782868 ], [ -122.387551, 37.782802 ], [ -122.3874, 37.78279 ], [ -122.384761, 37.78294 ], [ -122.384729, 37.782923 ], [ -122.38468, 37.782553 ], [ -122.384706, 37.782526 ], [ -122.387509, 37.782347 ], [ -122.387567, 37.782342 ], [ -122.387788, 37.782275 ], [ -122.387755, 37.781796 ], [ -122.385561, 37.781936 ], [ -122.385529, 37.781916 ], [ -122.385512, 37.781779 ], [ -122.384922, 37.78181 ], [ -122.384901, 37.781826 ], [ -122.384858, 37.781799 ], [ -122.384494, 37.781821 ], [ -122.384514, 37.782029 ], [ -122.384486, 37.782031 ], [ -122.384219, 37.779103 ], [ -122.384247, 37.77902 ], [ -122.384305, 37.77894 ], [ -122.385157, 37.778161 ], [ -122.385177, 37.778176 ], [ -122.385055, 37.778288 ], [ -122.385293, 37.778451 ], [ -122.385333, 37.778412 ], [ -122.385371, 37.778438 ], [ -122.387446, 37.77832 ], [ -122.38758, 37.778426 ], [ -122.387729, 37.780019 ], [ -122.38778, 37.780016 ], [ -122.38783, 37.780494 ], [ -122.387793, 37.780497 ], [ -122.387881, 37.781436 ], [ -122.387819, 37.781439 ], [ -122.387845, 37.781887 ], [ -122.387912, 37.781884 ], [ -122.387949, 37.78242 ], [ -122.387928, 37.782761 ], [ -122.387852, 37.782759 ], [ -122.387708, 37.784988 ], [ -122.387797, 37.784994 ], [ -122.387707, 37.785808 ], [ -122.387608, 37.785812 ], [ -122.387482, 37.787668 ], [ -122.387839, 37.789064 ], [ -122.388127, 37.789607 ], [ -122.388159, 37.789596 ], [ -122.38835, 37.789957 ], [ -122.388076, 37.790038 ], [ -122.385744, 37.790971 ], [ -122.385705, 37.790964 ], [ -122.385508, 37.790556 ], [ -122.385519, 37.790528 ], [ -122.385687, 37.790452 ], [ -122.387607, 37.789787 ], [ -122.387348, 37.789311 ] ] ], [ [ [ -122.419916, 37.811574 ], [ -122.419724, 37.811135 ], [ -122.419215, 37.810894 ], [ -122.419186, 37.810925 ], [ -122.419098, 37.810915 ], [ -122.418988, 37.810835 ], [ -122.418936, 37.810883 ], [ -122.419125, 37.811023 ], [ -122.419049, 37.811094 ], [ -122.419466, 37.811382 ], [ -122.419351, 37.811487 ], [ -122.418846, 37.811473 ], [ -122.415352, 37.809161 ], [ -122.415189, 37.809157 ], [ -122.415205, 37.80919 ], [ -122.415152, 37.809231 ], [ -122.415172, 37.809244 ], [ -122.415195, 37.809228 ], [ -122.415413, 37.809363 ], [ -122.41537, 37.809407 ], [ -122.415142, 37.809265 ], [ -122.415157, 37.809255 ], [ -122.415139, 37.80924 ], [ -122.41504, 37.809186 ], [ -122.414889, 37.809241 ], [ -122.414978, 37.809294 ], [ -122.414969, 37.809304 ], [ -122.414994, 37.809318 ], [ -122.415007, 37.809304 ], [ -122.415222, 37.809438 ], [ -122.41518, 37.809481 ], [ -122.414964, 37.809348 ], [ -122.414981, 37.809331 ], [ -122.414958, 37.809315 ], [ -122.414846, 37.809257 ], [ -122.41478, 37.809281 ], [ -122.414775, 37.809372 ], [ -122.415341, 37.809755 ], [ -122.415289, 37.809838 ], [ -122.414563, 37.809564 ], [ -122.414024, 37.809471 ], [ -122.41342, 37.809236 ], [ -122.413374, 37.809318 ], [ -122.413426, 37.809363 ], [ -122.414282, 37.809946 ], [ -122.414201, 37.810022 ], [ -122.414027, 37.810139 ], [ -122.41378, 37.809907 ], [ -122.413857, 37.809846 ], [ -122.412617, 37.809079 ], [ -122.412498, 37.809066 ], [ -122.412398, 37.809119 ], [ -122.41238, 37.809167 ], [ -122.412426, 37.809217 ], [ -122.41245, 37.809212 ], [ -122.412629, 37.809393 ], [ -122.412575, 37.809427 ], [ -122.412395, 37.809246 ], [ -122.412413, 37.809225 ], [ -122.412366, 37.809175 ], [ -122.412302, 37.809171 ], [ -122.412097, 37.809281 ], [ -122.412079, 37.809331 ], [ -122.412125, 37.80938 ], [ -122.412148, 37.809376 ], [ -122.412315, 37.809562 ], [ -122.412253, 37.809597 ], [ -122.412094, 37.80941 ], [ -122.412111, 37.809388 ], [ -122.412065, 37.809339 ], [ -122.412, 37.809332 ], [ -122.411895, 37.809389 ], [ -122.412862, 37.810522 ], [ -122.412718, 37.810599 ], [ -122.412705, 37.810584 ], [ -122.41151, 37.811238 ], [ -122.411323, 37.81094 ], [ -122.411245, 37.811117 ], [ -122.41095, 37.811221 ], [ -122.410929, 37.811279 ], [ -122.410682, 37.811367 ], [ -122.410614, 37.811353 ], [ -122.410149, 37.811506 ], [ -122.408512, 37.811284 ], [ -122.407578, 37.808802 ], [ -122.407596, 37.808798 ], [ -122.407706, 37.808376 ], [ -122.407614, 37.808397 ], [ -122.407507, 37.808115 ], [ -122.407548, 37.808106 ], [ -122.407537, 37.808072 ], [ -122.407463, 37.808043 ], [ -122.407446, 37.808007 ], [ -122.407487, 37.80793 ], [ -122.407432, 37.807904 ], [ -122.407355, 37.808049 ], [ -122.406644, 37.807818 ], [ -122.406816, 37.809995 ], [ -122.406787, 37.810017 ], [ -122.406137, 37.810043 ], [ -122.40612, 37.810023 ], [ -122.405904, 37.80716 ], [ -122.405322, 37.806867 ], [ -122.404403, 37.808848 ], [ -122.404365, 37.808873 ], [ -122.403935, 37.808761 ], [ -122.403906, 37.808721 ], [ -122.404717, 37.806971 ], [ -122.403956, 37.806579 ], [ -122.402763, 37.808013 ], [ -122.402707, 37.808019 ], [ -122.402345, 37.807827 ], [ -122.402346, 37.80778 ], [ -122.403422, 37.806471 ], [ -122.402804, 37.806023 ], [ -122.400949, 37.807634 ], [ -122.400912, 37.807638 ], [ -122.400399, 37.807262 ], [ -122.400964, 37.803564 ], [ -122.400843, 37.803429 ], [ -122.40048, 37.803466 ], [ -122.398535, 37.804606 ], [ -122.398228, 37.80428 ], [ -122.398229, 37.804251 ], [ -122.399972, 37.803225 ], [ -122.399602, 37.802808 ], [ -122.39782, 37.803813 ], [ -122.397784, 37.803804 ], [ -122.397516, 37.803494 ], [ -122.397514, 37.803471 ], [ -122.399616, 37.802282 ], [ -122.399724, 37.802176 ], [ -122.399409, 37.801825 ], [ -122.39963, 37.801835 ], [ -122.401997, 37.80448 ], [ -122.404688, 37.806389 ], [ -122.407572, 37.807877 ], [ -122.408839, 37.808408 ], [ -122.412665, 37.808982 ], [ -122.412666, 37.808915 ], [ -122.41515, 37.808996 ], [ -122.415149, 37.809023 ], [ -122.415738, 37.809042 ], [ -122.41573, 37.809174 ], [ -122.415975, 37.809183 ], [ -122.416003, 37.808639 ], [ -122.415935, 37.808294 ], [ -122.417347, 37.808121 ], [ -122.417457, 37.808686 ], [ -122.4162, 37.808645 ], [ -122.416187, 37.808854 ], [ -122.417428, 37.808927 ], [ -122.417413, 37.809166 ], [ -122.419291, 37.810403 ], [ -122.419315, 37.810381 ], [ -122.419834, 37.810735 ], [ -122.419808, 37.810754 ], [ -122.420595, 37.811267 ], [ -122.420353, 37.81151 ], [ -122.420002, 37.811281 ], [ -122.419846, 37.81132 ], [ -122.419952, 37.811563 ], [ -122.419916, 37.811574 ] ] ], [ [ [ -122.387391, 37.760279 ], [ -122.387409, 37.760469 ], [ -122.387236, 37.760479 ], [ -122.38738, 37.760652 ], [ -122.387426, 37.76065 ], [ -122.387499, 37.761025 ], [ -122.387677, 37.761236 ], [ -122.387763, 37.761276 ], [ -122.388019, 37.763992 ], [ -122.387738, 37.764009 ], [ -122.387884, 37.765537 ], [ -122.386941, 37.765594 ], [ -122.386802, 37.765822 ], [ -122.386323, 37.765851 ], [ -122.385474, 37.767614 ], [ -122.385426, 37.767773 ], [ -122.385369, 37.768169 ], [ -122.385517, 37.769905 ], [ -122.385558, 37.770109 ], [ -122.385681, 37.770379 ], [ -122.386401, 37.771457 ], [ -122.387187, 37.77325 ], [ -122.38726, 37.774204 ], [ -122.387134, 37.774212 ], [ -122.386923, 37.774328 ], [ -122.381814, 37.774615 ], [ -122.381456, 37.771917 ], [ -122.384737, 37.773363 ], [ -122.384857, 37.773376 ], [ -122.38676, 37.773273 ], [ -122.386573, 37.772839 ], [ -122.386598, 37.772802 ], [ -122.386717, 37.772771 ], [ -122.386688, 37.772688 ], [ -122.386688, 37.77258 ], [ -122.386659, 37.772481 ], [ -122.386673, 37.772455 ], [ -122.386714, 37.77244 ], [ -122.386679, 37.772362 ], [ -122.386645, 37.772369 ], [ -122.386611, 37.772282 ], [ -122.38654, 37.771948 ], [ -122.386439, 37.771943 ], [ -122.386459, 37.771679 ], [ -122.386414, 37.771677 ], [ -122.386417, 37.771634 ], [ -122.386369, 37.77163 ], [ -122.38637, 37.771591 ], [ -122.386346, 37.771591 ], [ -122.386349, 37.771562 ], [ -122.386374, 37.771562 ], [ -122.386384, 37.771459 ], [ -122.386277, 37.771448 ], [ -122.386286, 37.771405 ], [ -122.386214, 37.771392 ], [ -122.386175, 37.771344 ], [ -122.386133, 37.771335 ], [ -122.386101, 37.77131 ], [ -122.38609, 37.771287 ], [ -122.386142, 37.771266 ], [ -122.386086, 37.771183 ], [ -122.386041, 37.771201 ], [ -122.386011, 37.771189 ], [ -122.385895, 37.770995 ], [ -122.385921, 37.770818 ], [ -122.385844, 37.770686 ], [ -122.385807, 37.770677 ], [ -122.385782, 37.7707 ], [ -122.385798, 37.77125 ], [ -122.385622, 37.772162 ], [ -122.385554, 37.772154 ], [ -122.385681, 37.771444 ], [ -122.385515, 37.77143 ], [ -122.385468, 37.771531 ], [ -122.385336, 37.771652 ], [ -122.385286, 37.771634 ], [ -122.385684, 37.770764 ], [ -122.385724, 37.770592 ], [ -122.385559, 37.770637 ], [ -122.383155, 37.769709 ], [ -122.383376, 37.769333 ], [ -122.385569, 37.77018 ], [ -122.385493, 37.769991 ], [ -122.385475, 37.769837 ], [ -122.385019, 37.768857 ], [ -122.384894, 37.768882 ], [ -122.384788, 37.768657 ], [ -122.385006, 37.768586 ], [ -122.385007, 37.76853 ], [ -122.385038, 37.768497 ], [ -122.385008, 37.768429 ], [ -122.38508, 37.768406 ], [ -122.385043, 37.768341 ], [ -122.385168, 37.768296 ], [ -122.385145, 37.768143 ], [ -122.384701, 37.768171 ], [ -122.384624, 37.768075 ], [ -122.383882, 37.768122 ], [ -122.383843, 37.767745 ], [ -122.382457, 37.767833 ], [ -122.38244, 37.767692 ], [ -122.384901, 37.767536 ], [ -122.384847, 37.767013 ], [ -122.382855, 37.767139 ], [ -122.382801, 37.766784 ], [ -122.385865, 37.76659 ], [ -122.385934, 37.766361 ], [ -122.385915, 37.766285 ], [ -122.386212, 37.765816 ], [ -122.386205, 37.765748 ], [ -122.386335, 37.765575 ], [ -122.386271, 37.76556 ], [ -122.386333, 37.765478 ], [ -122.386387, 37.765506 ], [ -122.386521, 37.765327 ], [ -122.386491, 37.765288 ], [ -122.386459, 37.765286 ], [ -122.386452, 37.765249 ], [ -122.386362, 37.765235 ], [ -122.386212, 37.764447 ], [ -122.386504, 37.764176 ], [ -122.386587, 37.764171 ], [ -122.386617, 37.764122 ], [ -122.386695, 37.764064 ], [ -122.386749, 37.764061 ], [ -122.386744, 37.763995 ], [ -122.386766, 37.763958 ], [ -122.386833, 37.763935 ], [ -122.387007, 37.763793 ], [ -122.387027, 37.763755 ], [ -122.387026, 37.763706 ], [ -122.386859, 37.763481 ], [ -122.384424, 37.763625 ], [ -122.384462, 37.764047 ], [ -122.384304, 37.764057 ], [ -122.384264, 37.763634 ], [ -122.383856, 37.763658 ], [ -122.383905, 37.764144 ], [ -122.383833, 37.764148 ], [ -122.38381, 37.764236 ], [ -122.383582, 37.764254 ], [ -122.383539, 37.764164 ], [ -122.383463, 37.764168 ], [ -122.38346, 37.764131 ], [ -122.383299, 37.76414 ], [ -122.383253, 37.763694 ], [ -122.382427, 37.763743 ], [ -122.382514, 37.764606 ], [ -122.382344, 37.764612 ], [ -122.382259, 37.763753 ], [ -122.381994, 37.763768 ], [ -122.381866, 37.762398 ], [ -122.381748, 37.762405 ], [ -122.381695, 37.764738 ], [ -122.381632, 37.764741 ], [ -122.381631, 37.764801 ], [ -122.381492, 37.764806 ], [ -122.38145, 37.764935 ], [ -122.381173, 37.764933 ], [ -122.381124, 37.764799 ], [ -122.380984, 37.764799 ], [ -122.381029, 37.762224 ], [ -122.381845, 37.762174 ], [ -122.381607, 37.759632 ], [ -122.381808, 37.75962 ], [ -122.381819, 37.759669 ], [ -122.381844, 37.759684 ], [ -122.381856, 37.759729 ], [ -122.381816, 37.759805 ], [ -122.381827, 37.759912 ], [ -122.381865, 37.759958 ], [ -122.381896, 37.760267 ], [ -122.381922, 37.760324 ], [ -122.381927, 37.760459 ], [ -122.381954, 37.760521 ], [ -122.381936, 37.760611 ], [ -122.381956, 37.760639 ], [ -122.381959, 37.760722 ], [ -122.382073, 37.760882 ], [ -122.382156, 37.760909 ], [ -122.38243, 37.760749 ], [ -122.382523, 37.760848 ], [ -122.384657, 37.760722 ], [ -122.384649, 37.760632 ], [ -122.38478, 37.760624 ], [ -122.384728, 37.760517 ], [ -122.384672, 37.75992 ], [ -122.384707, 37.759849 ], [ -122.385016, 37.759831 ], [ -122.384991, 37.759561 ], [ -122.385088, 37.759533 ], [ -122.386414, 37.759453 ], [ -122.386452, 37.759865 ], [ -122.38655, 37.759894 ], [ -122.386625, 37.759955 ], [ -122.386659, 37.760322 ], [ -122.387391, 37.760279 ] ] ] ] } },
{ "type": "Feature", "properties": { "land_id": "375", "land_name": "VACATED STREET", "category": "Port", "department_name": "Port" }, "geometry": { "type": "Polygon", "coordinates": [ [ [ -122.388291, 37.785004 ], [ -122.38861, 37.785244 ], [ -122.388586, 37.785263 ], [ -122.388511, 37.785241 ], [ -122.388438, 37.785266 ], [ -122.388407, 37.785313 ], [ -122.388433, 37.785384 ], [ -122.388408, 37.785403 ], [ -122.388268, 37.785292 ], [ -122.388291, 37.785004 ] ] ] } },
{ "type": "Feature", "properties": { "land_id": "425", "land_name": "Roosevelt, Theodore Middle School", "category": "Unified School District", "department_name": "School District (SFUSD)" }, "geometry": { "type": "Polygon", "coordinates": [ [ [ -122.457904, 37.781756 ], [ -122.45873, 37.781719 ], [ -122.458808, 37.7828 ], [ -122.457984, 37.782852 ], [ -122.457904, 37.781756 ] ] ] } },
{ "type": "Feature", "properties": { "land_id": "723", "land_name": "PORT LANDS", "category": "Port", "department_name": "Port" }, "geometry": { "type": "Polygon", "coordinates": [ [ [ -122.382946, 37.754495 ], [ -122.383222, 37.754479 ], [ -122.383273, 37.754992 ], [ -122.382997, 37.755008 ], [ -122.382946, 37.754495 ] ] ] } },
{ "type": "Feature", "properties": { "land_id": "426", "land_name": "POINT LOBOS SHORELINE DEVELOPMENT", "category": "Recreation & Park", "department_name": "Recreation and Parks" }, "geometry": { "type": "Polygon", "coordinates": [ [ [ -122.511774, 37.780387 ], [ -122.513399, 37.781183 ], [ -122.513666, 37.781172 ], [ -122.513582, 37.781273 ], [ -122.513909, 37.781428 ], [ -122.513612, 37.78144 ], [ -122.513658, 37.781953 ], [ -122.513075, 37.782541 ], [ -122.513204, 37.782828 ], [ -122.512973, 37.782665 ], [ -122.512435, 37.782854 ], [ -122.512398, 37.783588 ], [ -122.511426, 37.784189 ], [ -122.510874, 37.784436 ], [ -122.509988, 37.785053 ], [ -122.509377, 37.783857 ], [ -122.510242, 37.783293 ], [ -122.511352, 37.783204 ], [ -122.511485, 37.783157 ], [ -122.511558, 37.783077 ], [ -122.511578, 37.782984 ], [ -122.511703, 37.782969 ], [ -122.511635, 37.782771 ], [ -122.511533, 37.782785 ], [ -122.511408, 37.782507 ], [ -122.511939, 37.782691 ], [ -122.511774, 37.780387 ] ] ] } },
{ "type": "Feature", "properties": { "land_id": "468", "land_name": "FORMER SEA WALL #18", "category": "Port", "department_name": "Port" }, "geometry": { "type": "Polygon", "coordinates": [ [ [ -122.388893, 37.788569 ], [ -122.388394, 37.788963 ], [ -122.388332, 37.788857 ], [ -122.388131, 37.787993 ], [ -122.388177, 37.787993 ], [ -122.388893, 37.788569 ] ] ] } },
{ "type": "Feature", "properties": { "land_id": "502", "land_name": "MULLEN PERALTA OPEN SPACE", "category": "Recreation & Park", "department_name": "Recreation and Parks" }, "geometry": { "type": "Polygon", "coordinates": [ [ [ -122.408848, 37.745874 ], [ -122.408867, 37.74608 ], [ -122.40861, 37.746192 ], [ -122.408499, 37.746025 ], [ -122.408848, 37.745874 ] ] ] } },
{ "type": "Feature", "properties": { "land_id": "484", "land_name": "Sloat, Commodore Elementary School", "category": "Unified School District", "department_name": "School District (SFUSD)" }, "geometry": { "type": "Polygon", "coordinates": [ [ [ -122.469853, 37.730883 ], [ -122.470132, 37.730436 ], [ -122.471264, 37.730921 ], [ -122.471204, 37.731876 ], [ -122.469719, 37.731827 ], [ -122.469778, 37.731112 ], [ -122.469853, 37.730883 ] ] ] } },
{ "type": "Feature", "properties": { "land_id": "785", "land_name": "OPEN SPACE PARCELS ADJACENT TO McCLAREN PARK", "category": "Recreation & Park", "department_name": "Recreation and Parks" }, "geometry": { "type": "Polygon", "coordinates": [ [ [ -122.410232, 37.716663 ], [ -122.410176, 37.716793 ], [ -122.409849, 37.716704 ], [ -122.409905, 37.716574 ], [ -122.410232, 37.716663 ] ] ] } },
{ "type": "Feature", "properties": { "land_id": "255", "land_name": "SLOPE PROTECTION AT RANDALL", "category": "Public Works", "department_name": "Public Works" }, "geometry": { "type": "MultiPolygon", "coordinates": [ [ [ [ -122.434546, 37.730168 ], [ -122.434632, 37.730083 ], [ -122.434554, 37.730176 ], [ -122.434546, 37.730168 ] ] ], [ [ [ -122.435307, 37.73089 ], [ -122.43552, 37.730748 ], [ -122.435502, 37.730785 ], [ -122.435326, 37.730911 ], [ -122.435042, 37.731032 ], [ -122.435023, 37.731011 ], [ -122.435307, 37.73089 ] ] ], [ [ [ -122.43237, 37.73294 ], [ -122.432305, 37.732891 ], [ -122.432832, 37.732676 ], [ -122.432843, 37.732692 ], [ -122.43237, 37.73294 ] ] ], [ [ [ -122.424717, 37.737458 ], [ -122.42503, 37.737485 ], [ -122.42479, 37.737773 ], [ -122.42462, 37.738018 ], [ -122.424497, 37.738009 ], [ -122.424713, 37.737648 ], [ -122.424717, 37.737458 ] ] ], [ [ [ -122.424926, 37.737311 ], [ -122.42541, 37.736834 ], [ -122.425419, 37.736806 ], [ -122.425699, 37.736829 ], [ -122.425152, 37.73733 ], [ -122.424926, 37.737311 ] ] ], [ [ [ -122.426493, 37.736179 ], [ -122.42588, 37.736679 ], [ -122.425609, 37.736656 ], [ -122.425669, 37.736609 ], [ -122.425742, 37.736395 ], [ -122.425919, 37.736409 ], [ -122.426233, 37.736158 ], [ -122.426493, 37.736179 ] ] ], [ [ [ -122.424555, 37.738124 ], [ -122.424393, 37.738431 ], [ -122.424229, 37.738817 ], [ -122.424159, 37.739018 ], [ -122.424006, 37.7396 ], [ -122.423936, 37.739576 ], [ -122.424067, 37.739271 ], [ -122.424111, 37.738572 ], [ -122.424166, 37.738576 ], [ -122.424379, 37.73811 ], [ -122.424555, 37.738124 ] ] ], [ [ [ -122.430798, 37.734225 ], [ -122.429711, 37.734931 ], [ -122.429496, 37.734722 ], [ -122.430217, 37.734393 ], [ -122.430798, 37.734225 ] ], [ [ -122.429644, 37.734865 ], [ -122.429766, 37.734796 ], [ -122.429792, 37.734745 ], [ -122.429674, 37.73469 ], [ -122.429548, 37.734771 ], [ -122.429644, 37.734865 ] ] ], [ [ [ -122.433478, 37.732458 ], [ -122.434873, 37.731912 ], [ -122.434951, 37.731866 ], [ -122.434365, 37.732391 ], [ -122.433925, 37.73258 ], [ -122.433787, 37.732418 ], [ -122.433535, 37.732528 ], [ -122.433478, 37.732458 ] ] ], [ [ [ -122.427673, 37.735189 ], [ -122.427959, 37.735046 ], [ -122.428099, 37.734901 ], [ -122.42824, 37.734962 ], [ -122.42747, 37.735463 ], [ -122.426626, 37.736075 ], [ -122.426579, 37.736023 ], [ -122.426401, 37.736008 ], [ -122.427057, 37.73553 ], [ -122.427203, 37.735543 ], [ -122.427229, 37.735454 ], [ -122.42754, 37.73513 ], [ -122.427673, 37.735189 ] ] ], [ [ [ -122.428133, 37.735679 ], [ -122.427321, 37.736248 ], [ -122.427336, 37.736262 ], [ -122.427029, 37.736459 ], [ -122.427017, 37.736447 ], [ -122.426903, 37.736553 ], [ -122.426921, 37.736571 ], [ -122.426667, 37.736736 ], [ -122.426533, 37.736848 ], [ -122.426629, 37.736938 ], [ -122.425438, 37.737717 ], [ -122.424741, 37.739067 ], [ -122.42446, 37.739762 ], [ -122.424316, 37.739771 ], [ -122.424621, 37.738852 ], [ -122.424749, 37.738547 ], [ -122.425023, 37.73808 ], [ -122.425355, 37.73767 ], [ -122.426273, 37.736842 ], [ -122.426525, 37.736637 ], [ -122.427186, 37.73613 ], [ -122.427997, 37.735547 ], [ -122.428133, 37.735679 ] ] ] ] } },
{ "type": "Feature", "properties": { "land_id": "397", "land_name": "Lau, Gordon J. Elementary/Preschool", "category": "Unified School District", "department_name": "School District (SFUSD)" }, "geometry": { "type": "Polygon", "coordinates": [ [ [ -122.408306, 37.794077 ], [ -122.409177, 37.793967 ], [ -122.409253, 37.794339 ], [ -122.409216, 37.794344 ], [ -122.409293, 37.794721 ], [ -122.408439, 37.794829 ], [ -122.408388, 37.794606 ], [ -122.408381, 37.794503 ], [ -122.408369, 37.794505 ], [ -122.408358, 37.794453 ], [ -122.408436, 37.794443 ], [ -122.408397, 37.794257 ], [ -122.408344, 37.794263 ], [ -122.408306, 37.794077 ] ] ] } },
{ "type": "Feature", "properties": { "land_id": "276", "land_name": "UNDEDICATED ST (7126A007)", "category": "Public Works", "department_name": "Public Works" }, "geometry": { "type": "Polygon", "coordinates": [ [ [ -122.466283, 37.709961 ], [ -122.466415, 37.70996 ], [ -122.466357, 37.710147 ], [ -122.466283, 37.710173 ], [ -122.466283, 37.709961 ] ] ] } },
{ "type": "Feature", "properties": { "land_id": "289", "land_name": "TRAFFIC ISLAND AT MERRITT", "category": "Public Works", "department_name": "Public Works" }, "geometry": { "type": "Polygon", "coordinates": [ [ [ -122.443285, 37.760878 ], [ -122.443233, 37.760868 ], [ -122.443222, 37.760826 ], [ -122.443506, 37.760642 ], [ -122.443613, 37.760811 ], [ -122.443285, 37.760878 ] ] ] } },
{ "type": "Feature", "properties": { "land_id": "268", "land_name": "OPEN SPACE (SLOAT & JUNIPERO SERRA STREETS)", "category": "Public Works", "department_name": "Public Works" }, "geometry": { "type": "MultiPolygon", "coordinates": [ [ [ [ -122.471874, 37.733945 ], [ -122.47195, 37.733967 ], [ -122.472033, 37.733963 ], [ -122.472113, 37.733928 ], [ -122.472164, 37.733872 ], [ -122.472177, 37.733877 ], [ -122.471887, 37.73425 ], [ -122.471874, 37.733945 ] ] ], [ [ [ -122.471917, 37.734342 ], [ -122.472217, 37.733957 ], [ -122.472246, 37.734516 ], [ -122.472207, 37.734527 ], [ -122.47207, 37.734476 ], [ -122.471981, 37.734414 ], [ -122.471917, 37.734342 ] ] ] ] } },
{ "type": "Feature", "properties": { "land_id": "285", "land_name": "SLOPE PROTECTION (SW LAGUNA HONDA)", "category": "Public Works", "department_name": "Public Works" }, "geometry": { "type": "MultiPolygon", "coordinates": [ [ [ [ -122.463899, 37.754236 ], [ -122.463933, 37.753945 ], [ -122.463917, 37.753789 ], [ -122.46388, 37.753642 ], [ -122.464138, 37.753024 ], [ -122.464248, 37.753019 ], [ -122.464248, 37.753199 ], [ -122.464189, 37.753202 ], [ -122.464188, 37.753295 ], [ -122.464247, 37.753293 ], [ -122.464245, 37.754531 ], [ -122.464212, 37.754532 ], [ -122.464221, 37.754669 ], [ -122.463788, 37.754688 ], [ -122.463899, 37.754236 ] ] ], [ [ [ -122.464231, 37.7528 ], [ -122.46388, 37.753642 ], [ -122.463804, 37.753441 ], [ -122.463675, 37.753226 ], [ -122.463537, 37.753033 ], [ -122.463377, 37.752849 ], [ -122.463122, 37.752613 ], [ -122.462865, 37.752424 ], [ -122.462617, 37.752216 ], [ -122.462262, 37.751859 ], [ -122.461815, 37.751499 ], [ -122.461549, 37.751229 ], [ -122.462066, 37.751115 ], [ -122.464237, 37.752784 ], [ -122.464252, 37.752745 ], [ -122.464259, 37.752798 ], [ -122.464231, 37.7528 ] ] ] ] } },
{ "type": "Feature", "properties": { "land_id": "273", "land_name": "GARFIELD SQUARE (ROW)", "category": "Public Works", "department_name": "Public Works" }, "geometry": { "type": "Polygon", "coordinates": [ [ [ -122.411727, 37.74934 ], [ -122.412575, 37.749288 ], [ -122.412592, 37.749464 ], [ -122.411744, 37.749515 ], [ -122.411727, 37.74934 ] ] ] } },
{ "type": "Feature", "properties": { "land_id": "274", "land_name": "UNITED NATIONS PLAZA (PTNS LOT 39, 46, 41)", "category": "Public Works", "department_name": "Public Works" }, "geometry": { "type": "MultiPolygon", "coordinates": [ [ [ [ -122.413942, 37.779713 ], [ -122.413753, 37.779736 ], [ -122.41411, 37.779454 ], [ -122.414355, 37.779648 ], [ -122.414335, 37.779664 ], [ -122.414184, 37.779683 ], [ -122.414116, 37.779629 ], [ -122.413942, 37.779713 ] ] ], [ [ [ -122.413098, 37.780409 ], [ -122.41285, 37.780605 ], [ -122.412754, 37.780527 ], [ -122.413183, 37.780187 ], [ -122.413401, 37.78016 ], [ -122.413442, 37.780367 ], [ -122.413098, 37.780409 ] ] ] ] } },
{ "type": "Feature", "properties": { "land_id": "573", "land_name": "STATE RELINQUISHMENT PARCEL", "category": "Public Works", "department_name": "Public Works" }, "geometry": { "type": "Polygon", "coordinates": [ [ [ -122.466616, 37.709446 ], [ -122.466624, 37.709352 ], [ -122.466774, 37.709351 ], [ -122.466616, 37.709446 ] ] ] } },
{ "type": "Feature", "properties": { "land_id": "477", "land_name": "West Portal Elementary School", "category": "Unified School District", "department_name": "School District (SFUSD)" }, "geometry": { "type": "Polygon", "coordinates": [ [ [ -122.464911, 37.742381 ], [ -122.464821, 37.742521 ], [ -122.464764, 37.742686 ], [ -122.464659, 37.743538 ], [ -122.464621, 37.743558 ], [ -122.463991, 37.743607 ], [ -122.463874, 37.743514 ], [ -122.463963, 37.742769 ], [ -122.464046, 37.74241 ], [ -122.464207, 37.742035 ], [ -122.464497, 37.742154 ], [ -122.464911, 37.742381 ] ] ] } },
{ "type": "Feature", "properties": { "land_id": "486", "land_name": "Marshall Elementary School", "category": "Unified School District", "department_name": "School District (SFUSD)" }, "geometry": { "type": "Polygon", "coordinates": [ [ [ -122.418761, 37.765934 ], [ -122.419186, 37.765908 ], [ -122.419228, 37.766346 ], [ -122.419299, 37.766342 ], [ -122.419325, 37.766616 ], [ -122.41883, 37.766646 ], [ -122.418761, 37.765934 ] ] ] } },
{ "type": "Feature", "properties": { "land_id": "555", "land_name": "25 VAN NESS AVE BUILDING", "category": "Real Estate", "department_name": "GSA - Real Estate Division" }, "geometry": { "type": "Polygon", "coordinates": [ [ [ -122.42022, 37.775753 ], [ -122.419612, 37.77583 ], [ -122.419547, 37.775505 ], [ -122.420083, 37.775436 ], [ -122.420127, 37.775653 ], [ -122.420198, 37.775644 ], [ -122.42022, 37.775753 ] ] ] } },
{ "type": "Feature", "properties": { "land_id": "545", "land_name": "RINCON PARK (PROPOSED)", "category": "Port", "department_name": "Port" }, "geometry": { "type": "MultiPolygon", "coordinates": [ [ [ [ -122.3902, 37.791549 ], [ -122.390537, 37.791282 ], [ -122.390649, 37.791371 ], [ -122.390312, 37.791638 ], [ -122.3902, 37.791549 ] ] ], [ [ [ -122.389865, 37.791281 ], [ -122.390202, 37.791014 ], [ -122.390314, 37.791104 ], [ -122.389976, 37.79137 ], [ -122.389865, 37.791281 ] ] ] ] } },
{ "type": "Feature", "properties": { "land_id": "564", "land_name": "CITY-OWNED PARCEL (5434A026)", "category": "Real Estate", "department_name": "GSA - Real Estate Division" }, "geometry": { "type": "Polygon", "coordinates": [ [ [ -122.400522, 37.728899 ], [ -122.40046, 37.728885 ], [ -122.400473, 37.728871 ], [ -122.400522, 37.728899 ] ] ] } },
{ "type": "Feature", "properties": { "land_id": "697", "land_name": "VACATED PORTION OF MAIN ST", "category": "Port", "department_name": "Port" }, "geometry": { "type": "Polygon", "coordinates": [ [ [ -122.388747, 37.786765 ], [ -122.388452, 37.786985 ], [ -122.388382, 37.786998 ], [ -122.388129, 37.786987 ], [ -122.388184, 37.786311 ], [ -122.388747, 37.786765 ] ] ] } },
{ "type": "Feature", "properties": { "land_id": "60", "land_name": "MULLEN AVE REALIGNMENT", "category": "Public Works", "department_name": "Public Works" }, "geometry": { "type": "MultiPolygon", "coordinates": [ [ [ [ -122.406501, 37.745168 ], [ -122.406566, 37.745003 ], [ -122.406708, 37.745038 ], [ -122.406621, 37.745092 ], [ -122.406501, 37.745168 ] ] ], [ [ [ -122.406124, 37.745467 ], [ -122.406162, 37.745247 ], [ -122.406327, 37.745289 ], [ -122.406124, 37.745467 ] ] ], [ [ [ -122.406098, 37.745615 ], [ -122.406441, 37.745317 ], [ -122.406635, 37.745365 ], [ -122.406629, 37.745397 ], [ -122.40639, 37.74537 ], [ -122.406341, 37.745642 ], [ -122.406098, 37.745615 ] ] ] ] } },
{ "type": "Feature", "properties": { "land_id": "699", "land_name": "VACATED STREET", "category": "Port", "department_name": "Port" }, "geometry": { "type": "Polygon", "coordinates": [ [ [ -122.388513, 37.784828 ], [ -122.388461, 37.784869 ], [ -122.388291, 37.785004 ], [ -122.388302, 37.784877 ], [ -122.388415, 37.784872 ], [ -122.388513, 37.784828 ] ] ] } },
{ "type": "Feature", "properties": { "land_id": "504", "land_name": "SAN FRANCISCO INTERNATIONAL HIGH", "category": "Unified School District", "department_name": "School District (SFUSD)" }, "geometry": { "type": "Polygon", "coordinates": [ [ [ -122.408827, 37.754834 ], [ -122.408845, 37.755023 ], [ -122.40919, 37.755002 ], [ -122.40923, 37.755413 ], [ -122.408542, 37.755454 ], [ -122.408485, 37.754855 ], [ -122.408827, 37.754834 ] ] ] } },
{ "type": "Feature", "properties": { "land_id": "557", "land_name": "UNDEDICATED STREET (2716042)", "category": "Public Works", "department_name": "Public Works" }, "geometry": { "type": "Polygon", "coordinates": [ [ [ -122.442258, 37.756832 ], [ -122.442248, 37.756825 ], [ -122.442257, 37.756821 ], [ -122.442258, 37.756832 ] ] ] } },
{ "type": "Feature", "properties": { "land_id": "724", "land_name": "PORT LANDS", "category": "Port", "department_name": "Port" }, "geometry": { "type": "Polygon", "coordinates": [ [ [ -122.383963, 37.754951 ], [ -122.383912, 37.754438 ], [ -122.384061, 37.754429 ], [ -122.384112, 37.754942 ], [ -122.383963, 37.754951 ] ] ] } },
{ "type": "Feature", "properties": { "land_id": "409", "land_name": "PORT LANDS", "category": "Port", "department_name": "Port" }, "geometry": { "type": "Polygon", "coordinates": [ [ [ -122.382619, 37.751199 ], [ -122.38079, 37.751305 ], [ -122.380854, 37.751943 ], [ -122.380681, 37.751953 ], [ -122.38069, 37.752043 ], [ -122.380069, 37.752079 ], [ -122.380179, 37.753183 ], [ -122.379661, 37.753213 ], [ -122.379591, 37.75255 ], [ -122.379515, 37.752442 ], [ -122.379383, 37.752376 ], [ -122.379267, 37.752365 ], [ -122.377427, 37.752471 ], [ -122.377335, 37.752463 ], [ -122.377251, 37.752434 ], [ -122.377148, 37.752352 ], [ -122.377104, 37.752242 ], [ -122.376759, 37.748509 ], [ -122.376769, 37.748432 ], [ -122.376805, 37.748364 ], [ -122.376908, 37.748283 ], [ -122.377046, 37.748248 ], [ -122.386187, 37.747706 ], [ -122.386305, 37.748982 ], [ -122.384567, 37.749085 ], [ -122.384641, 37.749828 ], [ -122.384037, 37.749863 ], [ -122.384087, 37.750358 ], [ -122.382544, 37.750447 ], [ -122.382619, 37.751199 ] ] ] } },
{ "type": "Feature", "properties": { "land_id": "438", "land_name": "Peabody, George Elementary School", "category": "Unified School District", "department_name": "School District (SFUSD)" }, "geometry": { "type": "Polygon", "coordinates": [ [ [ -122.464596, 37.783669 ], [ -122.465424, 37.783631 ], [ -122.465454, 37.784039 ], [ -122.464624, 37.784078 ], [ -122.464596, 37.783669 ] ] ] } },
{ "type": "Feature", "properties": { "land_id": "431", "land_name": "Chinese Immersion School at DeAvila", "category": "Unified School District", "department_name": "School District (SFUSD)" }, "geometry": { "type": "Polygon", "coordinates": [ [ [ -122.444579, 37.769446 ], [ -122.444653, 37.76982 ], [ -122.444611, 37.769826 ], [ -122.444685, 37.770199 ], [ -122.444131, 37.770269 ], [ -122.444035, 37.769795 ], [ -122.443779, 37.769827 ], [ -122.443724, 37.769555 ], [ -122.444579, 37.769446 ] ] ] } },
{ "type": "Feature", "properties": { "land_id": "433", "land_name": "FORMER SEA WALL #19", "category": "Port", "department_name": "Port" }, "geometry": { "type": "Polygon", "coordinates": [ [ [ -122.388691, 37.787128 ], [ -122.3881, 37.787593 ], [ -122.388116, 37.787311 ], [ -122.388138, 37.787228 ], [ -122.388172, 37.787216 ], [ -122.388481, 37.787215 ], [ -122.388593, 37.787182 ], [ -122.388691, 37.787128 ] ] ] } },
{ "type": "Feature", "properties": { "land_id": "736", "land_name": "ORACLE PARK", "category": "Port", "department_name": "Port" }, "geometry": { "type": "Polygon", "coordinates": [ [ [ -122.387593, 37.778437 ], [ -122.387588, 37.778382 ], [ -122.387607, 37.778365 ], [ -122.387728, 37.778361 ], [ -122.387676, 37.778268 ], [ -122.390451, 37.777206 ], [ -122.390452, 37.777175 ], [ -122.391495, 37.778011 ], [ -122.389272, 37.779768 ], [ -122.387593, 37.778437 ] ] ] } },
{ "type": "Feature", "properties": { "land_id": "742", "land_name": "DE YOUNG MEMORIAL MUSEUM", "category": "Other", "department_name": "Fine Arts Museums" }, "geometry": { "type": "Polygon", "coordinates": [ [ [ -122.467902, 37.771535 ], [ -122.468843, 37.770824 ], [ -122.469792, 37.771625 ], [ -122.469252, 37.772008 ], [ -122.4691, 37.771899 ], [ -122.468606, 37.772204 ], [ -122.467902, 37.771535 ] ] ] } },
{ "type": "Feature", "properties": { "land_id": "582", "land_name": "FIRE STATION #20", "category": "Fire", "department_name": "Fire Department" }, "geometry": { "type": "Polygon", "coordinates": [ [ [ -122.456168, 37.751311 ], [ -122.45594, 37.751292 ], [ -122.455965, 37.750936 ], [ -122.456456, 37.75096 ], [ -122.456443, 37.751202 ], [ -122.456263, 37.751262 ], [ -122.456168, 37.751311 ] ] ] } },
{ "type": "Feature", "properties": { "land_id": "579", "land_name": "GREAT HIGHWAY", "category": "Recreation & Park", "department_name": "Recreation and Parks" }, "geometry": { "type": "Polygon", "coordinates": [ [ [ -122.509909, 37.763917 ], [ -122.509651, 37.761731 ], [ -122.509396, 37.76 ], [ -122.509393, 37.759865 ], [ -122.508901, 37.755829 ], [ -122.508115, 37.749874 ], [ -122.508012, 37.749214 ], [ -122.507843, 37.747853 ], [ -122.507511, 37.745482 ], [ -122.507317, 37.743817 ], [ -122.506209, 37.735666 ], [ -122.506386, 37.735616 ], [ -122.5066, 37.73566 ], [ -122.506688, 37.736549 ], [ -122.506959, 37.738557 ], [ -122.50711, 37.739898 ], [ -122.50738, 37.741899 ], [ -122.507409, 37.742006 ], [ -122.507643, 37.743906 ], [ -122.507854, 37.745429 ], [ -122.507897, 37.745921 ], [ -122.508151, 37.747922 ], [ -122.509357, 37.75713 ], [ -122.509553, 37.758736 ], [ -122.509776, 37.760307 ], [ -122.509904, 37.761519 ], [ -122.510196, 37.76386 ], [ -122.510154, 37.763909 ], [ -122.509909, 37.763917 ] ] ] } },
{ "type": "Feature", "properties": { "land_id": "591", "land_name": "RIDGETOP PLAZA", "category": "Recreation & Park", "department_name": "Recreation and Parks" }, "geometry": { "type": "Polygon", "coordinates": [ [ [ -122.383393, 37.734281 ], [ -122.383255, 37.733851 ], [ -122.383119, 37.733875 ], [ -122.383063, 37.733705 ], [ -122.383421, 37.733626 ], [ -122.383331, 37.733333 ], [ -122.383372, 37.733324 ], [ -122.383563, 37.733841 ], [ -122.383964, 37.733744 ], [ -122.38398, 37.73378 ], [ -122.383737, 37.734034 ], [ -122.383789, 37.734196 ], [ -122.383393, 37.734281 ] ] ] } },
{ "type": "Feature", "properties": { "land_id": "77", "land_name": "SOUTH SUNSET PLAYGROUND", "category": "Recreation & Park", "department_name": "Recreation and Parks" }, "geometry": { "type": "Polygon", "coordinates": [ [ [ -122.499022, 37.738174 ], [ -122.498041, 37.738217 ], [ -122.497927, 37.73657 ], [ -122.498835, 37.73653 ], [ -122.498913, 37.737635 ], [ -122.498984, 37.737632 ], [ -122.499022, 37.738174 ] ] ] } },
{ "type": "Feature", "properties": { "land_id": "766", "land_name": "OPEN SPACE (EDGEHILL WAY)", "category": "Recreation & Park", "department_name": "Recreation and Parks" }, "geometry": { "type": "Polygon", "coordinates": [ [ [ -122.45936, 37.741795 ], [ -122.459393, 37.741807 ], [ -122.459567, 37.741986 ], [ -122.460164, 37.742271 ], [ -122.460198, 37.742309 ], [ -122.459896, 37.742592 ], [ -122.459666, 37.742519 ], [ -122.459309, 37.742433 ], [ -122.459145, 37.742372 ], [ -122.459315, 37.741805 ], [ -122.45936, 37.741795 ] ] ] } },
{ "type": "Feature", "properties": { "land_id": "613", "land_name": "MCKINLEY SQUARE", "category": "Recreation & Park", "department_name": "Recreation and Parks" }, "geometry": { "type": "MultiPolygon", "coordinates": [ [ [ [ -122.405429, 37.759566 ], [ -122.405456, 37.75984 ], [ -122.405531, 37.75997 ], [ -122.405158, 37.759993 ], [ -122.405119, 37.759585 ], [ -122.405429, 37.759566 ] ] ], [ [ [ -122.404249, 37.758356 ], [ -122.405108, 37.758977 ], [ -122.405383, 37.759387 ], [ -122.404138, 37.759461 ], [ -122.404034, 37.758369 ], [ -122.404249, 37.758356 ] ] ] ] } },
{ "type": "Feature", "properties": { "land_id": "772", "land_name": "SLOAT BLVD 35' STRIP", "category": "Public Works", "department_name": "Public Works" }, "geometry": { "type": "Polygon", "coordinates": [ [ [ -122.474922, 37.73465 ], [ -122.474415, 37.734665 ], [ -122.474284, 37.734699 ], [ -122.471759, 37.734773 ], [ -122.471742, 37.734751 ], [ -122.471782, 37.734741 ], [ -122.472632, 37.734727 ], [ -122.472675, 37.73471 ], [ -122.472931, 37.734703 ], [ -122.473126, 37.73468 ], [ -122.473201, 37.734644 ], [ -122.474913, 37.7346 ], [ -122.474922, 37.73465 ] ] ] } },
{ "type": "Feature", "properties": { "land_id": "774", "land_name": "OPEN SPACE (15TH AVE & KIRKHAM ST)", "category": "Recreation & Park", "department_name": "Recreation and Parks" }, "geometry": { "type": "MultiPolygon", "coordinates": [ [ [ [ -122.4724, 37.759557 ], [ -122.472749, 37.759542 ], [ -122.472756, 37.759632 ], [ -122.472406, 37.759647 ], [ -122.4724, 37.759557 ] ] ], [ [ [ -122.471839, 37.75949 ], [ -122.472255, 37.759471 ], [ -122.472268, 37.759652 ], [ -122.471856, 37.759671 ], [ -122.471839, 37.75949 ] ] ] ] } },
{ "type": "Feature", "properties": { "land_id": "773", "land_name": "HICKORY STREET VACATION - Ord. 42-99 and 80-97", "category": "Public Works", "department_name": "Public Works" }, "geometry": { "type": "Polygon", "coordinates": [ [ [ -122.428678, 37.774676 ], [ -122.428866, 37.774652 ], [ -122.428868, 37.774667 ], [ -122.428682, 37.77469 ], [ -122.428678, 37.774676 ] ] ] } },
{ "type": "Feature", "properties": { "land_id": "58", "land_name": "MISSION DOLORES PARK", "category": "Recreation & Park", "department_name": "Recreation and Parks" }, "geometry": { "type": "MultiPolygon", "coordinates": [ [ [ [ -122.428068, 37.759788 ], [ -122.428203, 37.76121 ], [ -122.426275, 37.761327 ], [ -122.426139, 37.759905 ], [ -122.428068, 37.759788 ] ] ], [ [ [ -122.427916, 37.758185 ], [ -122.428052, 37.759613 ], [ -122.426119, 37.759729 ], [ -122.425982, 37.758302 ], [ -122.427916, 37.758185 ] ] ] ] } },
{ "type": "Feature", "properties": { "land_id": "226", "land_name": "SAN BRUNO AVE REMAINDER", "category": "Public Works", "department_name": "Public Works" }, "geometry": { "type": "Polygon", "coordinates": [ [ [ -122.405642, 37.763401 ], [ -122.405596, 37.763444 ], [ -122.405513, 37.763658 ], [ -122.40549, 37.76341 ], [ -122.405642, 37.763401 ] ] ] } },
{ "type": "Feature", "properties": { "land_id": "218", "land_name": "DWIGHT ST PARCEL", "category": "Public Works", "department_name": "Public Works" }, "geometry": { "type": "Polygon", "coordinates": [ [ [ -122.410823, 37.721378 ], [ -122.410855, 37.721369 ], [ -122.410964, 37.721635 ], [ -122.410931, 37.721643 ], [ -122.410823, 37.721378 ] ] ] } },
{ "type": "Feature", "properties": { "land_id": "75", "land_name": "VACATED STREET", "category": "Port", "department_name": "Port" }, "geometry": { "type": "Polygon", "coordinates": [ [ [ -122.388497, 37.782379 ], [ -122.389015, 37.78279 ], [ -122.388991, 37.782809 ], [ -122.38895, 37.782789 ], [ -122.388899, 37.782785 ], [ -122.388838, 37.782809 ], [ -122.388807, 37.782858 ], [ -122.388838, 37.782931 ], [ -122.388813, 37.78295 ], [ -122.388474, 37.782681 ], [ -122.388497, 37.782379 ] ] ] } },
{ "type": "Feature", "properties": { "land_id": "592", "land_name": "EARL P MILLS COMMUNITY CENTER", "category": "Other", "department_name": "Human Services Agency" }, "geometry": { "type": "Polygon", "coordinates": [ [ [ -122.384563, 37.733697 ], [ -122.384724, 37.734166 ], [ -122.384347, 37.734247 ], [ -122.384375, 37.734336 ], [ -122.384076, 37.734398 ], [ -122.38408, 37.734422 ], [ -122.384016, 37.734462 ], [ -122.383992, 37.734444 ], [ -122.384, 37.734413 ], [ -122.383869, 37.734354 ], [ -122.383855, 37.734369 ], [ -122.383825, 37.734367 ], [ -122.383799, 37.734323 ], [ -122.383725, 37.734296 ], [ -122.383682, 37.734303 ], [ -122.383645, 37.734268 ], [ -122.383568, 37.734274 ], [ -122.38353, 37.734298 ], [ -122.383403, 37.734329 ], [ -122.383391, 37.73428 ], [ -122.383789, 37.734196 ], [ -122.383737, 37.734034 ], [ -122.38398, 37.73378 ], [ -122.383964, 37.733744 ], [ -122.384221, 37.733679 ], [ -122.384247, 37.733767 ], [ -122.384563, 37.733697 ] ] ] } },
{ "type": "Feature", "properties": { "land_id": "610", "land_name": "FORMER SEA WALL #21", "category": "Port", "department_name": "Port" }, "geometry": { "type": "Polygon", "coordinates": [ [ [ -122.388767, 37.784305 ], [ -122.388458, 37.784551 ], [ -122.388393, 37.784554 ], [ -122.388355, 37.784539 ], [ -122.388335, 37.784498 ], [ -122.388373, 37.783993 ], [ -122.388767, 37.784305 ] ] ] } },
{ "type": "Feature", "properties": { "land_id": "578", "land_name": "SEAL ROCKS", "category": "Recreation & Park", "department_name": "Recreation and Parks" }, "geometry": { "type": "Polygon", "coordinates": [ [ [ -122.515991, 37.778862 ], [ -122.515838, 37.778676 ], [ -122.515854, 37.778543 ], [ -122.515536, 37.778196 ], [ -122.515705, 37.77805 ], [ -122.516348, 37.778049 ], [ -122.516903, 37.778351 ], [ -122.516854, 37.778449 ], [ -122.516688, 37.778498 ], [ -122.516662, 37.778697 ], [ -122.51649, 37.778772 ], [ -122.516259, 37.778801 ], [ -122.516181, 37.778767 ], [ -122.515991, 37.778862 ] ] ] } },
{ "type": "Feature", "properties": { "land_id": "784", "land_name": "KITE HILL OPEN SPACE", "category": "Recreation & Park", "department_name": "Recreation and Parks" }, "geometry": { "type": "Polygon", "coordinates": [ [ [ -122.44174, 37.758899 ], [ -122.441722, 37.758713 ], [ -122.441204, 37.758744 ], [ -122.441193, 37.758629 ], [ -122.441012, 37.75864 ], [ -122.440973, 37.758247 ], [ -122.440918, 37.758205 ], [ -122.441223, 37.758187 ], [ -122.441124, 37.758029 ], [ -122.441227, 37.75795 ], [ -122.441284, 37.757947 ], [ -122.441331, 37.757923 ], [ -122.441359, 37.757883 ], [ -122.441358, 37.757836 ], [ -122.441458, 37.757847 ], [ -122.441534, 37.758117 ], [ -122.441523, 37.75815 ], [ -122.441487, 37.758171 ], [ -122.441706, 37.758158 ], [ -122.44161, 37.757822 ], [ -122.441639, 37.75756 ], [ -122.441673, 37.757468 ], [ -122.442172, 37.757821 ], [ -122.442123, 37.758508 ], [ -122.442062, 37.758835 ], [ -122.442014, 37.758882 ], [ -122.44174, 37.758899 ] ] ] } },
{ "type": "Feature", "properties": { "land_id": "786", "land_name": "EMBARCADERO STREET(VACATED)", "category": "Port", "department_name": "Port" }, "geometry": { "type": "Polygon", "coordinates": [ [ [ -122.392844, 37.793658 ], [ -122.393227, 37.793963 ], [ -122.393187, 37.793995 ], [ -122.393318, 37.7941 ], [ -122.393276, 37.794134 ], [ -122.392761, 37.793724 ], [ -122.392844, 37.793658 ] ] ] } },
{ "type": "Feature", "properties": { "land_id": "252", "land_name": "SLOPE PROTECTION AT SAN JOSE", "category": "Public Works", "department_name": "Public Works" }, "geometry": { "type": "MultiPolygon", "coordinates": [ [ [ [ -122.429347, 37.734794 ], [ -122.429056, 37.734984 ], [ -122.429024, 37.734952 ], [ -122.428693, 37.735141 ], [ -122.428672, 37.73512 ], [ -122.429309, 37.734757 ], [ -122.429347, 37.734794 ] ] ], [ [ [ -122.428186, 37.735514 ], [ -122.428072, 37.73562 ], [ -122.427997, 37.735547 ], [ -122.428604, 37.735161 ], [ -122.428635, 37.73519 ], [ -122.428574, 37.73524 ], [ -122.42862, 37.735285 ], [ -122.428219, 37.735545 ], [ -122.428186, 37.735514 ] ] ] ] } },
{ "type": "Feature", "properties": { "land_id": "805", "land_name": "555 7TH ST OFFICE BUILDING", "category": "Real Estate", "department_name": "GSA - Real Estate Division" }, "geometry": { "type": "Polygon", "coordinates": [ [ [ -122.404182, 37.773987 ], [ -122.40379, 37.774298 ], [ -122.403546, 37.774103 ], [ -122.40373, 37.773957 ], [ -122.403632, 37.77386 ], [ -122.403828, 37.773705 ], [ -122.404182, 37.773987 ] ] ] } },
{ "type": "Feature", "properties": { "land_id": "68", "land_name": "TANK HILL OPEN SPACE", "category": "Recreation & Park", "department_name": "Recreation and Parks" }, "geometry": { "type": "Polygon", "coordinates": [ [ [ -122.447213, 37.759794 ], [ -122.447343, 37.759577 ], [ -122.44755, 37.759388 ], [ -122.447814, 37.759252 ], [ -122.448119, 37.759178 ], [ -122.448173, 37.76 ], [ -122.448326, 37.759991 ], [ -122.448353, 37.760175 ], [ -122.448274, 37.760259 ], [ -122.447989, 37.76046 ], [ -122.446917, 37.760526 ], [ -122.447015, 37.760331 ], [ -122.447213, 37.759794 ] ] ] } },
{ "type": "Feature", "properties": { "land_id": "328", "land_name": "FIRE STATION #3", "category": "Fire", "department_name": "Fire Department" }, "geometry": { "type": "Polygon", "coordinates": [ [ [ -122.419341, 37.786469 ], [ -122.419406, 37.7868 ], [ -122.419301, 37.786813 ], [ -122.419236, 37.786482 ], [ -122.419341, 37.786469 ] ] ] } },
{ "type": "Feature", "properties": { "land_id": "616", "land_name": "POTRERO DEL SOL PARK OPEN SPACE(KNUDSEN DAIRY SITE)", "category": "Recreation & Park", "department_name": "Recreation and Parks" }, "geometry": { "type": "Polygon", "coordinates": [ [ [ -122.40474, 37.749786 ], [ -122.405243, 37.749623 ], [ -122.405967, 37.751002 ], [ -122.405989, 37.751231 ], [ -122.405297, 37.751273 ], [ -122.405221, 37.751144 ], [ -122.404319, 37.751199 ], [ -122.404231, 37.750277 ], [ -122.404567, 37.750257 ], [ -122.404582, 37.750269 ], [ -122.404929, 37.750145 ], [ -122.40474, 37.749786 ] ] ] } },
{ "type": "Feature", "properties": { "land_id": "601", "land_name": "MARGARET S HAYWARD PLAYGROUND", "category": "Recreation & Park", "department_name": "Recreation and Parks" }, "geometry": { "type": "Polygon", "coordinates": [ [ [ -122.426917, 37.780301 ], [ -122.427068, 37.781047 ], [ -122.426227, 37.781154 ], [ -122.426163, 37.780842 ], [ -122.425381, 37.780934 ], [ -122.425447, 37.781254 ], [ -122.424018, 37.781436 ], [ -122.423867, 37.78069 ], [ -122.426917, 37.780301 ] ] ] } },
{ "type": "Feature", "properties": { "land_id": "237", "land_name": "ACCESS TO PALACE OF FINE ARTS", "category": "Public Works", "department_name": "Public Works" }, "geometry": { "type": "Polygon", "coordinates": [ [ [ -122.447643, 37.804243 ], [ -122.448057, 37.804191 ], [ -122.448067, 37.804256 ], [ -122.447656, 37.804308 ], [ -122.447643, 37.804243 ] ] ] } },
{ "type": "Feature", "properties": { "land_id": "169", "land_name": "16TH - HOFF PARKING GARAGE", "category": "Real Estate", "department_name": "GSA - Real Estate Division" }, "geometry": { "type": "Polygon", "coordinates": [ [ [ -122.420586, 37.764202 ], [ -122.421117, 37.76417 ], [ -122.421152, 37.764531 ], [ -122.420938, 37.764544 ], [ -122.420937, 37.764525 ], [ -122.420617, 37.764544 ], [ -122.420586, 37.764202 ] ] ] } },
{ "type": "Feature", "properties": { "land_id": "887", "land_name": "SUNSET ELEMENTARY SCHOOL", "category": "Unified School District", "department_name": "School District (SFUSD)" }, "geometry": { "type": "Polygon", "coordinates": [ [ [ -122.498487, 37.751288 ], [ -122.498374, 37.749665 ], [ -122.499258, 37.749626 ], [ -122.499287, 37.750037 ], [ -122.499701, 37.750019 ], [ -122.499786, 37.751231 ], [ -122.498487, 37.751288 ] ] ] } },
{ "type": "Feature", "properties": { "land_id": "143", "land_name": "RINCON PARK", "category": "Port", "department_name": "Port" }, "geometry": { "type": "Polygon", "coordinates": [ [ [ -122.38976, 37.791197 ], [ -122.390267, 37.791602 ], [ -122.390467, 37.792034 ], [ -122.390679, 37.792367 ], [ -122.390666, 37.792377 ], [ -122.389227, 37.79116 ], [ -122.389144, 37.791046 ], [ -122.388664, 37.790158 ], [ -122.388791, 37.790114 ], [ -122.389308, 37.790571 ], [ -122.389558, 37.791037 ], [ -122.389721, 37.790909 ], [ -122.389773, 37.790955 ], [ -122.389904, 37.791083 ], [ -122.38976, 37.791197 ] ] ] } },
{ "type": "Feature", "properties": { "land_id": "188", "land_name": "YOUNG COMMUNITY DEVELOPERS", "category": "Other", "department_name": "Mayor" }, "geometry": { "type": "Polygon", "coordinates": [ [ [ -122.394126, 37.727768 ], [ -122.394196, 37.727807 ], [ -122.393995, 37.728031 ], [ -122.393925, 37.727991 ], [ -122.394126, 37.727768 ] ] ] } },
{ "type": "Feature", "properties": { "land_id": "191", "land_name": "SOJOURNER TRUTH CHILD CTR", "category": "Other", "department_name": "Human Services Agency" }, "geometry": { "type": "Polygon", "coordinates": [ [ [ -122.381422, 37.735366 ], [ -122.381651, 37.735249 ], [ -122.381726, 37.735376 ], [ -122.382011, 37.735532 ], [ -122.381969, 37.735569 ], [ -122.381949, 37.735615 ], [ -122.381953, 37.735665 ], [ -122.38198, 37.735708 ], [ -122.381759, 37.735896 ], [ -122.381246, 37.735599 ], [ -122.381335, 37.735344 ], [ -122.381363, 37.735317 ], [ -122.381422, 37.735366 ] ] ] } },
{ "type": "Feature", "properties": { "land_id": "182", "land_name": "DPW CORPORATION YARD", "category": "Public Works", "department_name": "Public Works" }, "geometry": { "type": "Polygon", "coordinates": [ [ [ -122.401811, 37.748141 ], [ -122.401915, 37.749302 ], [ -122.397695, 37.749557 ], [ -122.397672, 37.74923 ], [ -122.399968, 37.74789 ], [ -122.399994, 37.748247 ], [ -122.401811, 37.748141 ] ] ] } },
{ "type": "Feature", "properties": { "land_id": "965", "land_name": "CANDLESTICK POINT REDEVELOPMENT AREA", "category": "OCII - Former SFRA", "department_name": "Community Investment and Infrastructure" }, "geometry": { "type": "Polygon", "coordinates": [ [ [ -122.383443, 37.720163 ], [ -122.376121, 37.716006 ], [ -122.377245, 37.714756 ], [ -122.377065, 37.714654 ], [ -122.378593, 37.712956 ], [ -122.378773, 37.713058 ], [ -122.380059, 37.711628 ], [ -122.379879, 37.711526 ], [ -122.380442, 37.710901 ], [ -122.376887, 37.708882 ], [ -122.377283, 37.708442 ], [ -122.377774, 37.708441 ], [ -122.379137, 37.709215 ], [ -122.379838, 37.708436 ], [ -122.381462, 37.708432 ], [ -122.38147, 37.709273 ], [ -122.383595, 37.70926 ], [ -122.384049, 37.70932 ], [ -122.384481, 37.709446 ], [ -122.384816, 37.7096 ], [ -122.385116, 37.709793 ], [ -122.38743, 37.711784 ], [ -122.3877, 37.711611 ], [ -122.389382, 37.713026 ], [ -122.387884, 37.713464 ], [ -122.387814, 37.713197 ], [ -122.387705, 37.712645 ], [ -122.387641, 37.712482 ], [ -122.38755, 37.712333 ], [ -122.38738, 37.712145 ], [ -122.386453, 37.711349 ], [ -122.38641, 37.71137 ], [ -122.38636, 37.711348 ], [ -122.38621, 37.711417 ], [ -122.386037, 37.711525 ], [ -122.385079, 37.712233 ], [ -122.384847, 37.712426 ], [ -122.384561, 37.712463 ], [ -122.383259, 37.713424 ], [ -122.383575, 37.713643 ], [ -122.383752, 37.713727 ], [ -122.387255, 37.715715 ], [ -122.387105, 37.715883 ], [ -122.383537, 37.713857 ], [ -122.382608, 37.714889 ], [ -122.386925, 37.71734 ], [ -122.386885, 37.717384 ], [ -122.381517, 37.714337 ], [ -122.38152, 37.714602 ], [ -122.382368, 37.715086 ], [ -122.381258, 37.716329 ], [ -122.384607, 37.71823 ], [ -122.384613, 37.718329 ], [ -122.384693, 37.718378 ], [ -122.384731, 37.718434 ], [ -122.384735, 37.718491 ], [ -122.384709, 37.718544 ], [ -122.38441, 37.718875 ], [ -122.384346, 37.718838 ], [ -122.384233, 37.718963 ], [ -122.384298, 37.719 ], [ -122.383908, 37.719433 ], [ -122.383843, 37.719397 ], [ -122.383795, 37.71945 ], [ -122.383683, 37.719615 ], [ -122.38385, 37.71971 ], [ -122.383443, 37.720163 ] ], [ [ -122.381509, 37.713397 ], [ -122.381504, 37.712864 ], [ -122.381504, 37.712857 ], [ -122.381184, 37.713212 ], [ -122.381509, 37.713397 ] ], [ [ -122.382342, 37.713931 ], [ -122.382985, 37.713453 ], [ -122.382337, 37.712905 ], [ -122.382342, 37.713931 ] ], [ [ -122.382369, 37.714738 ], [ -122.382506, 37.714831 ], [ -122.383441, 37.713791 ], [ -122.383102, 37.713556 ], [ -122.382343, 37.714121 ], [ -122.382347, 37.714682 ], [ -122.382369, 37.714738 ] ], [ [ -122.382336, 37.712638 ], [ -122.383142, 37.713322 ], [ -122.386153, 37.71109 ], [ -122.385497, 37.710526 ], [ -122.384819, 37.710089 ], [ -122.384488, 37.709937 ], [ -122.384232, 37.709866 ], [ -122.383966, 37.709826 ], [ -122.382659, 37.709735 ], [ -122.382339, 37.709755 ], [ -122.382336, 37.712638 ] ] ] } },
{ "type": "Feature", "properties": { "land_id": "1279", "land_name": "OCII Parcels - Block 4591C", "category": "OCII - Former SFRA", "department_name": "Community Investment and Infrastructure" }, "geometry": { "type": "MultiPolygon", "coordinates": [ [ [ [ -122.368855, 37.728924 ], [ -122.369293, 37.728437 ], [ -122.369548, 37.728581 ], [ -122.369109, 37.729068 ], [ -122.368855, 37.728924 ] ] ], [ [ [ -122.3699, 37.72764 ], [ -122.370347, 37.727144 ], [ -122.370675, 37.72733 ], [ -122.370228, 37.727826 ], [ -122.3699, 37.72764 ] ] ], [ [ [ -122.369069, 37.730181 ], [ -122.366588, 37.728773 ], [ -122.365341, 37.72873 ], [ -122.364138, 37.728063 ], [ -122.365834, 37.726179 ], [ -122.36595, 37.7261 ], [ -122.366136, 37.726043 ], [ -122.366261, 37.725917 ], [ -122.367126, 37.725716 ], [ -122.367861, 37.726266 ], [ -122.368046, 37.726369 ], [ -122.368247, 37.726394 ], [ -122.369525, 37.726131 ], [ -122.369523, 37.72611 ], [ -122.370482, 37.725887 ], [ -122.370208, 37.725148 ], [ -122.37059, 37.725059 ], [ -122.372627, 37.725801 ], [ -122.372375, 37.726238 ], [ -122.370585, 37.728228 ], [ -122.37072, 37.728302 ], [ -122.370304, 37.728766 ], [ -122.372092, 37.729783 ], [ -122.372011, 37.729872 ], [ -122.371931, 37.729827 ], [ -122.371852, 37.729914 ], [ -122.371049, 37.729458 ], [ -122.370997, 37.729405 ], [ -122.370224, 37.728967 ], [ -122.37019, 37.72896 ], [ -122.370153, 37.728977 ], [ -122.369069, 37.730181 ] ], [ [ -122.368186, 37.727939 ], [ -122.367077, 37.727299 ], [ -122.366878, 37.72752 ], [ -122.36744, 37.727839 ], [ -122.3674, 37.727884 ], [ -122.36749, 37.727935 ], [ -122.367307, 37.728138 ], [ -122.367791, 37.728413 ], [ -122.36818, 37.727981 ], [ -122.368186, 37.727939 ] ], [ [ -122.369442, 37.72946 ], [ -122.369157, 37.729298 ], [ -122.369278, 37.729164 ], [ -122.369562, 37.729326 ], [ -122.37, 37.728839 ], [ -122.369717, 37.728677 ], [ -122.369837, 37.728543 ], [ -122.370121, 37.728705 ], [ -122.370561, 37.728219 ], [ -122.370276, 37.728056 ], [ -122.370397, 37.727922 ], [ -122.370682, 37.728084 ], [ -122.371432, 37.727253 ], [ -122.371104, 37.727067 ], [ -122.370923, 37.727268 ], [ -122.370822, 37.72721 ], [ -122.371003, 37.727009 ], [ -122.370492, 37.726719 ], [ -122.370311, 37.72692 ], [ -122.370152, 37.726831 ], [ -122.370316, 37.726621 ], [ -122.370169, 37.726564 ], [ -122.370011, 37.726531 ], [ -122.369821, 37.726526 ], [ -122.369527, 37.726562 ], [ -122.369578, 37.726806 ], [ -122.369464, 37.726821 ], [ -122.369413, 37.726577 ], [ -122.369191, 37.726619 ], [ -122.368999, 37.726702 ], [ -122.368865, 37.7268 ], [ -122.368708, 37.72697 ], [ -122.368961, 37.727114 ], [ -122.368901, 37.727181 ], [ -122.368327, 37.726855 ], [ -122.368104, 37.727102 ], [ -122.367542, 37.726783 ], [ -122.367342, 37.727004 ], [ -122.368017, 37.727387 ], [ -122.368371, 37.726994 ], [ -122.368832, 37.727256 ], [ -122.368513, 37.727611 ], [ -122.368681, 37.727707 ], [ -122.367712, 37.728781 ], [ -122.368176, 37.729045 ], [ -122.368357, 37.728844 ], [ -122.368378, 37.728856 ], [ -122.368503, 37.728927 ], [ -122.368322, 37.729128 ], [ -122.368833, 37.729418 ], [ -122.369014, 37.729217 ], [ -122.369149, 37.729293 ], [ -122.368968, 37.729494 ], [ -122.369261, 37.729661 ], [ -122.369442, 37.72946 ] ] ] ] } },
{ "type": "Feature", "properties": { "land_id": "187", "land_name": "GASOLINE SERVICE STATION", "category": "Other", "department_name": "GSA - Office of Contract Administration" }, "geometry": { "type": "Polygon", "coordinates": [ [ [ -122.406146, 37.773571 ], [ -122.406049, 37.7737 ], [ -122.405799, 37.773889 ], [ -122.405625, 37.773749 ], [ -122.406207, 37.773289 ], [ -122.406268, 37.773338 ], [ -122.406146, 37.773571 ] ] ] } },
{ "type": "Feature", "properties": { "land_id": "625", "land_name": "SLOPE PROTECTION AT BOSWORTH", "category": "Public Works", "department_name": "Public Works" }, "geometry": { "type": "MultiPolygon", "coordinates": [ [ [ [ -122.442411, 37.736078 ], [ -122.441988, 37.736076 ], [ -122.442417, 37.735957 ], [ -122.442411, 37.736078 ] ] ], [ [ [ -122.442423, 37.736415 ], [ -122.442421, 37.736317 ], [ -122.443403, 37.736215 ], [ -122.443342, 37.735726 ], [ -122.443461, 37.735742 ], [ -122.443573, 37.735784 ], [ -122.443661, 37.735845 ], [ -122.44373, 37.735927 ], [ -122.44376, 37.736 ], [ -122.443771, 37.736087 ], [ -122.443726, 37.736279 ], [ -122.443645, 37.736373 ], [ -122.443438, 37.736501 ], [ -122.443415, 37.736313 ], [ -122.442423, 37.736415 ] ] ], [ [ [ -122.441616, 37.736869 ], [ -122.442426, 37.73687 ], [ -122.442437, 37.737146 ], [ -122.44236, 37.737245 ], [ -122.442301, 37.737355 ], [ -122.442252, 37.737577 ], [ -122.44226, 37.737696 ], [ -122.442449, 37.738221 ], [ -122.442486, 37.73845 ], [ -122.442466, 37.738659 ], [ -122.442351, 37.739182 ], [ -122.442342, 37.739312 ], [ -122.442398, 37.739511 ], [ -122.44255, 37.739706 ], [ -122.44268, 37.740443 ], [ -122.441646, 37.740466 ], [ -122.441117, 37.738844 ], [ -122.441314, 37.738515 ], [ -122.441616, 37.736869 ] ] ] ] } },
{ "type": "Feature", "properties": { "land_id": "667", "land_name": "PORTSMOUTH SQUARE", "category": "Recreation & Park", "department_name": "Recreation and Parks" }, "geometry": { "type": "Polygon", "coordinates": [ [ [ -122.405628, 37.794417 ], [ -122.405771, 37.795165 ], [ -122.405073, 37.795253 ], [ -122.40493, 37.794506 ], [ -122.405628, 37.794417 ] ] ] } },
{ "type": "Feature", "properties": { "land_id": "168", "land_name": "MISSION-BARTLETT PARKING PLAZA", "category": "Real Estate", "department_name": "GSA - Real Estate Division" }, "geometry": { "type": "Polygon", "coordinates": [ [ [ -122.42044, 37.75584 ], [ -122.420522, 37.756603 ], [ -122.420558, 37.7566 ], [ -122.420582, 37.756846 ], [ -122.420106, 37.756875 ], [ -122.41997, 37.755452 ], [ -122.420401, 37.755426 ], [ -122.420433, 37.755757 ], [ -122.420388, 37.75576 ], [ -122.420396, 37.755842 ], [ -122.42044, 37.75584 ] ] ] } },
{ "type": "Feature", "properties": { "land_id": "631", "land_name": "CITY-OWNED PARCEL (2647048)", "category": "Real Estate", "department_name": "GSA - Real Estate Division" }, "geometry": { "type": "Polygon", "coordinates": [ [ [ -122.435897, 37.76207 ], [ -122.436126, 37.762001 ], [ -122.436131, 37.762056 ], [ -122.435897, 37.76207 ] ] ] } },
{ "type": "Feature", "properties": { "land_id": "633", "land_name": "CITY-OWNED PARCEL (2657020)", "category": "Real Estate", "department_name": "GSA - Real Estate Division" }, "geometry": { "type": "Polygon", "coordinates": [ [ [ -122.440645, 37.761179 ], [ -122.440828, 37.761178 ], [ -122.440646, 37.761189 ], [ -122.440645, 37.761179 ] ] ] } },
{ "type": "Feature", "properties": { "land_id": "295", "land_name": "SLOPE PROTECTION AT MARIETTA", "category": "Public Works", "department_name": "Public Works" }, "geometry": { "type": "Polygon", "coordinates": [ [ [ -122.446501, 37.740714 ], [ -122.446367, 37.740939 ], [ -122.446257, 37.740956 ], [ -122.446042, 37.740837 ], [ -122.4458, 37.740768 ], [ -122.445958, 37.740521 ], [ -122.446501, 37.740714 ] ] ] } },
{ "type": "Feature", "properties": { "land_id": "247", "land_name": "UNDEDICATED ST (LA GRANDE & MANSFIELD)", "category": "Public Works", "department_name": "Public Works" }, "geometry": { "type": "Polygon", "coordinates": [ [ [ -122.424004, 37.72373 ], [ -122.423971, 37.723815 ], [ -122.423942, 37.723745 ], [ -122.424004, 37.72373 ] ] ] } },
{ "type": "Feature", "properties": { "land_id": "806", "land_name": "ESPRIT PARK", "category": "Recreation & Park", "department_name": "Recreation and Parks" }, "geometry": { "type": "Polygon", "coordinates": [ [ [ -122.391285, 37.760418 ], [ -122.391391, 37.761512 ], [ -122.390703, 37.761554 ], [ -122.390596, 37.76046 ], [ -122.391285, 37.760418 ] ] ] } },
{ "type": "Feature", "properties": { "land_id": "643", "land_name": "STANFORD HTS PLAYGROUND", "category": "Recreation & Park", "department_name": "Recreation and Parks" }, "geometry": { "type": "Polygon", "coordinates": [ [ [ -122.451019, 37.741294 ], [ -122.451075, 37.741271 ], [ -122.451529, 37.741382 ], [ -122.451959, 37.74143 ], [ -122.452249, 37.741432 ], [ -122.452985, 37.741389 ], [ -122.453041, 37.742013 ], [ -122.450776, 37.742141 ], [ -122.450746, 37.742108 ], [ -122.450735, 37.741792 ], [ -122.451019, 37.741294 ] ] ] } },
{ "type": "Feature", "properties": { "land_id": "651", "land_name": "CITY-OWNED PARCEL (6163038)", "category": "Real Estate", "department_name": "GSA - Real Estate Division" }, "geometry": { "type": "Polygon", "coordinates": [ [ [ -122.407416, 37.719686 ], [ -122.407024, 37.719789 ], [ -122.407024, 37.719788 ], [ -122.407416, 37.719686 ] ] ] } },
{ "type": "Feature", "properties": { "land_id": "659", "land_name": "NORTH MISSION OPEN SPACE", "category": "Recreation & Park", "department_name": "Recreation and Parks" }, "geometry": { "type": "Polygon", "coordinates": [ [ [ -122.42012, 37.763999 ], [ -122.42041, 37.763981 ], [ -122.42044, 37.76431 ], [ -122.42015, 37.764328 ], [ -122.42012, 37.763999 ] ] ] } },
{ "type": "Feature", "properties": { "land_id": "203", "land_name": "WEST PORTAL BRANCH", "category": "Public Library", "department_name": "Public Library" }, "geometry": { "type": "Polygon", "coordinates": [ [ [ -122.465925, 37.741407 ], [ -122.466119, 37.741189 ], [ -122.46616, 37.741192 ], [ -122.466362, 37.741289 ], [ -122.466201, 37.741552 ], [ -122.465925, 37.741407 ] ] ] } },
{ "type": "Feature", "properties": { "land_id": "855", "land_name": "OPEN SPACE", "category": "Recreation & Park", "department_name": "Recreation and Parks" }, "geometry": { "type": "Polygon", "coordinates": [ [ [ -122.414972, 37.744557 ], [ -122.414944, 37.744269 ], [ -122.415212, 37.744265 ], [ -122.415033, 37.744553 ], [ -122.414972, 37.744557 ] ] ] } },
{ "type": "Feature", "properties": { "land_id": "115", "land_name": "JOHN MACAULAY PARK", "category": "Recreation & Park", "department_name": "Recreation and Parks" }, "geometry": { "type": "Polygon", "coordinates": [ [ [ -122.418356, 37.78555 ], [ -122.418104, 37.785582 ], [ -122.418038, 37.78525 ], [ -122.418291, 37.785218 ], [ -122.418356, 37.78555 ] ] ] } },
{ "type": "Feature", "properties": { "land_id": "216", "land_name": "O'SHAUGHNESSY BLVD (FUTURE WIDENING)", "category": "Public Works", "department_name": "Public Works" }, "geometry": { "type": "Polygon", "coordinates": [ [ [ -122.442426, 37.736619 ], [ -122.442429, 37.736866 ], [ -122.441621, 37.736869 ], [ -122.44171, 37.736622 ], [ -122.442426, 37.736619 ] ] ] } },
{ "type": "Feature", "properties": { "land_id": "301", "land_name": "NORTH PT CROSSTOWN TRANSPORT MAIN", "category": "PUC/Wastewater", "department_name": "Public Utilities Commission" }, "geometry": { "type": "Polygon", "coordinates": [ [ [ -122.399095, 37.77031 ], [ -122.399251, 37.770295 ], [ -122.399221, 37.770483 ], [ -122.399539, 37.770737 ], [ -122.398781, 37.771335 ], [ -122.398195, 37.770868 ], [ -122.398478, 37.770645 ], [ -122.398332, 37.769985 ], [ -122.39821, 37.769888 ], [ -122.398511, 37.769845 ], [ -122.399095, 37.77031 ] ] ] } },
{ "type": "Feature", "properties": { "land_id": "514", "land_name": "Metropolitan Arts and Tech", "category": "Unified School District", "department_name": "School District (SFUSD)" }, "geometry": { "type": "Polygon", "coordinates": [ [ [ -122.383195, 37.732279 ], [ -122.382627, 37.732912 ], [ -122.381223, 37.732116 ], [ -122.381773, 37.731491 ], [ -122.381968, 37.731664 ], [ -122.382344, 37.731904 ], [ -122.382664, 37.732067 ], [ -122.383195, 37.732279 ] ] ] } },
{ "type": "Feature", "properties": { "land_id": "111", "land_name": "MINI PARK (STEINER & GOLDEN GATE)", "category": "Recreation & Park", "department_name": "Recreation and Parks" }, "geometry": { "type": "Polygon", "coordinates": [ [ [ -122.433542, 37.779685 ], [ -122.433406, 37.779703 ], [ -122.433361, 37.77948 ], [ -122.433497, 37.779463 ], [ -122.433542, 37.779685 ] ] ] } },
{ "type": "Feature", "properties": { "land_id": "222", "land_name": "SLOPE PROTECTION-BERNAL HTS BL AT POWHATTAN", "category": "Public Works", "department_name": "Public Works" }, "geometry": { "type": "Polygon", "coordinates": [ [ [ -122.410969, 37.741594 ], [ -122.41114, 37.74155 ], [ -122.411287, 37.741467 ], [ -122.41127, 37.741675 ], [ -122.411029, 37.741662 ], [ -122.411023, 37.741731 ], [ -122.410774, 37.741718 ], [ -122.410782, 37.741615 ], [ -122.410969, 37.741594 ] ] ] } },
{ "type": "Feature", "properties": { "land_id": "817", "land_name": "1650 MISSION ST", "category": "Real Estate", "department_name": "GSA - Real Estate Division" }, "geometry": { "type": "Polygon", "coordinates": [ [ [ -122.41928, 37.772113 ], [ -122.419476, 37.77175 ], [ -122.41966, 37.771353 ], [ -122.420147, 37.771504 ], [ -122.420169, 37.771749 ], [ -122.419589, 37.772208 ], [ -122.41928, 37.772113 ] ] ] } },
{ "type": "Feature", "properties": { "land_id": "793", "land_name": "The Village - 1099 Sunnydate", "category": "Other", "department_name": "San Francisco Housing Authority" }, "geometry": { "type": "Polygon", "coordinates": [ [ [ -122.412234, 37.710757 ], [ -122.412035, 37.710702 ], [ -122.412178, 37.710381 ], [ -122.412373, 37.710436 ], [ -122.412234, 37.710757 ] ] ] } },
{ "type": "Feature", "properties": { "land_id": "621", "land_name": "SLOPE PROTECTION-BERNAL HTS BL AT RUTLEDGE", "category": "Public Works", "department_name": "Public Works" }, "geometry": { "type": "MultiPolygon", "coordinates": [ [ [ [ -122.41094, 37.741458 ], [ -122.410857, 37.741466 ], [ -122.410794, 37.741474 ], [ -122.410795, 37.74145 ], [ -122.41094, 37.741458 ] ] ], [ [ [ -122.409773, 37.743126 ], [ -122.409415, 37.743127 ], [ -122.409435, 37.743098 ], [ -122.409473, 37.743086 ], [ -122.409581, 37.743117 ], [ -122.409773, 37.743126 ] ] ], [ [ [ -122.410215, 37.742484 ], [ -122.410134, 37.742545 ], [ -122.410072, 37.742606 ], [ -122.410082, 37.742479 ], [ -122.410215, 37.742484 ] ] ], [ [ [ -122.410271, 37.741762 ], [ -122.410643, 37.741643 ], [ -122.410633, 37.74178 ], [ -122.410271, 37.741762 ] ] ], [ [ [ -122.41558, 37.742078 ], [ -122.4151, 37.742103 ], [ -122.415103, 37.742074 ], [ -122.415346, 37.742083 ], [ -122.415357, 37.741948 ], [ -122.41559, 37.741958 ], [ -122.41558, 37.742078 ] ] ], [ [ [ -122.413819, 37.742349 ], [ -122.41383, 37.742224 ], [ -122.414079, 37.742235 ], [ -122.414068, 37.742372 ], [ -122.414308, 37.742382 ], [ -122.414288, 37.742404 ], [ -122.414254, 37.742411 ], [ -122.413819, 37.742349 ] ] ], [ [ [ -122.409515, 37.742935 ], [ -122.409466, 37.742869 ], [ -122.409911, 37.742885 ], [ -122.409909, 37.742919 ], [ -122.409867, 37.742956 ], [ -122.409749, 37.742993 ], [ -122.409621, 37.742985 ], [ -122.409515, 37.742935 ] ] ], [ [ [ -122.414451, 37.742333 ], [ -122.414457, 37.742252 ], [ -122.414699, 37.742262 ], [ -122.41471, 37.742125 ], [ -122.414961, 37.742136 ], [ -122.414718, 37.742279 ], [ -122.414557, 37.742353 ], [ -122.414486, 37.74237 ], [ -122.414451, 37.742333 ] ] ], [ [ [ -122.410334, 37.742359 ], [ -122.410347, 37.742187 ], [ -122.4106, 37.742199 ], [ -122.410586, 37.742371 ], [ -122.410492, 37.742385 ], [ -122.410263, 37.742377 ], [ -122.410334, 37.742359 ] ] ], [ [ [ -122.412598, 37.742184 ], [ -122.412605, 37.742094 ], [ -122.413094, 37.742118 ], [ -122.413084, 37.742244 ], [ -122.412598, 37.742184 ] ] ], [ [ [ -122.41197, 37.742272 ], [ -122.411982, 37.742126 ], [ -122.412223, 37.742137 ], [ -122.412228, 37.742074 ], [ -122.412468, 37.742086 ], [ -122.41246, 37.742195 ], [ -122.41197, 37.742272 ] ] ], [ [ [ -122.410724, 37.742364 ], [ -122.410736, 37.742206 ], [ -122.411227, 37.742231 ], [ -122.411218, 37.742339 ], [ -122.410724, 37.742364 ] ] ], [ [ [ -122.413219, 37.742263 ], [ -122.413232, 37.742104 ], [ -122.413458, 37.742116 ], [ -122.413452, 37.742185 ], [ -122.413694, 37.742197 ], [ -122.413682, 37.74233 ], [ -122.413219, 37.742263 ] ] ], [ [ [ -122.411356, 37.742332 ], [ -122.411369, 37.742164 ], [ -122.41161, 37.742176 ], [ -122.411616, 37.742108 ], [ -122.411845, 37.742119 ], [ -122.411832, 37.742293 ], [ -122.411356, 37.742332 ] ] ], [ [ [ -122.410468, 37.743658 ], [ -122.409773, 37.743126 ], [ -122.409993, 37.743132 ], [ -122.410178, 37.74317 ], [ -122.41168, 37.743703 ], [ -122.411914, 37.743723 ], [ -122.412042, 37.743707 ], [ -122.412189, 37.743668 ], [ -122.412295, 37.743669 ], [ -122.412648, 37.743795 ], [ -122.413107, 37.743843 ], [ -122.413115, 37.743926 ], [ -122.412719, 37.74395 ], [ -122.412714, 37.743895 ], [ -122.41128, 37.743981 ], [ -122.411245, 37.743612 ], [ -122.410468, 37.743658 ] ] ], [ [ [ -122.417101, 37.743187 ], [ -122.416706, 37.743798 ], [ -122.41636, 37.74366 ], [ -122.41585, 37.74445 ], [ -122.415234, 37.744231 ], [ -122.415212, 37.744265 ], [ -122.414474, 37.744298 ], [ -122.414447, 37.744013 ], [ -122.415407, 37.744265 ], [ -122.415407, 37.744164 ], [ -122.415551, 37.744176 ], [ -122.415682, 37.744128 ], [ -122.415751, 37.744057 ], [ -122.415848, 37.743853 ], [ -122.415958, 37.743729 ], [ -122.416101, 37.743628 ], [ -122.416463, 37.743449 ], [ -122.416546, 37.743375 ], [ -122.41659, 37.743264 ], [ -122.416573, 37.743104 ], [ -122.416582, 37.743008 ], [ -122.416613, 37.742915 ], [ -122.416669, 37.742827 ], [ -122.416778, 37.742875 ], [ -122.416732, 37.742939 ], [ -122.4167, 37.743028 ], [ -122.417101, 37.743187 ] ] ] ] } },
{ "type": "Feature", "properties": { "land_id": "232", "land_name": "HARNEY WAY (REMAINDER)", "category": "Public Works", "department_name": "Public Works" }, "geometry": { "type": "MultiPolygon", "coordinates": [ [ [ [ -122.393503, 37.708401 ], [ -122.393589, 37.708412 ], [ -122.393526, 37.708477 ], [ -122.393475, 37.708452 ], [ -122.393089, 37.708779 ], [ -122.393064, 37.708759 ], [ -122.393503, 37.708401 ] ] ], [ [ [ -122.393038, 37.70858 ], [ -122.392728, 37.708403 ], [ -122.393256, 37.708402 ], [ -122.393038, 37.70858 ] ] ] ] } },
{ "type": "Feature", "properties": { "land_id": "808", "land_name": "PAGE COMMUNITY GARDENS - OPEN SPACE", "category": "Recreation & Park", "department_name": "Recreation and Parks" }, "geometry": { "type": "Polygon", "coordinates": [ [ [ -122.428087, 37.773792 ], [ -122.428022, 37.773467 ], [ -122.428116, 37.773455 ], [ -122.428181, 37.77378 ], [ -122.428087, 37.773792 ] ] ] } },
{ "type": "Feature", "properties": { "land_id": "814", "land_name": "VISITACION VALLEY BRANCH LIBRARY (Future Site)", "category": "Public Library", "department_name": "Public Library" }, "geometry": { "type": "Polygon", "coordinates": [ [ [ -122.407694, 37.712246 ], [ -122.408202, 37.712401 ], [ -122.408087, 37.712661 ], [ -122.407572, 37.712521 ], [ -122.407694, 37.712246 ] ] ] } },
{ "type": "Feature", "properties": { "land_id": "815", "land_name": "INGLESIDE BRANCH LIBRARY", "category": "Public Library", "department_name": "Public Library" }, "geometry": { "type": "Polygon", "coordinates": [ [ [ -122.455916, 37.724387 ], [ -122.455914, 37.723945 ], [ -122.456412, 37.724049 ], [ -122.456364, 37.724313 ], [ -122.456019, 37.724258 ], [ -122.45602, 37.724409 ], [ -122.455916, 37.724387 ] ] ] } },
{ "type": "Feature", "properties": { "land_id": "246", "land_name": "MISSION ST PARCEL", "category": "Public Works", "department_name": "Public Works" }, "geometry": { "type": "Polygon", "coordinates": [ [ [ -122.426285, 37.733158 ], [ -122.426559, 37.733324 ], [ -122.426545, 37.733338 ], [ -122.426272, 37.733171 ], [ -122.426048, 37.732946 ], [ -122.426067, 37.732938 ], [ -122.426285, 37.733158 ] ] ] } },
{ "type": "Feature", "properties": { "land_id": "857", "land_name": "OPEN SPACE (298 BERKELEY WAY)", "category": "Recreation & Park", "department_name": "Recreation and Parks" }, "geometry": { "type": "Polygon", "coordinates": [ [ [ -122.439874, 37.7401 ], [ -122.439784, 37.739892 ], [ -122.43976, 37.739791 ], [ -122.439766, 37.739662 ], [ -122.439838, 37.739338 ], [ -122.439824, 37.739167 ], [ -122.439776, 37.738983 ], [ -122.440072, 37.738979 ], [ -122.440156, 37.740087 ], [ -122.439874, 37.7401 ] ] ] } },
{ "type": "Feature", "properties": { "land_id": "813", "land_name": "OLD MINT", "category": "Real Estate", "department_name": "GSA - Real Estate Division" }, "geometry": { "type": "Polygon", "coordinates": [ [ [ -122.407187, 37.782325 ], [ -122.407731, 37.782756 ], [ -122.407219, 37.783161 ], [ -122.406675, 37.78273 ], [ -122.407187, 37.782325 ] ] ] } },
{ "type": "Feature", "properties": { "land_id": "845", "land_name": "MARKET ST REMAINDER", "category": "Public Works", "department_name": "Public Works" }, "geometry": { "type": "Polygon", "coordinates": [ [ [ -122.44411, 37.760253 ], [ -122.44478, 37.759822 ], [ -122.444983, 37.759931 ], [ -122.444664, 37.760065 ], [ -122.444516, 37.760228 ], [ -122.44411, 37.760253 ] ] ] } },
{ "type": "Feature", "properties": { "land_id": "877", "land_name": "Havard, Leola M. Early Education School", "category": "Unified School District", "department_name": "School District (SFUSD)" }, "geometry": { "type": "Polygon", "coordinates": [ [ [ -122.388079, 37.734131 ], [ -122.388485, 37.73368 ], [ -122.389075, 37.734015 ], [ -122.388984, 37.734105 ], [ -122.388999, 37.734147 ], [ -122.388892, 37.734256 ], [ -122.388914, 37.734269 ], [ -122.388715, 37.734491 ], [ -122.388079, 37.734131 ] ] ] } },
{ "type": "Feature", "properties": { "land_id": "133", "land_name": "MINI PARK (HYDE & VALLEJO)", "category": "Recreation & Park", "department_name": "Recreation and Parks" }, "geometry": { "type": "Polygon", "coordinates": [ [ [ -122.419132, 37.79758 ], [ -122.419321, 37.797556 ], [ -122.41934, 37.797651 ], [ -122.418871, 37.79771 ], [ -122.418854, 37.797629 ], [ -122.419135, 37.797593 ], [ -122.419132, 37.79758 ] ] ] } },
{ "type": "Feature", "properties": { "land_id": "912", "land_name": "DHS OFFICE BUILDING", "category": "Other", "department_name": "Human Services Agency" }, "geometry": { "type": "Polygon", "coordinates": [ [ [ -122.421085, 37.770929 ], [ -122.420957, 37.7709 ], [ -122.420971, 37.771012 ], [ -122.420558, 37.771037 ], [ -122.420552, 37.770977 ], [ -122.420538, 37.770977 ], [ -122.420547, 37.770922 ], [ -122.420533, 37.770923 ], [ -122.420531, 37.770902 ], [ -122.420588, 37.770898 ], [ -122.420581, 37.770824 ], [ -122.420524, 37.770828 ], [ -122.420525, 37.77066 ], [ -122.420356, 37.77067 ], [ -122.420338, 37.770474 ], [ -122.421319, 37.770605 ], [ -122.421361, 37.771047 ], [ -122.421097, 37.771063 ], [ -122.421085, 37.770929 ] ] ] } },
{ "type": "Feature", "properties": { "land_id": "922", "land_name": "53 WILDER ST", "category": "Public Library", "department_name": "Public Library" }, "geometry": { "type": "Polygon", "coordinates": [ [ [ -122.433404, 37.733794 ], [ -122.433923, 37.733897 ], [ -122.433859, 37.73417 ], [ -122.433321, 37.734057 ], [ -122.433404, 37.733794 ] ] ] } },
{ "type": "Feature", "properties": { "land_id": "540", "land_name": "LADY SHAW SENIOR CENTER SITE", "category": "Public Works", "department_name": "Public Works" }, "geometry": { "type": "Polygon", "coordinates": [ [ [ -122.411992, 37.797027 ], [ -122.41257, 37.796956 ], [ -122.412606, 37.797137 ], [ -122.412029, 37.797209 ], [ -122.411992, 37.797027 ] ] ] } },
{ "type": "Feature", "properties": { "land_id": "533", "land_name": "PATRICIAS GREEN IN HAYES VALLEY", "category": "Recreation & Park", "department_name": "Recreation and Parks" }, "geometry": { "type": "Polygon", "coordinates": [ [ [ -122.424367, 37.776611 ], [ -122.424213, 37.775844 ], [ -122.42444, 37.775809 ], [ -122.424455, 37.775821 ], [ -122.42461, 37.776583 ], [ -122.42458, 37.776614 ], [ -122.424409, 37.776635 ], [ -122.424367, 37.776611 ] ] ] } },
{ "type": "Feature", "properties": { "land_id": "955", "land_name": "Traffic Company Building", "category": "Real Estate", "department_name": "GSA - Real Estate Division" }, "geometry": { "type": "Polygon", "coordinates": [ [ [ -122.394781, 37.746445 ], [ -122.395227, 37.745945 ], [ -122.396353, 37.746585 ], [ -122.395901, 37.747082 ], [ -122.394781, 37.746445 ] ] ] } },
{ "type": "Feature", "properties": { "land_id": "924", "land_name": "STREET AREA (NOT DEDICATED)", "category": "Public Works", "department_name": "Public Works" }, "geometry": { "type": "MultiPolygon", "coordinates": [ [ [ [ -122.392297, 37.750617 ], [ -122.392253, 37.750439 ], [ -122.39227, 37.750329 ], [ -122.392279, 37.750418 ], [ -122.392297, 37.750617 ] ] ], [ [ [ -122.393064, 37.750034 ], [ -122.392635, 37.750134 ], [ -122.39259, 37.750172 ], [ -122.392572, 37.750223 ], [ -122.392557, 37.750063 ], [ -122.393064, 37.750034 ] ] ], [ [ [ -122.390316, 37.750277 ], [ -122.389628, 37.750262 ], [ -122.389626, 37.750244 ], [ -122.390309, 37.7502 ], [ -122.390316, 37.750277 ] ] ], [ [ [ -122.392214, 37.749764 ], [ -122.392869, 37.749726 ], [ -122.39288, 37.749838 ], [ -122.392224, 37.749876 ], [ -122.392214, 37.749764 ] ] ], [ [ [ -122.390594, 37.750275 ], [ -122.390584, 37.750177 ], [ -122.391281, 37.750137 ], [ -122.391279, 37.750268 ], [ -122.390594, 37.750275 ] ] ], [ [ [ -122.402755, 37.749623 ], [ -122.402928, 37.749655 ], [ -122.402985, 37.750248 ], [ -122.402935, 37.750475 ], [ -122.402575, 37.750496 ], [ -122.402574, 37.750484 ], [ -122.402667, 37.750448 ], [ -122.402704, 37.750387 ], [ -122.402755, 37.749623 ] ] ] ] } },
{ "type": "Feature", "properties": { "land_id": "943", "land_name": "DPW Right of Way/Remainder", "category": "Public Works", "department_name": "Public Works" }, "geometry": { "type": "Polygon", "coordinates": [ [ [ -122.453195, 37.76645 ], [ -122.453161, 37.766589 ], [ -122.453111, 37.766591 ], [ -122.453084, 37.766455 ], [ -122.453195, 37.76645 ] ] ] } },
{ "type": "Feature", "properties": { "land_id": "109", "land_name": "3.1 FOOT GAP PARCEL", "category": "Public Works", "department_name": "Public Works" }, "geometry": { "type": "Polygon", "coordinates": [ [ [ -122.473164, 37.711587 ], [ -122.472912, 37.712238 ], [ -122.472704, 37.712752 ], [ -122.473164, 37.711587 ] ] ] } },
{ "type": "Feature", "properties": { "land_id": "104", "land_name": "MINI PARK (PAGE & LAGUNA)", "category": "Recreation & Park", "department_name": "Recreation and Parks" }, "geometry": { "type": "Polygon", "coordinates": [ [ [ -122.425121, 37.773311 ], [ -122.425309, 37.773287 ], [ -122.425375, 37.773612 ], [ -122.425187, 37.773636 ], [ -122.425121, 37.773311 ] ] ] } },
{ "type": "Feature", "properties": { "land_id": "302", "land_name": "OBSERVATION AREA", "category": "Public Works", "department_name": "Public Works" }, "geometry": { "type": "Polygon", "coordinates": [ [ [ -122.443543, 37.747557 ], [ -122.443893, 37.747537 ], [ -122.443832, 37.747706 ], [ -122.443822, 37.747792 ], [ -122.443916, 37.748283 ], [ -122.443902, 37.748374 ], [ -122.443861, 37.748467 ], [ -122.443531, 37.748899 ], [ -122.443573, 37.748347 ], [ -122.443543, 37.747557 ] ] ] } },
{ "type": "Feature", "properties": { "land_id": "1296", "land_name": "5630 - 5638 Mission St", "category": "Other", "department_name": "Homelessness and Supportive Housing" }, "geometry": { "type": "Polygon", "coordinates": [ [ [ -122.447784, 37.711272 ], [ -122.447391, 37.711581 ], [ -122.44698, 37.711252 ], [ -122.447522, 37.710964 ], [ -122.44777, 37.711162 ], [ -122.447708, 37.711211 ], [ -122.447784, 37.711272 ] ] ] } },
{ "type": "Feature", "properties": { "land_id": "332", "land_name": "HAMILTON FAMILY RESIDENCE", "category": "Other", "department_name": "Homelessness and Supportive Housing" }, "geometry": { "type": "Polygon", "coordinates": [ [ [ -122.414824, 37.782223 ], [ -122.414748, 37.781846 ], [ -122.415124, 37.781799 ], [ -122.415199, 37.782175 ], [ -122.414824, 37.782223 ] ] ] } },
{ "type": "Feature", "properties": { "land_id": "357", "land_name": "DRUMM ST PUMP STATION", "category": "PUC/Wastewater", "department_name": "Public Utilities Commission" }, "geometry": { "type": "Polygon", "coordinates": [ [ [ -122.397553, 37.796206 ], [ -122.397084, 37.796265 ], [ -122.397032, 37.796011 ], [ -122.397288, 37.795979 ], [ -122.397292, 37.795996 ], [ -122.397527, 37.796073 ], [ -122.397553, 37.796206 ] ] ] } },
{ "type": "Feature", "properties": { "land_id": "91", "land_name": "PRESIDIO PARKWAY", "category": "Recreation & Park", "department_name": "Recreation and Parks" }, "geometry": { "type": "MultiPolygon", "coordinates": [ [ [ [ -122.472514, 37.786211 ], [ -122.4723, 37.786221 ], [ -122.472181, 37.78458 ], [ -122.472459, 37.784566 ], [ -122.472541, 37.785706 ], [ -122.472514, 37.786211 ] ] ], [ [ [ -122.471646, 37.773265 ], [ -122.471763, 37.7749 ], [ -122.471488, 37.774912 ], [ -122.471369, 37.773269 ], [ -122.471646, 37.773265 ] ] ], [ [ [ -122.472458, 37.780822 ], [ -122.472737, 37.78081 ], [ -122.472856, 37.78245 ], [ -122.472576, 37.782455 ], [ -122.472458, 37.780822 ] ] ], [ [ [ -122.471915, 37.773244 ], [ -122.472193, 37.773231 ], [ -122.472312, 37.774875 ], [ -122.472037, 37.774887 ], [ -122.472033, 37.774878 ], [ -122.471915, 37.773244 ] ] ], [ [ [ -122.472596, 37.782682 ], [ -122.472871, 37.782669 ], [ -122.472991, 37.784318 ], [ -122.472711, 37.784333 ], [ -122.472596, 37.782682 ] ] ], [ [ [ -122.472192, 37.780834 ], [ -122.472307, 37.782475 ], [ -122.472029, 37.782488 ], [ -122.47191, 37.780847 ], [ -122.472192, 37.780834 ] ] ], [ [ [ -122.472168, 37.776753 ], [ -122.47205, 37.775116 ], [ -122.472329, 37.775094 ], [ -122.472449, 37.77674 ], [ -122.472168, 37.776753 ] ] ], [ [ [ -122.471783, 37.775131 ], [ -122.471898, 37.776765 ], [ -122.471618, 37.776778 ], [ -122.471499, 37.775132 ], [ -122.471777, 37.775119 ], [ -122.471783, 37.775131 ] ] ], [ [ [ -122.472324, 37.782694 ], [ -122.472445, 37.784346 ], [ -122.472164, 37.784361 ], [ -122.472044, 37.782707 ], [ -122.472324, 37.782694 ] ] ], [ [ [ -122.472052, 37.778844 ], [ -122.472168, 37.780492 ], [ -122.471885, 37.780504 ], [ -122.471765, 37.778857 ], [ -122.472052, 37.778844 ] ] ], [ [ [ -122.471916, 37.776984 ], [ -122.472037, 37.778624 ], [ -122.47175, 37.778637 ], [ -122.471631, 37.776997 ], [ -122.471916, 37.776984 ] ] ], [ [ [ -122.472597, 37.778819 ], [ -122.472717, 37.780467 ], [ -122.472433, 37.78048 ], [ -122.472311, 37.778832 ], [ -122.472597, 37.778819 ] ] ], [ [ [ -122.472463, 37.776959 ], [ -122.472582, 37.7786 ], [ -122.472295, 37.778613 ], [ -122.472175, 37.776972 ], [ -122.472463, 37.776959 ] ] ], [ [ [ -122.472728, 37.784552 ], [ -122.473007, 37.784538 ], [ -122.473126, 37.786182 ], [ -122.472783, 37.786197 ], [ -122.472808, 37.7857 ], [ -122.472728, 37.784552 ] ] ] ] } },
{ "type": "Feature", "properties": { "land_id": "554", "land_name": "UNDEDICATED STREET", "category": "Public Works", "department_name": "Public Works" }, "geometry": { "type": "Polygon", "coordinates": [ [ [ -122.4416, 37.76413 ], [ -122.441671, 37.764148 ], [ -122.4416, 37.764148 ], [ -122.4416, 37.76413 ] ] ] } },
{ "type": "Feature", "properties": { "land_id": "883", "land_name": "Miraloma Elementary School", "category": "Unified School District", "department_name": "School District (SFUSD)" }, "geometry": { "type": "Polygon", "coordinates": [ [ [ -122.449795, 37.738061 ], [ -122.44972, 37.738043 ], [ -122.449911, 37.73798 ], [ -122.450082, 37.737894 ], [ -122.450684, 37.738198 ], [ -122.450572, 37.738396 ], [ -122.450352, 37.739233 ], [ -122.45032, 37.739263 ], [ -122.449432, 37.739234 ], [ -122.449478, 37.739204 ], [ -122.449514, 37.739011 ], [ -122.449665, 37.73845 ], [ -122.449808, 37.738107 ], [ -122.449795, 37.738061 ] ] ] } },
{ "type": "Feature", "properties": { "land_id": "120", "land_name": "LAFAYETTE PARK", "category": "Recreation & Park", "department_name": "Recreation and Parks" }, "geometry": { "type": "Polygon", "coordinates": [ [ [ -122.426078, 37.791645 ], [ -122.426548, 37.791586 ], [ -122.426478, 37.79124 ], [ -122.426008, 37.791299 ], [ -122.425938, 37.790953 ], [ -122.428994, 37.790568 ], [ -122.429311, 37.792139 ], [ -122.426256, 37.792526 ], [ -122.426078, 37.791645 ] ] ] } },
{ "type": "Feature", "properties": { "land_id": "112", "land_name": "OPEN SPACE - NE of Clipper & Burnett", "category": "Recreation & Park", "department_name": "Recreation and Parks" }, "geometry": { "type": "Polygon", "coordinates": [ [ [ -122.443977, 37.74738 ], [ -122.443455, 37.747409 ], [ -122.443987, 37.746909 ], [ -122.444076, 37.746862 ], [ -122.444228, 37.74681 ], [ -122.444476, 37.746772 ], [ -122.44449, 37.746941 ], [ -122.444332, 37.747019 ], [ -122.444205, 37.747105 ], [ -122.444077, 37.747241 ], [ -122.443977, 37.74738 ] ] ] } },
{ "type": "Feature", "properties": { "land_id": "116", "land_name": "RAYMOND KIMBELL PLAYGROUND", "category": "Recreation & Park", "department_name": "Recreation and Parks" }, "geometry": { "type": "Polygon", "coordinates": [ [ [ -122.435892, 37.782982 ], [ -122.435698, 37.783007 ], [ -122.435837, 37.783754 ], [ -122.434791, 37.783887 ], [ -122.434767, 37.783765 ], [ -122.434613, 37.783785 ], [ -122.434298, 37.782229 ], [ -122.435703, 37.78205 ], [ -122.435892, 37.782982 ] ] ] } },
{ "type": "Feature", "properties": { "land_id": "119", "land_name": "MINI PARK (SUTTER & FILLMORE)", "category": "Recreation & Park", "department_name": "Recreation and Parks" }, "geometry": { "type": "Polygon", "coordinates": [ [ [ -122.432199, 37.786317 ], [ -122.432336, 37.7863 ], [ -122.432411, 37.786673 ], [ -122.432308, 37.786686 ], [ -122.432384, 37.787062 ], [ -122.43235, 37.787067 ], [ -122.432199, 37.786317 ] ] ] } },
{ "type": "Feature", "properties": { "land_id": "95", "land_name": "ANGELO J. ROSSI PLAYGROUND", "category": "Recreation & Park", "department_name": "Recreation and Parks" }, "geometry": { "type": "MultiPolygon", "coordinates": [ [ [ [ -122.457591, 37.777749 ], [ -122.457981, 37.777699 ], [ -122.458045, 37.778012 ], [ -122.457654, 37.778061 ], [ -122.457591, 37.777749 ] ] ], [ [ [ -122.456278, 37.77823 ], [ -122.456895, 37.778151 ], [ -122.45692, 37.7782 ], [ -122.456966, 37.778239 ], [ -122.457026, 37.778264 ], [ -122.457091, 37.778269 ], [ -122.458473, 37.778098 ], [ -122.458557, 37.779262 ], [ -122.456816, 37.779478 ], [ -122.456612, 37.779526 ], [ -122.456563, 37.779517 ], [ -122.456533, 37.779481 ], [ -122.456278, 37.77823 ] ] ] ] } },
{ "type": "Feature", "properties": { "land_id": "99", "land_name": "PRESIDIO HTS PLAYGROUND", "category": "Recreation & Park", "department_name": "Recreation and Parks" }, "geometry": { "type": "Polygon", "coordinates": [ [ [ -122.449324, 37.788312 ], [ -122.449794, 37.788253 ], [ -122.44987, 37.788629 ], [ -122.4494, 37.788689 ], [ -122.449324, 37.788312 ] ] ] } },
{ "type": "Feature", "properties": { "land_id": "535", "land_name": "S.F. COMMUNITY SCHOOL", "category": "Unified School District", "department_name": "School District (SFUSD)" }, "geometry": { "type": "Polygon", "coordinates": [ [ [ -122.431568, 37.726316 ], [ -122.432103, 37.725608 ], [ -122.432699, 37.725892 ], [ -122.432163, 37.726601 ], [ -122.431568, 37.726316 ] ] ] } },
{ "type": "Feature", "properties": { "land_id": "604", "land_name": "FRANCISCO PARK", "category": "Recreation & Park", "department_name": "Recreation and Parks" }, "geometry": { "type": "Polygon", "coordinates": [ [ [ -122.42001, 37.803377 ], [ -122.421449, 37.803185 ], [ -122.421688, 37.804488 ], [ -122.420277, 37.804685 ], [ -122.42001, 37.803377 ] ] ] } },
{ "type": "Feature", "properties": { "land_id": "552", "land_name": "BROADWAY PARCEL (STAIRS)", "category": "Public Works", "department_name": "Public Works" }, "geometry": { "type": "Polygon", "coordinates": [ [ [ -122.411265, 37.797032 ], [ -122.411073, 37.797056 ], [ -122.411067, 37.797026 ], [ -122.411258, 37.797002 ], [ -122.411265, 37.797032 ] ] ] } },
{ "type": "Feature", "properties": { "land_id": "954", "land_name": "Old MUNI-Fillmore substation", "category": "Real Estate", "department_name": "GSA - Real Estate Division" }, "geometry": { "type": "Polygon", "coordinates": [ [ [ -122.4315, 37.780357 ], [ -122.431979, 37.780296 ], [ -122.432004, 37.780418 ], [ -122.431525, 37.780479 ], [ -122.4315, 37.780357 ] ] ] } },
{ "type": "Feature", "properties": { "land_id": "110", "land_name": "TRAFFIC ISLAND AT LAGUNA HONDA", "category": "Public Works", "department_name": "Public Works" }, "geometry": { "type": "Polygon", "coordinates": [ [ [ -122.457884, 37.745667 ], [ -122.457896, 37.745648 ], [ -122.458445, 37.745749 ], [ -122.45845, 37.745776 ], [ -122.458337, 37.745888 ], [ -122.458271, 37.746018 ], [ -122.458251, 37.746017 ], [ -122.458077, 37.745832 ], [ -122.457884, 37.745667 ] ] ] } },
{ "type": "Feature", "properties": { "land_id": "306", "land_name": "FIRE STATION #19", "category": "Fire", "department_name": "Fire Department" }, "geometry": { "type": "Polygon", "coordinates": [ [ [ -122.478736, 37.727977 ], [ -122.47874, 37.727613 ], [ -122.478838, 37.727567 ], [ -122.479077, 37.727914 ], [ -122.478813, 37.728059 ], [ -122.478759, 37.728034 ], [ -122.478736, 37.727977 ] ] ] } },
{ "type": "Feature", "properties": { "land_id": "525", "land_name": "OPEN SPACE (DOROTHY ERSKINE)", "category": "Recreation & Park", "department_name": "Recreation and Parks" }, "geometry": { "type": "MultiPolygon", "coordinates": [ [ [ [ -122.43965, 37.733373 ], [ -122.439654, 37.733932 ], [ -122.43908, 37.733721 ], [ -122.439282, 37.733374 ], [ -122.43965, 37.733373 ] ] ], [ [ [ -122.439022, 37.73382 ], [ -122.440041, 37.734196 ], [ -122.439895, 37.734447 ], [ -122.438862, 37.734094 ], [ -122.439022, 37.73382 ] ] ] ] } },
{ "type": "Feature", "properties": { "land_id": "526", "land_name": "OPEN SPACE (MONTEREY CONSERVATORY)", "category": "Recreation & Park", "department_name": "Recreation and Parks" }, "geometry": { "type": "Polygon", "coordinates": [ [ [ -122.440973, 37.731986 ], [ -122.440575, 37.731987 ], [ -122.440575, 37.731935 ], [ -122.440713, 37.731934 ], [ -122.440712, 37.731716 ], [ -122.440971, 37.731714 ], [ -122.440973, 37.731986 ] ] ] } },
{ "type": "Feature", "properties": { "land_id": "528", "land_name": "Serra, Junipero Elementary School", "category": "Unified School District", "department_name": "School District (SFUSD)" }, "geometry": { "type": "Polygon", "coordinates": [ [ [ -122.421819, 37.736657 ], [ -122.421776, 37.73721 ], [ -122.421191, 37.737181 ], [ -122.421191, 37.736885 ], [ -122.421155, 37.736716 ], [ -122.421116, 37.736623 ], [ -122.421819, 37.736657 ] ] ] } },
{ "type": "Feature", "properties": { "land_id": "1267", "land_name": "OCII Parcels East of 25th St", "category": "OCII - Former SFRA", "department_name": "Community Investment and Infrastructure" }, "geometry": { "type": "MultiPolygon", "coordinates": [ [ [ [ -122.382911, 37.754101 ], [ -122.382221, 37.754142 ], [ -122.382132, 37.753252 ], [ -122.382822, 37.753212 ], [ -122.382911, 37.754101 ] ] ], [ [ [ -122.381855, 37.753268 ], [ -122.381945, 37.754158 ], [ -122.381255, 37.754199 ], [ -122.381166, 37.753308 ], [ -122.381855, 37.753268 ] ] ], [ [ [ -122.382801, 37.753032 ], [ -122.382111, 37.753072 ], [ -122.382001, 37.751967 ], [ -122.382691, 37.751927 ], [ -122.382801, 37.753032 ] ] ], [ [ [ -122.381145, 37.753127 ], [ -122.381035, 37.752023 ], [ -122.381725, 37.751983 ], [ -122.381835, 37.753087 ], [ -122.381145, 37.753127 ] ] ], [ [ [ -122.380931, 37.754432 ], [ -122.380241, 37.754473 ], [ -122.380131, 37.753367 ], [ -122.380821, 37.753328 ], [ -122.380931, 37.754432 ] ] ], [ [ [ -122.381035, 37.752023 ], [ -122.380759, 37.752039 ], [ -122.380869, 37.753143 ], [ -122.380179, 37.753183 ], [ -122.380069, 37.752079 ], [ -122.38069, 37.752043 ], [ -122.380681, 37.751953 ], [ -122.381026, 37.751933 ], [ -122.381035, 37.752023 ] ] ], [ [ [ -122.382673, 37.751747 ], [ -122.381017, 37.751842 ], [ -122.380963, 37.751295 ], [ -122.382619, 37.751199 ], [ -122.382673, 37.751747 ] ] ] ] } },
{ "type": "Feature", "properties": { "land_id": "878", "land_name": "SFUSD Property - PARK VIEW COMMONS HOUSING", "category": "Unified School District", "department_name": "School District (SFUSD)" }, "geometry": { "type": "MultiPolygon", "coordinates": [ [ [ [ -122.455592, 37.765944 ], [ -122.455349, 37.765975 ], [ -122.455273, 37.7656 ], [ -122.455516, 37.765569 ], [ -122.455592, 37.765944 ] ] ], [ [ [ -122.457112, 37.76532 ], [ -122.457197, 37.765739 ], [ -122.456823, 37.765787 ], [ -122.456733, 37.765343 ], [ -122.45689, 37.765321 ], [ -122.456895, 37.765348 ], [ -122.457112, 37.76532 ] ] ] ] } },
{ "type": "Feature", "properties": { "land_id": "1299", "land_name": "240 VAN NESS/155-165 GROVE SITE", "category": "Other", "department_name": "Mayor" }, "geometry": { "type": "Polygon", "coordinates": [ [ [ -122.419037, 37.778245 ], [ -122.418972, 37.777921 ], [ -122.419578, 37.777844 ], [ -122.419604, 37.777977 ], [ -122.419245, 37.778023 ], [ -122.419284, 37.778214 ], [ -122.419037, 37.778245 ] ] ] } },
{ "type": "Feature", "properties": { "land_id": "317", "land_name": "SUNSET TANK & PUMP STATION", "category": "PUC/Water", "department_name": "Public Utilities Commission" }, "geometry": { "type": "Polygon", "coordinates": [ [ [ -122.502756, 37.744116 ], [ -122.503172, 37.744098 ], [ -122.503192, 37.744371 ], [ -122.502776, 37.74439 ], [ -122.502756, 37.744116 ] ] ] } },
{ "type": "Feature", "properties": { "land_id": "315", "land_name": "PIPELINE RIGHT-OF-WAY", "category": "PUC/Water", "department_name": "Public Utilities Commission" }, "geometry": { "type": "Polygon", "coordinates": [ [ [ -122.448458, 37.757491 ], [ -122.44841, 37.756939 ], [ -122.448498, 37.756935 ], [ -122.448543, 37.757486 ], [ -122.448458, 37.757491 ] ] ] } },
{ "type": "Feature", "properties": { "land_id": "303", "land_name": "ASHBURY STREET TANK & TANK HOUSE", "category": "PUC/Water", "department_name": "Public Utilities Commission" }, "geometry": { "type": "Polygon", "coordinates": [ [ [ -122.445979, 37.761262 ], [ -122.445956, 37.761057 ], [ -122.446269, 37.761036 ], [ -122.446349, 37.761237 ], [ -122.445979, 37.761262 ] ] ] } },
{ "type": "Feature", "properties": { "land_id": "1297", "land_name": "383 6TH AVE HOUSING", "category": "Other", "department_name": "Mayor" }, "geometry": { "type": "Polygon", "coordinates": [ [ [ -122.464862, 37.781578 ], [ -122.464447, 37.781597 ], [ -122.464418, 37.781185 ], [ -122.464787, 37.781169 ], [ -122.464807, 37.781443 ], [ -122.464852, 37.781441 ], [ -122.464862, 37.781578 ] ] ] } },
{ "type": "Feature", "properties": { "land_id": "381", "land_name": "SUNSET RESERVOIR WATER FACILITIES", "category": "PUC/Water", "department_name": "Public Utilities Commission" }, "geometry": { "type": "Polygon", "coordinates": [ [ [ -122.485614, 37.748335 ], [ -122.485859, 37.751846 ], [ -122.481813, 37.752025 ], [ -122.481569, 37.748513 ], [ -122.485614, 37.748335 ] ] ] } },
{ "type": "Feature", "properties": { "land_id": "550", "land_name": "BREWSTER AVENUE REALIGNMENT", "category": "Public Works", "department_name": "Public Works" }, "geometry": { "type": "Polygon", "coordinates": [ [ [ -122.407512, 37.743443 ], [ -122.407612, 37.743384 ], [ -122.40784, 37.743372 ], [ -122.407755, 37.743587 ], [ -122.407482, 37.743518 ], [ -122.407512, 37.743443 ] ] ] } },
{ "type": "Feature", "properties": { "land_id": "1306", "land_name": "814-820 Bryant St Parking", "category": "Real Estate", "department_name": "GSA - Real Estate Division" }, "geometry": { "type": "Polygon", "coordinates": [ [ [ -122.40303, 37.776284 ], [ -122.403259, 37.776104 ], [ -122.402958, 37.775857 ], [ -122.403142, 37.775712 ], [ -122.4037, 37.77617 ], [ -122.403516, 37.776315 ], [ -122.403439, 37.776252 ], [ -122.403213, 37.77643 ], [ -122.40303, 37.776284 ] ] ] } },
{ "type": "Feature", "properties": { "land_id": "1304", "land_name": "3300 Mission St", "category": "Real Estate", "department_name": "GSA - Real Estate Division" }, "geometry": { "type": "Polygon", "coordinates": [ [ [ -122.421522, 37.743925 ], [ -122.421101, 37.743951 ], [ -122.421202, 37.743795 ], [ -122.421522, 37.743925 ] ] ] } },
{ "type": "Feature", "properties": { "land_id": "1309", "land_name": "Mexican Museum", "category": "OCII - Former SFRA", "department_name": "Community Investment and Infrastructure" }, "geometry": { "type": "Polygon", "coordinates": [ [ [ -122.402885, 37.786201 ], [ -122.402584, 37.785961 ], [ -122.40277, 37.785815 ], [ -122.403064, 37.78606 ], [ -122.402885, 37.786201 ] ] ] } },
{ "type": "Feature", "properties": { "land_id": "1236", "land_name": "Station 49, Ambulance Deployment Facility", "category": "Fire", "department_name": "Fire Department" }, "geometry": { "type": "Polygon", "coordinates": [ [ [ -122.400959, 37.745214 ], [ -122.400906, 37.745184 ], [ -122.402269, 37.743692 ], [ -122.402341, 37.743574 ], [ -122.402378, 37.743446 ], [ -122.402431, 37.743476 ], [ -122.402362, 37.743655 ], [ -122.402017, 37.74405 ], [ -122.402157, 37.74407 ], [ -122.402286, 37.744117 ], [ -122.402235, 37.744345 ], [ -122.401534, 37.745108 ], [ -122.401218, 37.744929 ], [ -122.400959, 37.745214 ] ] ] } },
{ "type": "Feature", "properties": { "land_id": "862", "land_name": "MUNI METRO EAST", "category": "MTA", "department_name": "Municipal Transportation Agency" }, "geometry": { "type": "Polygon", "coordinates": [ [ [ -122.382886, 37.751091 ], [ -122.385507, 37.750941 ], [ -122.385634, 37.750822 ], [ -122.385602, 37.750491 ], [ -122.386429, 37.750443 ], [ -122.386665, 37.752809 ], [ -122.383077, 37.753016 ], [ -122.382886, 37.751091 ] ] ] } },
{ "type": "Feature", "properties": { "land_id": "1292", "land_name": "Behavioral Health Services Site", "category": "Health", "department_name": "Public Health" }, "geometry": { "type": "Polygon", "coordinates": [ [ [ -122.416881, 37.786352 ], [ -122.417052, 37.78633 ], [ -122.417129, 37.786707 ], [ -122.41666, 37.786768 ], [ -122.416646, 37.7867 ], [ -122.416945, 37.786662 ], [ -122.416881, 37.786352 ] ] ] } },
{ "type": "Feature", "properties": { "land_id": "494", "land_name": "BUREAU OF EQUIPMENT", "category": "Fire", "department_name": "Fire Department" }, "geometry": { "type": "Polygon", "coordinates": [ [ [ -122.385826, 37.741356 ], [ -122.384926, 37.740845 ], [ -122.385326, 37.740401 ], [ -122.386227, 37.740912 ], [ -122.385826, 37.741356 ] ] ] } },
{ "type": "Feature", "properties": { "land_id": "1301", "land_name": "42 OTIS ST - Condo Lots 54-82", "category": "Other", "department_name": "Homelessness and Supportive Housing" }, "geometry": { "type": "Polygon", "coordinates": [ [ [ -122.419471, 37.772622 ], [ -122.419595, 37.772524 ], [ -122.419793, 37.772682 ], [ -122.41967, 37.77278 ], [ -122.419471, 37.772622 ] ] ] } },
{ "type": "Feature", "properties": { "land_id": "1295", "land_name": "1321 Mission St", "category": "Other", "department_name": "Homelessness and Supportive Housing" }, "geometry": { "type": "Polygon", "coordinates": [ [ [ -122.414508, 37.775906 ], [ -122.414786, 37.775685 ], [ -122.414984, 37.775843 ], [ -122.414706, 37.776064 ], [ -122.414508, 37.775906 ] ] ] } },
{ "type": "Feature", "properties": { "land_id": "1294", "land_name": "333 12th St", "category": "Other", "department_name": "Homelessness and Supportive Housing" }, "geometry": { "type": "Polygon", "coordinates": [ [ [ -122.413533, 37.770794 ], [ -122.413666, 37.770646 ], [ -122.413774, 37.770706 ], [ -122.413897, 37.770543 ], [ -122.414348, 37.770739 ], [ -122.414213, 37.770954 ], [ -122.414083, 37.771109 ], [ -122.413533, 37.770794 ] ] ] } },
{ "type": "Feature", "properties": { "land_id": "590", "land_name": "HUNTERS POINT RESERVOIR WATER FACILITIES", "category": "PUC/Water", "department_name": "Public Utilities Commission" }, "geometry": { "type": "Polygon", "coordinates": [ [ [ -122.383372, 37.733324 ], [ -122.383563, 37.733841 ], [ -122.383663, 37.733817 ], [ -122.383789, 37.734196 ], [ -122.383393, 37.734281 ], [ -122.383271, 37.733902 ], [ -122.38349, 37.733852 ], [ -122.383331, 37.733333 ], [ -122.383372, 37.733324 ] ] ] } },
{ "type": "Feature", "properties": { "land_id": "589", "land_name": "BALBOA RESERVOIR SITE", "category": "PUC/Water", "department_name": "Public Utilities Commission" }, "geometry": { "type": "Polygon", "coordinates": [ [ [ -122.456021, 37.724653 ], [ -122.45373, 37.724172 ], [ -122.453729, 37.724056 ], [ -122.454054, 37.724053 ], [ -122.454067, 37.724016 ], [ -122.45602, 37.724425 ], [ -122.456021, 37.724653 ] ] ] } },
{ "type": "Feature", "properties": { "land_id": "238", "land_name": "SEWER RIGHT-OF-WAY AT NAPOLEON", "category": "PUC/Wastewater", "department_name": "Public Utilities Commission" }, "geometry": { "type": "Polygon", "coordinates": [ [ [ -122.39377, 37.747236 ], [ -122.393963, 37.746861 ], [ -122.394107, 37.746644 ], [ -122.394012, 37.747159 ], [ -122.394032, 37.747199 ], [ -122.394082, 37.747217 ], [ -122.39377, 37.747236 ] ] ] } },
{ "type": "Feature", "properties": { "land_id": "461", "land_name": "LAGUNA HONDA RESERVOIR", "category": "PUC/Water", "department_name": "Public Utilities Commission" }, "geometry": { "type": "Polygon", "coordinates": [ [ [ -122.46125, 37.751789 ], [ -122.461482, 37.75174 ], [ -122.461688, 37.751733 ], [ -122.461809, 37.751774 ], [ -122.461986, 37.751902 ], [ -122.462442, 37.752349 ], [ -122.462703, 37.752567 ], [ -122.462954, 37.752751 ], [ -122.463158, 37.752938 ], [ -122.463414, 37.753246 ], [ -122.463611, 37.753583 ], [ -122.463685, 37.753862 ], [ -122.463677, 37.754129 ], [ -122.462542, 37.755034 ], [ -122.459075, 37.752317 ], [ -122.459065, 37.752051 ], [ -122.4608, 37.751908 ], [ -122.460996, 37.75187 ], [ -122.46125, 37.751789 ] ] ] } },
{ "type": "Feature", "properties": { "land_id": "148", "land_name": "EXCELSIOR OFF-STREET PARKING", "category": "MTA", "department_name": "Municipal Transportation Agency" }, "geometry": { "type": "Polygon", "coordinates": [ [ [ -122.435393, 37.724917 ], [ -122.435037, 37.725387 ], [ -122.434889, 37.725317 ], [ -122.435244, 37.724846 ], [ -122.435393, 37.724917 ] ] ] } },
{ "type": "Feature", "properties": { "land_id": "1307", "land_name": "624 Laguna St", "category": "Health", "department_name": "Public Health" }, "geometry": { "type": "Polygon", "coordinates": [ [ [ -122.426279, 37.777123 ], [ -122.426005, 37.777158 ], [ -122.425979, 37.777027 ], [ -122.426252, 37.776992 ], [ -122.426279, 37.777123 ] ] ] } },
{ "type": "Feature", "properties": { "land_id": "506", "land_name": "ISLAIS CREEK LOTS (AT CRESCENT)", "category": "PUC/Water", "department_name": "Public Utilities Commission" }, "geometry": { "type": "MultiPolygon", "coordinates": [ [ [ [ -122.412196, 37.733853 ], [ -122.41167, 37.734113 ], [ -122.411655, 37.734101 ], [ -122.412154, 37.73382 ], [ -122.412196, 37.733853 ] ] ], [ [ [ -122.411125, 37.733772 ], [ -122.411266, 37.733692 ], [ -122.411545, 37.734007 ], [ -122.411403, 37.734086 ], [ -122.411125, 37.733772 ] ] ], [ [ [ -122.411274, 37.734632 ], [ -122.411797, 37.734374 ], [ -122.411972, 37.734564 ], [ -122.411783, 37.734555 ], [ -122.411554, 37.734708 ], [ -122.411266, 37.734694 ], [ -122.411274, 37.734632 ] ] ] ] } },
{ "type": "Feature", "properties": { "land_id": "1325", "land_name": "Geneva Ave LRV Track Remainder", "category": "MTA", "department_name": "Municipal Transportation Agency" }, "geometry": { "type": "Polygon", "coordinates": [ [ [ -122.446814, 37.720678 ], [ -122.446865, 37.720617 ], [ -122.446872, 37.72065 ], [ -122.447084, 37.720733 ], [ -122.44704, 37.720762 ], [ -122.446814, 37.720678 ] ] ] } },
{ "type": "Feature", "properties": { "land_id": "620", "land_name": "SEWER DRAINAGE (MELROSE & EDNA)", "category": "PUC/Wastewater", "department_name": "Public Utilities Commission" }, "geometry": { "type": "Polygon", "coordinates": [ [ [ -122.448352, 37.733716 ], [ -122.448339, 37.733167 ], [ -122.448425, 37.733167 ], [ -122.448431, 37.733715 ], [ -122.448352, 37.733716 ] ] ] } },
{ "type": "Feature", "properties": { "land_id": "254", "land_name": "SEWER R/W (FOR SEWER ACCESS) AT BURNSIDE & BOSWORTH", "category": "PUC/Wastewater", "department_name": "Public Utilities Commission" }, "geometry": { "type": "MultiPolygon", "coordinates": [ [ [ [ -122.436416, 37.734347 ], [ -122.436483, 37.734361 ], [ -122.436441, 37.734494 ], [ -122.43604, 37.734411 ], [ -122.436057, 37.734347 ], [ -122.436395, 37.734414 ], [ -122.436416, 37.734347 ] ] ], [ [ [ -122.436647, 37.734406 ], [ -122.438202, 37.734705 ], [ -122.438181, 37.734772 ], [ -122.436965, 37.73453 ], [ -122.436959, 37.734549 ], [ -122.436623, 37.734482 ], [ -122.436647, 37.734406 ] ] ] ] } },
{ "type": "Feature", "properties": { "land_id": "569", "land_name": "SEWER RIGHT OF WAY (E OF LINDA VISTA STEPS)", "category": "PUC/Wastewater", "department_name": "Public Utilities Commission" }, "geometry": { "type": "Polygon", "coordinates": [ [ [ -122.428244, 37.711028 ], [ -122.428268, 37.711039 ], [ -122.428015, 37.711556 ], [ -122.427994, 37.711546 ], [ -122.428244, 37.711028 ] ] ] } },
{ "type": "Feature", "properties": { "land_id": "656", "land_name": "COLLEGE HILL STATION", "category": "PUC/Water", "department_name": "Public Utilities Commission" }, "geometry": { "type": "Polygon", "coordinates": [ [ [ -122.429644, 37.734865 ], [ -122.429548, 37.734771 ], [ -122.429674, 37.73469 ], [ -122.429792, 37.734745 ], [ -122.429766, 37.734796 ], [ -122.429644, 37.734865 ] ] ] } },
{ "type": "Feature", "properties": { "land_id": "998", "land_name": "SFHA -- Joan San Jule Apts", "category": "SFHA", "department_name": "San Francisco Housing Authority" }, "geometry": { "type": "Polygon", "coordinates": [ [ [ -122.429793, 37.781399 ], [ -122.430057, 37.781365 ], [ -122.430108, 37.781616 ], [ -122.429844, 37.781649 ], [ -122.429793, 37.781399 ] ] ] } },
{ "type": "Feature", "properties": { "land_id": "1302", "land_name": "240 6TH ST", "category": "Recreation & Park", "department_name": "Recreation and Parks" }, "geometry": { "type": "Polygon", "coordinates": [ [ [ -122.406864, 37.778742 ], [ -122.407046, 37.778889 ], [ -122.406669, 37.779187 ], [ -122.406547, 37.779089 ], [ -122.40674, 37.778936 ], [ -122.40668, 37.778888 ], [ -122.406864, 37.778742 ] ] ] } },
{ "type": "Feature", "properties": { "land_id": "1303", "land_name": "LGBTQ+ History Museum Site", "category": "Real Estate", "department_name": "GSA - Real Estate Division" }, "geometry": { "type": "Polygon", "coordinates": [ [ [ -122.432539, 37.764889 ], [ -122.432839, 37.764652 ], [ -122.433009, 37.764782 ], [ -122.433036, 37.765066 ], [ -122.432781, 37.765078 ], [ -122.432539, 37.764889 ] ] ] } },
{ "type": "Feature", "properties": { "land_id": "1305", "land_name": "1174-1178 Folsom & 663 Clementina", "category": "Real Estate", "department_name": "GSA - Real Estate Division" }, "geometry": { "type": "Polygon", "coordinates": [ [ [ -122.410031, 37.775799 ], [ -122.409908, 37.775896 ], [ -122.409517, 37.775581 ], [ -122.40964, 37.775484 ], [ -122.410031, 37.775799 ] ] ] } },
{ "type": "Feature", "properties": { "land_id": "658", "land_name": "WATER DEPARTMENT, PARCEL 370", "category": "PUC/Water", "department_name": "Public Utilities Commission" }, "geometry": { "type": "Polygon", "coordinates": [ [ [ -122.460531, 37.750138 ], [ -122.460917, 37.75101 ], [ -122.461019, 37.751158 ], [ -122.461214, 37.751366 ], [ -122.461225, 37.751457 ], [ -122.461179, 37.751541 ], [ -122.461133, 37.751576 ], [ -122.460947, 37.751636 ], [ -122.460743, 37.751679 ], [ -122.459161, 37.751808 ], [ -122.458923, 37.751789 ], [ -122.460698, 37.751322 ], [ -122.460531, 37.750138 ] ] ] } },
{ "type": "Feature", "properties": { "land_id": "516", "land_name": "REIS TRACT LOTS - ARLETA I", "category": "PUC/Water", "department_name": "Public Utilities Commission" }, "geometry": { "type": "Polygon", "coordinates": [ [ [ -122.405729, 37.713652 ], [ -122.405961, 37.713742 ], [ -122.405809, 37.713989 ], [ -122.405887, 37.714019 ], [ -122.405733, 37.714269 ], [ -122.405501, 37.714178 ], [ -122.405654, 37.713929 ], [ -122.405577, 37.713898 ], [ -122.405729, 37.713652 ] ] ] } },
{ "type": "Feature", "properties": { "land_id": "804", "land_name": "MOSCONE EXPANSION SITE - MOSCONE WEST", "category": "Real Estate", "department_name": "GSA - Convention Facilities Management" }, "geometry": { "type": "Polygon", "coordinates": [ [ [ -122.402906, 37.783257 ], [ -122.404257, 37.78219 ], [ -122.404934, 37.782732 ], [ -122.404822, 37.78282 ], [ -122.404999, 37.782962 ], [ -122.404925, 37.78302 ], [ -122.404913, 37.78301 ], [ -122.403752, 37.783926 ], [ -122.402906, 37.783257 ] ] ] } },
{ "type": "Feature", "properties": { "land_id": "1330", "land_name": "Mariposa Park", "category": "Recreation & Park", "department_name": "Recreation and Parks" }, "geometry": { "type": "Polygon", "coordinates": [ [ [ -122.390957, 37.764288 ], [ -122.392178, 37.764215 ], [ -122.392243, 37.7649 ], [ -122.391022, 37.764973 ], [ -122.390957, 37.764288 ] ] ] } },
{ "type": "Feature", "properties": { "land_id": "1331", "land_name": "Future Park - Owens & Mariposa", "category": "Recreation & Park", "department_name": "Recreation and Parks" }, "geometry": { "type": "Polygon", "coordinates": [ [ [ -122.392178, 37.764215 ], [ -122.392889, 37.764172 ], [ -122.392954, 37.764857 ], [ -122.392243, 37.7649 ], [ -122.392178, 37.764215 ] ] ] } },
{ "type": "Feature", "properties": { "land_id": "844", "land_name": "LOT (SURPLUS PROPERTY)", "category": "Other", "department_name": "Mayor" }, "geometry": { "type": "Polygon", "coordinates": [ [ [ -122.3805, 37.727939 ], [ -122.380524, 37.727926 ], [ -122.38107, 37.727975 ], [ -122.381318, 37.727976 ], [ -122.381262, 37.728034 ], [ -122.380771, 37.727991 ], [ -122.380711, 37.728058 ], [ -122.3805, 37.727939 ] ] ] } },
{ "type": "Feature", "properties": { "land_id": "384", "land_name": "UNIVERSITY MOUND RESERVOIR WATER FACILITIES", "category": "PUC/Water", "department_name": "Public Utilities Commission" }, "geometry": { "type": "Polygon", "coordinates": [ [ [ -122.411569, 37.728122 ], [ -122.409653, 37.723481 ], [ -122.412402, 37.722762 ], [ -122.414328, 37.727402 ], [ -122.411569, 37.728122 ] ] ] } },
{ "type": "Feature", "properties": { "land_id": "379", "land_name": "POTRERO HEIGHTS RESERVOIR WATER FACILITIES", "category": "PUC/Water", "department_name": "Public Utilities Commission" }, "geometry": { "type": "Polygon", "coordinates": [ [ [ -122.399708, 37.756613 ], [ -122.399761, 37.757161 ], [ -122.399068, 37.757202 ], [ -122.399016, 37.756655 ], [ -122.399708, 37.756613 ] ] ] } },
{ "type": "Feature", "properties": { "land_id": "759", "land_name": "COLLEGE HILL RESERVOIR WATER FACILITIES", "category": "PUC/Water", "department_name": "Public Utilities Commission" }, "geometry": { "type": "Polygon", "coordinates": [ [ [ -122.421232, 37.739481 ], [ -122.420115, 37.739026 ], [ -122.420956, 37.737722 ], [ -122.422944, 37.738528 ], [ -122.422094, 37.739833 ], [ -122.421309, 37.739512 ], [ -122.42115, 37.739756 ], [ -122.421073, 37.739725 ], [ -122.421232, 37.739481 ] ] ] } },
{ "type": "Feature", "properties": { "land_id": "1334", "land_name": "Mission Bay ROW Parcels", "category": "Public Works", "department_name": "Public Works" }, "geometry": { "type": "MultiPolygon", "coordinates": [ [ [ [ -122.389878, 37.773338 ], [ -122.389893, 37.773327 ], [ -122.389907, 37.77364 ], [ -122.389878, 37.773338 ] ] ], [ [ [ -122.388892, 37.767046 ], [ -122.38893, 37.767044 ], [ -122.388938, 37.767311 ], [ -122.388906, 37.767128 ], [ -122.388892, 37.767046 ] ] ], [ [ [ -122.393347, 37.775636 ], [ -122.393116, 37.775451 ], [ -122.393377, 37.775611 ], [ -122.393347, 37.775636 ] ] ], [ [ [ -122.389758, 37.772076 ], [ -122.389775, 37.772075 ], [ -122.389847, 37.772828 ], [ -122.38983, 37.772829 ], [ -122.389758, 37.772076 ] ] ], [ [ [ -122.389982, 37.774417 ], [ -122.389907, 37.773641 ], [ -122.389925, 37.77364 ], [ -122.389998, 37.774411 ], [ -122.391225, 37.774343 ], [ -122.389982, 37.774417 ] ] ], [ [ [ -122.388586, 37.764486 ], [ -122.388575, 37.764432 ], [ -122.38868, 37.764426 ], [ -122.388764, 37.765313 ], [ -122.388747, 37.765314 ], [ -122.38867, 37.764542 ], [ -122.388641, 37.764503 ], [ -122.388586, 37.764486 ] ] ], [ [ [ -122.388831, 37.766196 ], [ -122.388849, 37.766195 ], [ -122.388906, 37.766797 ], [ -122.388854, 37.7668 ], [ -122.38883, 37.766476 ], [ -122.388831, 37.766196 ] ] ], [ [ [ -122.389016, 37.770636 ], [ -122.389272, 37.770621 ], [ -122.389283, 37.770735 ], [ -122.389027, 37.770751 ], [ -122.389016, 37.770636 ] ] ], [ [ [ -122.389056, 37.771049 ], [ -122.389311, 37.771034 ], [ -122.389324, 37.771171 ], [ -122.389069, 37.771186 ], [ -122.389056, 37.771049 ] ] ], [ [ [ -122.387861, 37.771259 ], [ -122.387726, 37.771152 ], [ -122.387685, 37.770717 ], [ -122.388375, 37.770675 ], [ -122.388384, 37.77077 ], [ -122.387781, 37.770806 ], [ -122.387815, 37.771166 ], [ -122.388418, 37.77113 ], [ -122.388427, 37.771225 ], [ -122.387861, 37.771259 ] ] ], [ [ [ -122.38713, 37.77206 ], [ -122.388369, 37.771986 ], [ -122.388572, 37.772148 ], [ -122.387377, 37.77222 ], [ -122.387425, 37.772719 ], [ -122.38713, 37.77206 ] ] ], [ [ [ -122.386895, 37.766918 ], [ -122.388009, 37.766851 ], [ -122.388033, 37.767098 ], [ -122.386919, 37.767165 ], [ -122.386895, 37.766918 ] ] ], [ [ [ -122.393535, 37.772706 ], [ -122.392896, 37.772195 ], [ -122.392228, 37.772723 ], [ -122.392224, 37.772687 ], [ -122.392955, 37.772109 ], [ -122.393712, 37.772713 ], [ -122.391687, 37.774312 ], [ -122.391595, 37.774238 ], [ -122.393535, 37.772706 ] ] ], [ [ [ -122.392859, 37.775246 ], [ -122.392765, 37.775171 ], [ -122.394789, 37.773572 ], [ -122.395371, 37.774036 ], [ -122.395252, 37.774131 ], [ -122.394812, 37.773781 ], [ -122.392993, 37.775217 ], [ -122.392944, 37.775178 ], [ -122.392859, 37.775246 ] ] ], [ [ [ -122.390681, 37.764305 ], [ -122.390957, 37.764288 ], [ -122.391022, 37.764973 ], [ -122.390819, 37.764985 ], [ -122.390784, 37.765163 ], [ -122.390921, 37.766676 ], [ -122.390665, 37.766691 ], [ -122.390523, 37.765156 ], [ -122.390555, 37.764939 ], [ -122.390687, 37.764591 ], [ -122.390696, 37.764486 ], [ -122.390681, 37.764305 ] ] ], [ [ [ -122.385919, 37.770031 ], [ -122.385733, 37.768079 ], [ -122.386028, 37.768061 ], [ -122.38611, 37.768918 ], [ -122.386141, 37.768916 ], [ -122.386159, 37.769104 ], [ -122.386438, 37.769087 ], [ -122.386578, 37.770557 ], [ -122.385919, 37.770031 ] ] ], [ [ [ -122.397402, 37.770341 ], [ -122.396275, 37.769442 ], [ -122.397795, 37.76935 ], [ -122.398126, 37.769614 ], [ -122.398408, 37.769391 ], [ -122.398749, 37.769663 ], [ -122.398504, 37.769857 ], [ -122.39821, 37.769895 ], [ -122.398088, 37.769798 ], [ -122.397402, 37.770341 ] ] ] ] } },
{ "type": "Feature", "properties": { "land_id": "176", "land_name": "LAKE HONDA TRACT (NE 7TH AVE)", "category": "PUC/Water", "department_name": "Public Utilities Commission" }, "geometry": { "type": "Polygon", "coordinates": [ [ [ -122.463729, 37.759519 ], [ -122.463352, 37.759535 ], [ -122.463502, 37.759251 ], [ -122.463519, 37.759004 ], [ -122.463367, 37.758666 ], [ -122.463668, 37.758653 ], [ -122.463729, 37.759519 ] ] ] } },
{ "type": "Feature", "properties": { "land_id": "668", "land_name": "CRESTLINE PUMP HOUSE", "category": "PUC/Water", "department_name": "Public Utilities Commission" }, "geometry": { "type": "Polygon", "coordinates": [ [ [ -122.446616, 37.750217 ], [ -122.446748, 37.750208 ], [ -122.446892, 37.75038 ], [ -122.446868, 37.750434 ], [ -122.44675, 37.750403 ], [ -122.446713, 37.750301 ], [ -122.446616, 37.750217 ] ] ] } },
{ "type": "Feature", "properties": { "land_id": "434", "land_name": "RICHMOND TRANSPORT", "category": "PUC/Wastewater", "department_name": "Public Utilities Commission" }, "geometry": { "type": "Polygon", "coordinates": [ [ [ -122.511889, 37.776813 ], [ -122.511507, 37.776854 ], [ -122.511196, 37.776529 ], [ -122.511117, 37.776413 ], [ -122.511122, 37.776257 ], [ -122.510926, 37.776112 ], [ -122.510778, 37.775879 ], [ -122.510606, 37.775684 ], [ -122.510275, 37.775233 ], [ -122.511076, 37.775196 ], [ -122.511086, 37.775406 ], [ -122.511128, 37.775645 ], [ -122.511187, 37.775842 ], [ -122.511285, 37.776071 ], [ -122.51139, 37.776255 ], [ -122.511542, 37.776465 ], [ -122.511689, 37.77663 ], [ -122.511889, 37.776813 ] ] ] } },
{ "type": "Feature", "properties": { "land_id": "259", "land_name": "SEWER R/W (FOR SEWER ACCESS) AT JOOST & BADEN II", "category": "PUC/Wastewater", "department_name": "Public Utilities Commission" }, "geometry": { "type": "Polygon", "coordinates": [ [ [ -122.440542, 37.732268 ], [ -122.440539, 37.731717 ], [ -122.440574, 37.731716 ], [ -122.440575, 37.731987 ], [ -122.440627, 37.731987 ], [ -122.440629, 37.732268 ], [ -122.440542, 37.732268 ] ] ] } },
{ "type": "Feature", "properties": { "land_id": "260", "land_name": "LAMARTINE ST SEWER R/W", "category": "PUC/Wastewater", "department_name": "Public Utilities Commission" }, "geometry": { "type": "Polygon", "coordinates": [ [ [ -122.432803, 37.73023 ], [ -122.432959, 37.730167 ], [ -122.433084, 37.730454 ], [ -122.432921, 37.730499 ], [ -122.432803, 37.73023 ] ] ] } },
{ "type": "Feature", "properties": { "land_id": "350", "land_name": "SEWAGE PUMP STATION", "category": "PUC/Wastewater", "department_name": "Public Utilities Commission" }, "geometry": { "type": "Polygon", "coordinates": [ [ [ -122.376599, 37.733284 ], [ -122.376671, 37.733204 ], [ -122.376813, 37.733284 ], [ -122.376798, 37.733397 ], [ -122.376599, 37.733284 ] ] ] } },
{ "type": "Feature", "properties": { "land_id": "286", "land_name": "SEWER RIGHT-OF-WAY (5'' STRIP)", "category": "PUC/Wastewater", "department_name": "Public Utilities Commission" }, "geometry": { "type": "Polygon", "coordinates": [ [ [ -122.444942, 37.760284 ], [ -122.445044, 37.760279 ], [ -122.445023, 37.760105 ], [ -122.445045, 37.760094 ], [ -122.445081, 37.760427 ], [ -122.445057, 37.760429 ], [ -122.445044, 37.760294 ], [ -122.444943, 37.760299 ], [ -122.444942, 37.760284 ] ] ] } },
{ "type": "Feature", "properties": { "land_id": "764", "land_name": "LAKESHORE PUMPING STATION", "category": "PUC/Wastewater", "department_name": "Public Utilities Commission" }, "geometry": { "type": "Polygon", "coordinates": [ [ [ -122.489717, 37.713108 ], [ -122.489395, 37.712918 ], [ -122.489718, 37.712813 ], [ -122.489766, 37.712857 ], [ -122.489717, 37.713108 ] ] ] } },
{ "type": "Feature", "properties": { "land_id": "752", "land_name": "SFPUC Booster Pump Station", "category": "PUC/Wastewater", "department_name": "Public Utilities Commission" }, "geometry": { "type": "Polygon", "coordinates": [ [ [ -122.387398, 37.746535 ], [ -122.387993, 37.746869 ], [ -122.387435, 37.746902 ], [ -122.387398, 37.746535 ] ] ] } },
{ "type": "Feature", "properties": { "land_id": "663", "land_name": "Southeast Community Center", "category": "PUC/Wastewater", "department_name": "Public Utilities Commission" }, "geometry": { "type": "Polygon", "coordinates": [ [ [ -122.38732, 37.74393 ], [ -122.385731, 37.743023 ], [ -122.385671, 37.742711 ], [ -122.385888, 37.742672 ], [ -122.386082, 37.742584 ], [ -122.386203, 37.742488 ], [ -122.386461, 37.742207 ], [ -122.386528, 37.742174 ], [ -122.386582, 37.742173 ], [ -122.386632, 37.742191 ], [ -122.387642, 37.742764 ], [ -122.387691, 37.742822 ], [ -122.38769, 37.742872 ], [ -122.38732, 37.74393 ] ] ] } },
{ "type": "Feature", "properties": { "land_id": "225", "land_name": "VACANT LAND - SHAFTER", "category": "PUC/Wastewater", "department_name": "Public Utilities Commission" }, "geometry": { "type": "Polygon", "coordinates": [ [ [ -122.380642, 37.723564 ], [ -122.382339, 37.724534 ], [ -122.381768, 37.725148 ], [ -122.381613, 37.72506 ], [ -122.38096, 37.725365 ], [ -122.37968, 37.724638 ], [ -122.380642, 37.723564 ] ] ] } },
{ "type": "Feature", "properties": { "land_id": "925", "land_name": "WET WATER RETENSION BASIN", "category": "PUC/Wastewater", "department_name": "Public Utilities Commission" }, "geometry": { "type": "Polygon", "coordinates": [ [ [ -122.390359, 37.747735 ], [ -122.390332, 37.747444 ], [ -122.39223, 37.748268 ], [ -122.392257, 37.748558 ], [ -122.390359, 37.747735 ] ] ] } },
{ "type": "Feature", "properties": { "land_id": "248", "land_name": "SEWER R/W LOT 16", "category": "PUC/Wastewater", "department_name": "Public Utilities Commission" }, "geometry": { "type": "Polygon", "coordinates": [ [ [ -122.419904, 37.70977 ], [ -122.419916, 37.709744 ], [ -122.420242, 37.709835 ], [ -122.42023, 37.709861 ], [ -122.419904, 37.70977 ] ] ] } },
{ "type": "Feature", "properties": { "land_id": "649", "land_name": "OPEN SPACE (4800 BALBOA)", "category": "Recreation & Park", "department_name": "Recreation and Parks" }, "geometry": { "type": "Polygon", "coordinates": [ [ [ -122.511889, 37.776813 ], [ -122.511507, 37.776854 ], [ -122.511196, 37.776529 ], [ -122.511117, 37.776413 ], [ -122.511122, 37.776257 ], [ -122.510926, 37.776112 ], [ -122.510778, 37.775879 ], [ -122.510606, 37.775684 ], [ -122.510275, 37.775233 ], [ -122.511076, 37.775196 ], [ -122.511086, 37.775406 ], [ -122.511128, 37.775645 ], [ -122.511187, 37.775842 ], [ -122.511285, 37.776071 ], [ -122.51139, 37.776255 ], [ -122.511542, 37.776465 ], [ -122.511689, 37.77663 ], [ -122.511889, 37.776813 ] ] ] } },
{ "type": "Feature", "properties": { "land_id": "791", "land_name": "ALPHA ST WIDENING (REMAINDER)", "category": "Other", "department_name": "Mayor" }, "geometry": { "type": "Polygon", "coordinates": [ [ [ -122.402475, 37.715877 ], [ -122.402538, 37.715902 ], [ -122.402385, 37.716145 ], [ -122.402312, 37.716108 ], [ -122.402298, 37.71605 ], [ -122.402475, 37.715877 ] ] ] } },
{ "type": "Feature", "properties": { "land_id": "1328", "land_name": "Arballo Drive ROW", "category": "Public Works", "department_name": "Public Works" }, "geometry": { "type": "Polygon", "coordinates": [ [ [ -122.483053, 37.717672 ], [ -122.483093, 37.717686 ], [ -122.483107, 37.717718 ], [ -122.483007, 37.718979 ], [ -122.482982, 37.719009 ], [ -122.483053, 37.717672 ] ] ] } },
{ "type": "Feature", "properties": { "land_id": "1289", "land_name": "1829 Egbert Storage", "category": "Police", "department_name": "Police Department" }, "geometry": { "type": "Polygon", "coordinates": [ [ [ -122.399059, 37.727706 ], [ -122.399166, 37.727411 ], [ -122.399498, 37.727488 ], [ -122.399637, 37.727421 ], [ -122.399969, 37.727498 ], [ -122.400127, 37.727064 ], [ -122.400214, 37.727084 ], [ -122.400854, 37.727466 ], [ -122.40064, 37.7281 ], [ -122.4004, 37.728018 ], [ -122.399059, 37.727706 ] ] ] } },
{ "type": "Feature", "properties": { "land_id": "1321", "land_name": "Corners - Block 3725", "category": "Public Works", "department_name": "Public Works" }, "geometry": { "type": "MultiPolygon", "coordinates": [ [ [ [ -122.406668, 37.78161 ], [ -122.406704, 37.781606 ], [ -122.406683, 37.781622 ], [ -122.406668, 37.78161 ] ] ], [ [ [ -122.406605, 37.781683 ], [ -122.406619, 37.781649 ], [ -122.406634, 37.78166 ], [ -122.406605, 37.781683 ] ] ], [ [ [ -122.40631, 37.781324 ], [ -122.406348, 37.781293 ], [ -122.406336, 37.781344 ], [ -122.40631, 37.781324 ] ] ] ] } },
{ "type": "Feature", "properties": { "land_id": "230", "land_name": "SLOPE PROTECTION-BAY SHORE FWY", "category": "Public Works", "department_name": "Public Works" }, "geometry": { "type": "MultiPolygon", "coordinates": [ [ [ [ -122.408257, 37.748224 ], [ -122.408542, 37.748216 ], [ -122.408543, 37.748218 ], [ -122.408257, 37.748224 ] ] ], [ [ [ -122.398638, 37.718947 ], [ -122.398598, 37.71872 ], [ -122.398675, 37.718906 ], [ -122.398638, 37.718947 ] ] ], [ [ [ -122.401887, 37.723793 ], [ -122.401749, 37.72376 ], [ -122.401811, 37.723751 ], [ -122.401855, 37.723715 ], [ -122.401887, 37.723793 ] ] ], [ [ [ -122.408676, 37.736107 ], [ -122.4088, 37.735926 ], [ -122.408833, 37.735959 ], [ -122.408676, 37.736107 ] ] ], [ [ [ -122.401677, 37.723936 ], [ -122.401669, 37.723913 ], [ -122.401966, 37.723983 ], [ -122.401977, 37.724011 ], [ -122.401677, 37.723936 ] ] ], [ [ [ -122.399567, 37.721347 ], [ -122.399653, 37.721258 ], [ -122.399691, 37.721368 ], [ -122.399567, 37.721347 ] ] ], [ [ [ -122.398589, 37.719304 ], [ -122.398716, 37.719163 ], [ -122.398716, 37.719272 ], [ -122.398689, 37.719326 ], [ -122.398665, 37.719347 ], [ -122.398589, 37.719304 ] ] ], [ [ [ -122.407506, 37.738458 ], [ -122.407589, 37.738389 ], [ -122.407679, 37.738428 ], [ -122.407665, 37.738578 ], [ -122.407602, 37.738462 ], [ -122.407506, 37.738458 ] ] ], [ [ [ -122.408899, 37.737171 ], [ -122.408925, 37.736892 ], [ -122.409051, 37.736899 ], [ -122.40899, 37.737069 ], [ -122.408898, 37.737232 ], [ -122.408789, 37.737368 ], [ -122.408636, 37.737511 ], [ -122.408899, 37.737171 ] ] ], [ [ [ -122.397833, 37.720144 ], [ -122.397919, 37.720126 ], [ -122.398088, 37.720223 ], [ -122.397649, 37.720348 ], [ -122.397833, 37.720144 ] ] ], [ [ [ -122.408631, 37.736614 ], [ -122.408669, 37.73663 ], [ -122.408722, 37.736705 ], [ -122.408744, 37.736844 ], [ -122.408709, 37.737034 ], [ -122.408619, 37.737203 ], [ -122.408571, 37.73717 ], [ -122.408604, 37.73693 ], [ -122.40855, 37.736687 ], [ -122.408602, 37.736625 ], [ -122.408631, 37.736614 ] ] ], [ [ [ -122.407361, 37.738801 ], [ -122.407306, 37.738819 ], [ -122.407263, 37.73888 ], [ -122.407341, 37.738675 ], [ -122.407473, 37.738714 ], [ -122.407556, 37.738806 ], [ -122.407625, 37.739028 ], [ -122.407596, 37.739353 ], [ -122.407447, 37.738868 ], [ -122.407416, 37.738818 ], [ -122.407361, 37.738801 ] ] ], [ [ [ -122.409388, 37.735347 ], [ -122.409898, 37.735062 ], [ -122.409915, 37.735082 ], [ -122.4095, 37.735393 ], [ -122.408963, 37.735841 ], [ -122.408929, 37.735852 ], [ -122.408896, 37.735844 ], [ -122.408869, 37.735818 ], [ -122.409026, 37.735637 ], [ -122.409388, 37.735347 ] ] ], [ [ [ -122.399021, 37.720148 ], [ -122.398641, 37.71993 ], [ -122.398244, 37.720041 ], [ -122.398034, 37.719921 ], [ -122.398213, 37.719722 ], [ -122.39873, 37.719654 ], [ -122.399065, 37.719844 ], [ -122.399398, 37.720643 ], [ -122.399386, 37.720672 ], [ -122.399348, 37.720675 ], [ -122.399201, 37.720591 ], [ -122.399021, 37.720148 ] ] ] ] } },
{ "type": "Feature", "properties": { "land_id": "907", "land_name": "ISLAIS CREEK FACILTY", "category": "MTA", "department_name": "Municipal Transportation Agency" }, "geometry": { "type": "Polygon", "coordinates": [ [ [ -122.390569, 37.749972 ], [ -122.390359, 37.747735 ], [ -122.392555, 37.748689 ], [ -122.393116, 37.748656 ], [ -122.393128, 37.748779 ], [ -122.393098, 37.749002 ], [ -122.393032, 37.749084 ], [ -122.39281, 37.749096 ], [ -122.392869, 37.749726 ], [ -122.392214, 37.749764 ], [ -122.392224, 37.749876 ], [ -122.390569, 37.749972 ] ] ] } },
{ "type": "Feature", "properties": { "land_id": "271", "land_name": "EXCESS PROPERTY", "category": "Public Works", "department_name": "Public Works" }, "geometry": { "type": "Polygon", "coordinates": [ [ [ -122.404838, 37.790177 ], [ -122.404848, 37.790225 ], [ -122.40471, 37.790242 ], [ -122.40471, 37.790145 ], [ -122.404898, 37.790121 ], [ -122.404908, 37.790168 ], [ -122.404838, 37.790177 ] ] ] } },
{ "type": "Feature", "properties": { "land_id": "789", "land_name": "SOUTH OF MARKET LIBRARY", "category": "Public Library", "department_name": "Public Library" }, "geometry": { "type": "Polygon", "coordinates": [ [ [ -122.41373, 37.775285 ], [ -122.413365, 37.774995 ], [ -122.413644, 37.774774 ], [ -122.414008, 37.775065 ], [ -122.41373, 37.775285 ] ] ] } },
{ "type": "Feature", "properties": { "land_id": "353", "land_name": "CESAR CHAVEZ ST CIRCLE", "category": "Public Works", "department_name": "Public Works" }, "geometry": { "type": "Polygon", "coordinates": [ [ [ -122.402622, 37.748672 ], [ -122.402724, 37.748666 ], [ -122.402684, 37.748253 ], [ -122.402751, 37.748249 ], [ -122.402794, 37.748661 ], [ -122.403353, 37.748723 ], [ -122.403449, 37.74827 ], [ -122.40343, 37.748229 ], [ -122.403378, 37.748211 ], [ -122.40345, 37.748206 ], [ -122.403497, 37.748291 ], [ -122.403497, 37.748426 ], [ -122.403374, 37.749214 ], [ -122.402686, 37.749256 ], [ -122.402622, 37.748672 ] ] ] } },
{ "type": "Feature", "properties": { "land_id": "865", "land_name": "LOWELL HIGH SCHOOL", "category": "Unified School District", "department_name": "School District (SFUSD)" }, "geometry": { "type": "Polygon", "coordinates": [ [ [ -122.481341, 37.731078 ], [ -122.481288, 37.730246 ], [ -122.479917, 37.728619 ], [ -122.47996, 37.728606 ], [ -122.480135, 37.728812 ], [ -122.480203, 37.728784 ], [ -122.4806, 37.72925 ], [ -122.482928, 37.728596 ], [ -122.482513, 37.72814 ], [ -122.48207, 37.727269 ], [ -122.483511, 37.727196 ], [ -122.483599, 37.727244 ], [ -122.48367, 37.727305 ], [ -122.485272, 37.729182 ], [ -122.485474, 37.72936 ], [ -122.485737, 37.729519 ], [ -122.485654, 37.729673 ], [ -122.485483, 37.729863 ], [ -122.485202, 37.729911 ], [ -122.4848, 37.730145 ], [ -122.484434, 37.73022 ], [ -122.484461, 37.730634 ], [ -122.484395, 37.730932 ], [ -122.482439, 37.73108 ], [ -122.482043, 37.73109 ], [ -122.481341, 37.731078 ] ] ] } },
{ "type": "Feature", "properties": { "land_id": "147", "land_name": "ENTRADA COURT", "category": "Public Works", "department_name": "Public Works" }, "geometry": { "type": "Polygon", "coordinates": [ [ [ -122.468485, 37.724684 ], [ -122.468505, 37.724606 ], [ -122.468563, 37.724537 ], [ -122.468647, 37.724493 ], [ -122.468747, 37.724477 ], [ -122.468851, 37.724495 ], [ -122.468935, 37.724541 ], [ -122.468991, 37.724609 ], [ -122.469011, 37.72469 ], [ -122.46899, 37.724768 ], [ -122.468931, 37.724837 ], [ -122.468843, 37.724882 ], [ -122.468742, 37.724897 ], [ -122.468641, 37.72488 ], [ -122.468556, 37.724833 ], [ -122.468502, 37.724764 ], [ -122.468485, 37.724684 ] ] ] } },
{ "type": "Feature", "properties": { "land_id": "173", "land_name": "CITY HALL CIVIC CENTER", "category": "Real Estate", "department_name": "GSA - Real Estate Division" }, "geometry": { "type": "Polygon", "coordinates": [ [ [ -122.419716, 37.778527 ], [ -122.419985, 37.779858 ], [ -122.419889, 37.77994 ], [ -122.418819, 37.780076 ], [ -122.418742, 37.780034 ], [ -122.418466, 37.778669 ], [ -122.418523, 37.778611 ], [ -122.419597, 37.778475 ], [ -122.419716, 37.778527 ] ] ] } },
{ "type": "Feature", "properties": { "land_id": "447", "land_name": "OPEN SPACE (SE 14TH & ORTEGA AVENUES)", "category": "Recreation & Park", "department_name": "Recreation and Parks" }, "geometry": { "type": "Polygon", "coordinates": [ [ [ -122.470961, 37.754535 ], [ -122.470944, 37.754699 ], [ -122.47092, 37.754727 ], [ -122.470587, 37.754719 ], [ -122.470626, 37.754344 ], [ -122.470538, 37.75434 ], [ -122.470781, 37.753704 ], [ -122.47082, 37.753341 ], [ -122.47061, 37.752984 ], [ -122.470895, 37.752837 ], [ -122.471064, 37.753303 ], [ -122.471101, 37.753509 ], [ -122.471078, 37.753742 ], [ -122.47097, 37.754022 ], [ -122.470936, 37.754165 ], [ -122.470961, 37.754535 ] ] ] } },
{ "type": "Feature", "properties": { "land_id": "67", "land_name": "SEWARD OPEN SPACE", "category": "Recreation & Park", "department_name": "Recreation and Parks" }, "geometry": { "type": "Polygon", "coordinates": [ [ [ -122.439913, 37.757601 ], [ -122.440168, 37.757314 ], [ -122.440418, 37.75748 ], [ -122.440097, 37.757725 ], [ -122.44006, 37.7577 ], [ -122.439838, 37.757938 ], [ -122.4397, 37.757882 ], [ -122.439913, 37.757601 ] ] ] } },
{ "type": "Feature", "properties": { "land_id": "298", "land_name": "PORTOLA DR (REMAINDER)", "category": "Public Works", "department_name": "Public Works" }, "geometry": { "type": "Polygon", "coordinates": [ [ [ -122.470478, 37.735182 ], [ -122.470517, 37.73517 ], [ -122.47072, 37.73529 ], [ -122.470192, 37.735732 ], [ -122.470091, 37.735656 ], [ -122.470174, 37.735498 ], [ -122.470202, 37.735492 ], [ -122.470201, 37.735469 ], [ -122.470478, 37.735182 ] ] ] } },
{ "type": "Feature", "properties": { "land_id": "1323", "land_name": "Daggett Plaza Park", "category": "Real Estate", "department_name": "GSA - Real Estate Division" }, "geometry": { "type": "Polygon", "coordinates": [ [ [ -122.39697, 37.76653 ], [ -122.396095, 37.76722 ], [ -122.395838, 37.767015 ], [ -122.396314, 37.766639 ], [ -122.396324, 37.766569 ], [ -122.39697, 37.76653 ] ] ] } },
{ "type": "Feature", "properties": { "land_id": "265", "land_name": "SLOPE PROTECTION AT ALEMANY", "category": "Public Works", "department_name": "Public Works" }, "geometry": { "type": "MultiPolygon", "coordinates": [ [ [ [ -122.460083, 37.710024 ], [ -122.460429, 37.710153 ], [ -122.460489, 37.710089 ], [ -122.460515, 37.710014 ], [ -122.460519, 37.710245 ], [ -122.460285, 37.710262 ], [ -122.460086, 37.710201 ], [ -122.460083, 37.710024 ] ] ], [ [ [ -122.459615, 37.710098 ], [ -122.458266, 37.70993 ], [ -122.459563, 37.709949 ], [ -122.459823, 37.70997 ], [ -122.459996, 37.710002 ], [ -122.459999, 37.710174 ], [ -122.459615, 37.710098 ] ] ] ] } },
{ "type": "Feature", "properties": { "land_id": "781", "land_name": "FIRE STATION #25", "category": "Fire", "department_name": "Fire Department" }, "geometry": { "type": "Polygon", "coordinates": [ [ [ -122.387049, 37.746511 ], [ -122.38707, 37.746723 ], [ -122.386569, 37.74674 ], [ -122.386546, 37.74654 ], [ -122.387049, 37.746511 ] ] ] } },
{ "type": "Feature", "properties": { "land_id": "760", "land_name": "ALEMANY EMERG HOSP & TRTMT CTR", "category": "Health", "department_name": "Public Health" }, "geometry": { "type": "Polygon", "coordinates": [ [ [ -122.438355, 37.721171 ], [ -122.438654, 37.72129 ], [ -122.438614, 37.721303 ], [ -122.438555, 37.721402 ], [ -122.438501, 37.721438 ], [ -122.438414, 37.721442 ], [ -122.438227, 37.72137 ], [ -122.438355, 37.721171 ] ] ] } },
{ "type": "Feature", "properties": { "land_id": "1332", "land_name": "Soccer Fields/ROW - Mission Bay Blvd", "category": "49", "department_name": "Recreation and Parks" }, "geometry": { "type": "MultiPolygon", "coordinates": [ [ [ [ -122.391249, 37.771055 ], [ -122.391442, 37.770902 ], [ -122.391606, 37.771033 ], [ -122.391249, 37.771055 ] ] ], [ [ [ -122.390582, 37.770542 ], [ -122.390962, 37.770519 ], [ -122.391107, 37.770634 ], [ -122.390628, 37.771013 ], [ -122.390582, 37.770542 ] ] ], [ [ [ -122.391981, 37.771011 ], [ -122.391644, 37.770742 ], [ -122.392007, 37.770456 ], [ -122.394609, 37.7703 ], [ -122.394706, 37.770307 ], [ -122.394795, 37.770335 ], [ -122.394874, 37.770384 ], [ -122.394932, 37.770448 ], [ -122.395277, 37.770427 ], [ -122.39583, 37.770868 ], [ -122.395729, 37.77083 ], [ -122.39564, 37.770774 ], [ -122.395569, 37.770704 ], [ -122.395523, 37.77063 ], [ -122.394952, 37.770664 ], [ -122.394909, 37.770732 ], [ -122.394844, 37.770788 ], [ -122.394761, 37.770828 ], [ -122.394668, 37.770848 ], [ -122.392523, 37.770978 ], [ -122.392408, 37.770886 ], [ -122.392272, 37.770993 ], [ -122.391981, 37.771011 ] ] ] ] } }
]
}
